tender_id,honest_winner,honest_public_value,corrupt_candidate,corrupt_firm_payoff,corruption_attempted,official_accepts,corruption_accepted,award_distorted,final_winner,final_public_value,corruption_loss
1,T001_F2,88.762916362191,T001_F1,146.43736291335782,True,True,True,True,T001_F1,57.88320116247661,30.879715199714397
2,T002_F3,81.73763561620208,T002_F2,146.70300982442572,True,True,True,True,T002_F2,53.5699655473872,28.167670068814886
3,T003_F1,89.49521633984497,T003_F2,149.93558808371208,True,True,True,True,T003_F2,59.577016216462695,29.918200123382277
4,T004_F3,75.5013017809813,T004_F4,151.20418439609,True,True,True,True,T004_F4,46.13256227714013,29.368739503841162
5,T005_F2,77.49109032857028,T005_F1,139.85881241964327,True,True,True,True,T005_F1,60.97032533232995,16.52076499624033
6,T006_F3,87.75677337729995,T006_F1,154.5148414424564,True,True,True,True,T006_F1,50.730245410272246,37.026527967027704
7,T007_F2,80.20158696273118,T007_F5,157.5135527944867,True,True,True,True,T007_F5,62.31373996351829,17.887846999212897
8,T008_F4,73.56125752579891,T008_F1,129.1994998502896,True,True,True,True,T008_F1,60.85417732093396,12.707080204864951
9,T009_F1,85.89408709107789,T009_F2,133.291148163489,True,True,True,True,T009_F2,55.54466862840837,30.349418462669526
10,T010_F4,82.3318083659791,T010_F1,153.44754945271154,True,True,True,True,T010_F1,62.65714258661835,19.67466577936075
11,T011_F4,79.79573871887048,T011_F1,146.64429029447066,True,True,True,True,T011_F1,64.93733416353963,14.85840455533085
12,T012_F2,78.80343447185965,T012_F4,157.9739147285909,True,True,True,True,T012_F4,60.501099297614985,18.30233517424466
13,T013_F3,78.22727162528366,T013_F1,149.76571689296418,True,True,True,True,T013_F1,55.195710729581506,23.031560895702157
14,T014_F4,84.92883148900094,T014_F2,155.25822834924705,True,True,True,True,T014_F2,49.524869914561734,35.40396157443921
15,T015_F1,73.27854860385611,T015_F5,158.77424083519557,True,True,True,True,T015_F5,62.58268510770946,10.69586349614665
16,T016_F4,77.38859938382026,T016_F2,151.45432864735346,True,True,True,True,T016_F2,51.60182675551116,25.7867726283091
17,T017_F5,73.6656141248192,T017_F1,154.98088117229068,True,True,True,True,T017_F1,51.855596180931485,21.810017943887715
18,T018_F1,90.6470102941818,T018_F2,146.95744627777282,True,True,True,True,T018_F2,68.09006169629275,22.556948597889047
19,T019_F3,91.74920088920142,T019_F5,156.16764780254465,True,True,True,True,T019_F5,50.480872230223426,41.26832865897799
20,T020_F3,90.33874002104896,T020_F5,149.52397067177927,True,True,True,True,T020_F5,51.77009359059646,38.5686464304525
21,T021_F3,88.3302144791238,T021_F2,159.8220794702544,True,True,True,True,T021_F2,54.75145429528926,33.57876018383454
22,T022_F3,88.7545220643743,T022_F4,141.88724703871824,True,True,True,True,T022_F4,55.5577158872843,33.19680617709
23,T023_F2,83.61779799974826,T023_F5,158.80163077325156,True,True,True,True,T023_F5,57.54835712513625,26.069440874612013
24,T024_F3,77.30017923080104,T024_F2,134.68103294845253,True,True,True,True,T024_F2,56.71038121995148,20.589798010849556
25,T025_F2,80.58324784307176,T025_F4,139.1459833912619,True,True,True,True,T025_F4,56.16154053835252,24.42170730471924
26,T026_F4,76.83716658799528,T026_F1,144.20234130893323,True,True,True,True,T026_F1,67.08283785881869,9.754328729176592
27,T027_F2,80.88651234901928,T027_F1,151.3928814144735,True,True,True,True,T027_F1,47.0813938202221,33.80511852879719
28,T028_F2,80.97188066727458,T028_F1,159.34798016101632,True,True,True,True,T028_F1,57.00301406904225,23.968866598232324
29,T029_F1,80.20812797844616,T029_F5,154.573134632281,True,True,True,True,T029_F5,62.836247225828345,17.371880752617813
30,T030_F3,79.69859522848402,T030_F2,155.04026035310056,True,True,True,True,T030_F2,53.41423725714881,26.28435797133521
31,T031_F1,88.2058389534741,T031_F4,158.1889070023342,True,True,True,True,T031_F4,57.22206692428962,30.98377202918448
32,T032_F3,74.54497069480155,T032_F2,158.67501874443042,True,True,True,True,T032_F2,61.40031811281584,13.14465258198571
33,T033_F2,77.82234670653645,T033_F5,151.20068026864357,True,True,True,True,T033_F5,54.16343798804815,23.6589087184883
34,T034_F1,84.43377593178431,T034_F4,159.85480223577505,True,True,True,True,T034_F4,60.3024550146361,24.13132091714821
35,T035_F4,77.14910653908271,T035_F3,145.11778729449495,True,True,True,True,T035_F3,49.204988290667686,27.944118248415023
36,T036_F2,81.2052119970722,T036_F4,148.87830658707298,True,True,True,True,T036_F4,67.87072232210002,13.334489674972176
37,T037_F2,72.78294210079972,T037_F1,130.7639238580067,True,True,True,True,T037_F1,43.35403248565519,29.428909615144526
38,T038_F1,83.61265952099836,T038_F3,146.83486825159505,True,True,True,True,T038_F3,57.943360216711255,25.669299304287108
39,T039_F3,77.37312652706532,T039_F2,155.129391611841,True,True,True,True,T039_F2,46.71345824627397,30.65966828079135
40,T040_F1,78.68123050235555,T040_F2,159.07897201705865,True,True,True,True,T040_F2,59.073238424262,19.607992078093545
41,T041_F2,80.16865983424192,T041_F4,159.58507491583043,True,True,True,True,T041_F4,47.494814546757425,32.6738452874845
42,T042_F1,77.03087365812159,T042_F3,152.4333098742281,True,True,True,True,T042_F3,52.53819287624181,24.492680781879784
43,T043_F1,85.48018790746106,T043_F4,151.5389716334628,True,True,True,True,T043_F4,57.11254516957986,28.367642737881198
44,T044_F2,89.02329242818632,T044_F4,158.7534780224368,True,True,True,True,T044_F4,53.34628950279322,35.677002925393104
45,T045_F3,76.72141027919224,T045_F1,124.54839865748784,True,True,True,True,T045_F1,63.31621982850028,13.405190450691961
46,T046_F3,72.7923121312794,T046_F2,157.55994085813649,True,True,True,True,T046_F2,60.3348497684823,12.457462362797102
47,T047_F1,86.59938183477414,T047_F5,156.49233140428592,True,True,True,True,T047_F5,58.44849613281127,28.150885701962864
48,T048_F1,80.29727562802582,T048_F3,152.47450839133433,True,True,True,True,T048_F3,55.065336869440415,25.2319387585854
49,T049_F4,82.71068729135618,T049_F2,157.134982950741,True,True,True,True,T049_F2,64.21992924569221,18.490758045663966
50,T050_F2,87.52994036725396,T050_F1,159.3162339111746,True,True,True,True,T050_F1,63.64876314541906,23.881177221834896
51,T051_F1,76.59076779951774,T051_F3,143.5708077030341,True,True,True,True,T051_F3,56.01819811553487,20.572569683982863
52,T052_F5,80.7166455004702,T052_F1,153.5492613812396,True,True,True,True,T052_F1,65.87008453852948,14.84656096194071
53,T053_F1,81.52183866401295,T053_F5,154.61961461111514,True,True,True,True,T053_F5,49.55789283317611,31.963945830836835
54,T054_F3,83.24571633639303,T054_F1,157.17534810913392,True,True,True,True,T054_F1,51.97368595340683,31.272030382986202
55,T055_F5,92.80779288328588,T055_F2,158.6922658458737,True,True,True,True,T055_F2,60.5441605794242,32.263632303861684
56,T056_F4,81.70727611952067,T056_F3,159.916570900715,True,True,True,True,T056_F3,45.815913426753696,35.891362692766975
57,T057_F4,92.02099955674746,T057_F1,139.80719543374522,True,True,True,True,T057_F1,56.75476026950566,35.266239287241795
58,T058_F4,76.30208923616334,T058_F3,129.47544678348197,True,True,True,True,T058_F3,52.52154549695125,23.780543739212092
59,T059_F1,89.78676706960766,T059_F3,149.15199275763882,True,True,True,True,T059_F3,45.40618348159776,44.380583588009905
60,T060_F3,82.39069457984681,T060_F4,152.50505194324498,True,True,True,True,T060_F4,70.1884136367576,12.202280943089207
61,T061_F2,74.87572723905227,T061_F1,133.9852390485787,True,True,True,True,T061_F1,59.00757322599641,15.868154013055857
62,T062_F2,81.02266629407907,T062_F3,156.13251663055928,True,True,True,True,T062_F3,43.433803900943104,37.58886239313597
63,T063_F4,73.3040147643569,T063_F3,153.30192718377043,True,True,True,True,T063_F3,58.58324152113656,14.720773243220336
64,T064_F1,72.28886050715512,T064_F2,134.6116575098556,True,True,True,True,T064_F2,50.81890923534515,21.46995127180997
65,T065_F5,79.22487282621375,T065_F2,155.60616348933962,True,True,True,True,T065_F2,61.22997431103253,17.994898515181227
66,T066_F3,81.67886617493932,T066_F2,149.6073929154247,True,True,True,True,T066_F2,61.52190955855071,20.156956616388605
67,T067_F5,88.09059029276526,T067_F4,132.18927542513507,True,True,True,True,T067_F4,66.0898010119391,22.000789280826154
68,T068_F1,83.87575536115797,T068_F2,158.92865777907065,True,True,True,True,T068_F2,56.52298729962502,27.35276806153295
69,T069_F4,83.82447404478492,T069_F1,140.09984444770924,True,True,True,True,T069_F1,58.610971711685565,25.213502333099356
70,T070_F4,81.1719186568669,T070_F2,157.52245155831605,True,True,True,True,T070_F2,52.77882455349933,28.393094103367567
71,T071_F2,87.00201902307406,T071_F3,152.0381824300709,True,True,True,True,T071_F3,59.26076578046397,27.741253242610085
72,T072_F5,76.8002495912313,T072_F3,146.7921906323387,True,True,True,True,T072_F3,59.75359265322109,17.046656938010216
73,T073_F2,86.91752659543593,T073_F4,151.84820975156353,True,True,True,True,T073_F4,62.72652577315213,24.191000822283797
74,T074_F4,80.19241618890013,T074_F1,146.24639281992222,True,True,True,True,T074_F1,52.28340898739836,27.909007201501765
75,T075_F1,77.07299360998073,T075_F3,153.80532229544193,True,True,True,True,T075_F3,45.46067150835689,31.61232210162384
76,T076_F5,84.07571035513448,T076_F2,148.72737767122356,True,True,True,True,T076_F2,58.957355402248375,25.1183549528861
77,T077_F1,78.43147676166859,T077_F5,146.93267171606772,True,True,True,True,T077_F5,63.86002331220316,14.57145344946543
78,T078_F4,71.97380764086361,T078_F5,155.80020084128307,True,True,True,True,T078_F5,54.17657592909216,17.797231711771452
79,T079_F3,77.97981501063293,T079_F1,159.92977824001954,True,True,True,True,T079_F1,59.28057329660037,18.69924171403256
80,T080_F5,81.6940630363882,T080_F4,156.95761138055545,True,True,True,True,T080_F4,57.104371726128534,24.589691310259667
81,T081_F5,92.16952253900672,T081_F1,154.79711102211857,True,True,True,True,T081_F1,49.750669278911936,42.418853260094785
82,T082_F1,87.52088289959397,T082_F4,138.53514511407963,True,True,True,True,T082_F4,65.80608936836333,21.71479353123064
83,T083_F5,86.04619853117536,T083_F3,154.45629348342896,True,True,True,True,T083_F3,57.8381970191416,28.20800151203376
84,T084_F1,85.43195180874571,T084_F2,155.04373535596858,True,True,True,True,T084_F2,67.66937893730497,17.76257287144074
85,T085_F5,86.74442511613815,T085_F1,144.68625566900528,True,True,True,True,T085_F1,65.24504307497892,21.499382041159222
86,T086_F5,81.33589085644677,T086_F4,158.79871239340955,True,True,True,True,T086_F4,55.611208002992,25.724682853454766
87,T087_F3,88.52972737507409,T087_F5,153.14231025150175,True,True,True,True,T087_F5,48.974103630149656,39.55562374492443
88,T088_F5,89.75340398146463,T088_F4,153.28352170089215,True,True,True,True,T088_F4,56.79086536556929,32.96253861589534
89,T089_F2,84.32445258389319,T089_F5,142.764981625678,True,True,True,True,T089_F5,52.16062900085096,32.16382358304223
90,T090_F4,88.9125642640047,T090_F3,151.3845778393444,True,True,True,True,T090_F3,54.18021235051404,34.73235191349066
91,T091_F3,70.10849011871585,T091_F5,145.62530111107708,True,True,True,True,T091_F5,53.618498016349086,16.489992102366763
92,T092_F5,81.15009209208186,T092_F1,155.67823648994946,True,True,True,True,T092_F1,54.49107608459778,26.659016007484084
93,T093_F1,72.33538015699504,T093_F4,130.01257895880113,True,True,True,True,T093_F4,60.09672119907276,12.238658957922283
94,T094_F1,83.61057099987774,T094_F4,159.1372660907205,True,True,True,True,T094_F4,65.97971585366632,17.630855146211417
95,T095_F2,74.35884670234135,T095_F3,151.03125273528144,True,True,True,True,T095_F3,48.03752307682004,26.321323625521316
96,T096_F1,80.81455657854447,T096_F4,154.23425132772874,True,True,True,True,T096_F4,52.87067424485075,27.943882333693722
97,T097_F3,80.3645858464426,T097_F4,146.59890615332296,True,True,True,True,T097_F4,66.01100147952978,14.353584366912813
98,T098_F3,97.0569540376904,T098_F2,149.4649325610096,True,True,True,True,T098_F2,53.46894149230382,43.58801254538658
99,T099_F5,92.42877120569564,T099_F2,144.38620159396902,True,True,True,True,T099_F2,49.28014373493118,43.14862747076446
100,T100_F5,82.5506188741897,T100_F3,159.23875719742864,True,True,True,True,T100_F3,42.19144712959664,40.359171744593056
