round,regime,p,sanction,expected_penalty,official_accept_payoff,corruption_attempts,accepted_bribes,distorted_awards,honest_public_value,final_public_value,corruption_loss,all_average_propensity,eligible_average_propensity,eligible_median_propensity,all_firms_above_threshold,eligible_losing_firms_above_threshold
1,Pre-reform,0.1,100,10.0,10.0,100,100,100,8197.046436923185,5653.8787258911125,2543.1677110320725,0.525,0.53125,0.5,500,400
2,Pre-reform,0.1,100,10.0,10.0,100,100,100,8197.046436923185,5653.8787258911125,2543.1677110320725,0.54375,0.5546875,0.5,500,400
3,Pre-reform,0.1,100,10.0,10.0,100,100,100,8197.046436923185,5653.8787258911125,2543.1677110320725,0.5578125,0.572265625,0.5,500,400
4,Pre-reform,0.1,100,10.0,10.0,100,100,100,8197.046436923185,5653.8787258911125,2543.1677110320725,0.568359375,0.58544921875,0.5,500,400
5,Pre-reform,0.1,100,10.0,10.0,100,100,100,8197.046436923185,5653.8787258911125,2543.1677110320725,0.57626953125,0.5953369140625,0.5,500,400
6,Pre-reform,0.1,100,10.0,10.0,100,100,100,8197.046436923185,5653.8787258911125,2543.1677110320725,0.5822021484375,0.602752685546875,0.5,500,400
7,Pre-reform,0.1,100,10.0,10.0,100,100,100,8197.046436923185,5653.8787258911125,2543.1677110320725,0.586651611328125,0.6083145141601562,0.5,500,400
8,Pre-reform,0.1,100,10.0,10.0,100,100,100,8197.046436923185,5653.8787258911125,2543.1677110320725,0.5899887084960938,0.6124858856201172,0.5,500,400
9,Pre-reform,0.1,100,10.0,10.0,100,100,100,8197.046436923185,5653.8787258911125,2543.1677110320725,0.5924915313720703,0.6156144142150879,0.5,500,400
10,Pre-reform,0.1,100,10.0,10.0,100,100,100,8197.046436923185,5653.8787258911125,2543.1677110320725,0.5943686485290527,0.6179608106613159,0.5,500,400
11,Pre-reform,0.1,100,10.0,10.0,100,100,100,8197.046436923185,5653.8787258911125,2543.1677110320725,0.5957764863967896,0.6197206079959869,0.5,500,400
12,Pre-reform,0.1,100,10.0,10.0,100,100,100,8197.046436923185,5653.8787258911125,2543.1677110320725,0.5968323647975922,0.6210404559969902,0.5,500,400
13,Pre-reform,0.1,100,10.0,10.0,100,100,100,8197.046436923185,5653.8787258911125,2543.1677110320725,0.5976242735981941,0.6220303419977427,0.5,500,400
14,Pre-reform,0.1,100,10.0,10.0,100,100,100,8197.046436923185,5653.8787258911125,2543.1677110320725,0.5982182051986455,0.622772756498307,0.5,500,400
15,Pre-reform,0.1,100,10.0,10.0,100,100,100,8197.046436923185,5653.8787258911125,2543.1677110320725,0.5986636538989842,0.6233295673737302,0.5,500,400
16,Pre-reform,0.1,100,10.0,10.0,100,100,100,8197.046436923185,5653.8787258911125,2543.1677110320725,0.5989977404242381,0.6237471755302977,0.5,500,400
17,Pre-reform,0.1,100,10.0,10.0,100,100,100,8197.046436923185,5653.8787258911125,2543.1677110320725,0.5992483053181786,0.6240603816477233,0.5,500,400
18,Pre-reform,0.1,100,10.0,10.0,100,100,100,8197.046436923185,5653.8787258911125,2543.1677110320725,0.5994362289886339,0.6242952862357924,0.5,500,400
19,Pre-reform,0.1,100,10.0,10.0,100,100,100,8197.046436923185,5653.8787258911125,2543.1677110320725,0.5995771717414755,0.6244714646768443,0.5,500,400
20,Pre-reform,0.1,100,10.0,10.0,100,100,100,8197.046436923185,5653.8787258911125,2543.1677110320725,0.5996828788061066,0.6246035985076333,0.5,500,400
21,Pre-reform,0.1,100,10.0,10.0,100,100,100,8197.046436923185,5653.8787258911125,2543.1677110320725,0.59976215910458,0.6247026988807249,0.5,500,400
22,Pre-reform,0.1,100,10.0,10.0,100,100,100,8197.046436923185,5653.8787258911125,2543.1677110320725,0.5998216193284349,0.6247770241605437,0.5,500,400
23,Pre-reform,0.1,100,10.0,10.0,100,100,100,8197.046436923185,5653.8787258911125,2543.1677110320725,0.5998662144963262,0.6248327681204078,0.5,500,400
24,Pre-reform,0.1,100,10.0,10.0,100,100,100,8197.046436923185,5653.8787258911125,2543.1677110320725,0.5998996608722446,0.6248745760903058,0.5,500,400
25,Pre-reform,0.1,100,10.0,10.0,100,100,100,8197.046436923185,5653.8787258911125,2543.1677110320725,0.5999247456541834,0.6249059320677294,0.5,500,400
26,Pre-reform,0.1,100,10.0,10.0,100,100,100,8197.046436923185,5653.8787258911125,2543.1677110320725,0.5999435592406376,0.6249294490507971,0.5,500,400
27,Pre-reform,0.1,100,10.0,10.0,100,100,100,8197.046436923185,5653.8787258911125,2543.1677110320725,0.5999576694304782,0.6249470867880977,0.5,500,400
28,Pre-reform,0.1,100,10.0,10.0,100,100,100,8197.046436923185,5653.8787258911125,2543.1677110320725,0.5999682520728586,0.6249603150910734,0.5,500,400
29,Pre-reform,0.1,100,10.0,10.0,100,100,100,8197.046436923185,5653.8787258911125,2543.1677110320725,0.599976189054644,0.6249702363183051,0.5,500,400
30,Pre-reform,0.1,100,10.0,10.0,100,100,100,8197.046436923185,5653.8787258911125,2543.1677110320725,0.5999821417909831,0.6249776772387289,0.5,500,400
31,Pre-reform,0.1,100,10.0,10.0,100,100,100,8197.046436923185,5653.8787258911125,2543.1677110320725,0.5999866063432373,0.6249832579290466,0.5,500,400
32,Pre-reform,0.1,100,10.0,10.0,100,100,100,8197.046436923185,5653.8787258911125,2543.1677110320725,0.599989954757428,0.6249874434467849,0.5,500,400
33,Pre-reform,0.1,100,10.0,10.0,100,100,100,8197.046436923185,5653.8787258911125,2543.1677110320725,0.5999924660680709,0.6249905825850887,0.5,500,400
34,Pre-reform,0.1,100,10.0,10.0,100,100,100,8197.046436923185,5653.8787258911125,2543.1677110320725,0.5999943495510531,0.6249929369388165,0.5,500,400
35,Pre-reform,0.1,100,10.0,10.0,100,100,100,8197.046436923185,5653.8787258911125,2543.1677110320725,0.5999957621632898,0.6249947027041124,0.5,500,400
36,Pre-reform,0.1,100,10.0,10.0,100,100,100,8197.046436923185,5653.8787258911125,2543.1677110320725,0.5999968216224675,0.6249960270280843,0.5,500,400
37,Pre-reform,0.1,100,10.0,10.0,100,100,100,8197.046436923185,5653.8787258911125,2543.1677110320725,0.5999976162168505,0.6249970202710632,0.5,500,400
38,Pre-reform,0.1,100,10.0,10.0,100,100,100,8197.046436923185,5653.8787258911125,2543.1677110320725,0.5999982121626378,0.6249977652032974,0.5,500,400
39,Pre-reform,0.1,100,10.0,10.0,100,100,100,8197.046436923185,5653.8787258911125,2543.1677110320725,0.5999986591219784,0.624998323902473,0.5,500,400
40,Pre-reform,0.1,100,10.0,10.0,100,100,100,8197.046436923185,5653.8787258911125,2543.1677110320725,0.599998994341484,0.6249987429268549,0.5,500,400
41,Pre-reform,0.1,100,10.0,10.0,100,100,100,8197.046436923185,5653.8787258911125,2543.1677110320725,0.599999245756113,0.6249990571951411,0.5,500,400
42,Pre-reform,0.1,100,10.0,10.0,100,100,100,8197.046436923185,5653.8787258911125,2543.1677110320725,0.5999994343170847,0.6249992928963558,0.5,500,400
43,Pre-reform,0.1,100,10.0,10.0,100,100,100,8197.046436923185,5653.8787258911125,2543.1677110320725,0.5999995757378135,0.6249994696722669,0.5,500,400
44,Pre-reform,0.1,100,10.0,10.0,100,100,100,8197.046436923185,5653.8787258911125,2543.1677110320725,0.59999968180336,0.6249996022542001,0.5,500,400
45,Pre-reform,0.1,100,10.0,10.0,100,100,100,8197.046436923185,5653.8787258911125,2543.1677110320725,0.5999997613525202,0.6249997016906501,0.5,500,400
46,Pre-reform,0.1,100,10.0,10.0,100,100,100,8197.046436923185,5653.8787258911125,2543.1677110320725,0.59999982101439,0.6249997762679875,0.5,500,400
47,Pre-reform,0.1,100,10.0,10.0,100,100,100,8197.046436923185,5653.8787258911125,2543.1677110320725,0.5999998657607926,0.6249998322009906,0.5,500,400
48,Pre-reform,0.1,100,10.0,10.0,100,100,100,8197.046436923185,5653.8787258911125,2543.1677110320725,0.5999998993205944,0.624999874150743,0.5,500,400
49,Pre-reform,0.1,100,10.0,10.0,100,100,100,8197.046436923185,5653.8787258911125,2543.1677110320725,0.5999999244904459,0.6249999056130573,0.5,500,400
50,Pre-reform,0.1,100,10.0,10.0,100,100,100,8197.046436923185,5653.8787258911125,2543.1677110320725,0.5999999433678345,0.624999929209793,0.5,500,400
51,Post-reform,0.2,100,20.0,0.0,100,0,0,8197.046436923185,8197.046436923185,0.0,0.5530211590751992,0.5662764488439991,0.5,500,400
52,Post-reform,0.2,100,20.0,0.0,100,0,0,8197.046436923185,8197.046436923185,0.0,0.5179653311222734,0.5224566639028417,0.5,500,400
53,Post-reform,0.2,100,20.0,0.0,100,0,0,8197.046436923185,8197.046436923185,0.0,0.49112332081015425,0.48890415101269286,0.5,500,400
54,Post-reform,0.2,100,20.0,0.0,100,0,0,8197.046436923185,8197.046436923185,0.0,0.46704632982945615,0.45880791228682016,0.5,500,400
55,Post-reform,0.2,100,20.0,0.0,100,0,0,8197.046436923185,8197.046436923185,0.0,0.44374277033655823,0.4296784629206978,0.4372383750371499,500,400
56,Post-reform,0.2,100,20.0,0.0,100,0,0,8197.046436923185,8197.046436923185,0.0,0.42137780756393645,0.4017222594549207,0.38315727166651015,498,398
57,Post-reform,0.2,100,20.0,0.0,100,0,0,8197.046436923185,8197.046436923185,0.0,0.40194250986934815,0.3774281373366852,0.3718987975951904,473,373
58,Post-reform,0.2,100,20.0,0.0,100,0,0,8197.046436923185,8197.046436923185,0.0,0.38371847641648843,0.35464809552061055,0.3608366733466934,447,347
59,Post-reform,0.2,100,20.0,0.0,100,0,0,8197.046436923185,8197.046436923185,0.0,0.3659694565601444,0.3324618207001805,0.3361597039303795,419,319
60,Post-reform,0.2,100,20.0,0.0,100,0,0,8197.046436923185,8197.046436923185,0.0,0.34878413003656644,0.3109801625457081,0.295617425231224,386,286
61,Post-reform,0.2,100,20.0,0.0,76,0,0,8197.046436923185,8197.046436923185,0.0,0.33749490462472204,0.2968686307809026,0.28117492039851466,368,268
62,Post-reform,0.2,100,20.0,0.0,75,0,0,8197.046436923185,8197.046436923185,0.0,0.32738381774667885,0.28422977218334855,0.2684506617443304,334,234
63,Post-reform,0.2,100,20.0,0.0,75,0,0,8197.046436923185,8197.046436923185,0.0,0.3173488550108264,0.2716860687635329,0.2509381001069533,302,202
64,Post-reform,0.2,100,20.0,0.0,75,0,0,8197.046436923185,8197.046436923185,0.0,0.307837046656906,0.25979630832113243,0.23893640143445874,258,158
65,Post-reform,0.2,100,20.0,0.0,53,0,0,8197.046436923185,8197.046436923185,0.0,0.30158558875182095,0.2519819859397762,0.23484594932550273,235,135
66,Post-reform,0.2,100,20.0,0.0,38,0,0,8197.046436923185,8197.046436923185,0.0,0.2975219849542188,0.2469024811927735,0.23395534760239192,226,126
67,Post-reform,0.2,100,20.0,0.0,38,0,0,8197.046436923185,8197.046436923185,0.0,0.2936245743315821,0.24203071791447767,0.23145196836800133,209,109
68,Post-reform,0.2,100,20.0,0.0,37,0,0,8197.046436923185,8197.046436923185,0.0,0.29000044775913764,0.23750055969892203,0.22860311084068288,192,92
69,Post-reform,0.2,100,20.0,0.0,37,0,0,8197.046436923185,8197.046436923185,0.0,0.28643957679560184,0.23304947099450235,0.22613336523127178,172,72
70,Post-reform,0.2,100,20.0,0.0,26,0,0,8197.046436923185,8197.046436923185,0.0,0.2841201731031153,0.23015021637889418,0.22598827045820497,160,60
71,Post-reform,0.2,100,20.0,0.0,17,0,0,8197.046436923185,8197.046436923185,0.0,0.28266034115414823,0.22832542644268528,0.2254822450487407,155,55
72,Post-reform,0.2,100,20.0,0.0,17,0,0,8197.046436923185,8197.046436923185,0.0,0.2813254530830621,0.22665681635382776,0.22494603953922954,144,44
73,Post-reform,0.2,100,20.0,0.0,17,0,0,8197.046436923185,8197.046436923185,0.0,0.27998077463535564,0.22497596829419458,0.22434841125379584,132,32
74,Post-reform,0.2,100,20.0,0.0,17,0,0,8197.046436923185,8197.046436923185,0.0,0.2786925783014708,0.2233657228768385,0.22347715980315658,119,19
75,Post-reform,0.2,100,20.0,0.0,10,0,0,8197.046436923185,8197.046436923185,0.0,0.2779395361996544,0.22242442024956804,0.22347715980315658,111,11
76,Post-reform,0.2,100,20.0,0.0,5,0,0,8197.046436923185,8197.046436923185,0.0,0.2775812983726161,0.22197662296577014,0.22299320648340815,108,8
77,Post-reform,0.2,100,20.0,0.0,4,0,0,8197.046436923185,8197.046436923185,0.0,0.2773065279571551,0.22163315994644386,0.2228318721424058,106,6
78,Post-reform,0.2,100,20.0,0.0,4,0,0,8197.046436923185,8197.046436923185,0.0,0.2770320194157398,0.2212900242696748,0.2228318721424058,104,4
79,Post-reform,0.2,100,20.0,0.0,4,0,0,8197.046436923185,8197.046436923185,0.0,0.27677559422097864,0.22096949277622335,0.22269580917526685,100,0
80,Post-reform,0.2,100,20.0,0.0,0,0,0,8197.046436923185,8197.046436923185,0.0,0.27677559422097864,0.22096949277622335,0.22269580917526685,100,0
81,Post-reform,0.2,100,20.0,0.0,0,0,0,8197.046436923185,8197.046436923185,0.0,0.27677559422097864,0.22096949277622335,0.22269580917526685,100,0
82,Post-reform,0.2,100,20.0,0.0,0,0,0,8197.046436923185,8197.046436923185,0.0,0.27677559422097864,0.22096949277622335,0.22269580917526685,100,0
83,Post-reform,0.2,100,20.0,0.0,0,0,0,8197.046436923185,8197.046436923185,0.0,0.27677559422097864,0.22096949277622335,0.22269580917526685,100,0
84,Post-reform,0.2,100,20.0,0.0,0,0,0,8197.046436923185,8197.046436923185,0.0,0.27677559422097864,0.22096949277622335,0.22269580917526685,100,0
85,Post-reform,0.2,100,20.0,0.0,0,0,0,8197.046436923185,8197.046436923185,0.0,0.27677559422097864,0.22096949277622335,0.22269580917526685,100,0
86,Post-reform,0.2,100,20.0,0.0,0,0,0,8197.046436923185,8197.046436923185,0.0,0.27677559422097864,0.22096949277622335,0.22269580917526685,100,0
87,Post-reform,0.2,100,20.0,0.0,0,0,0,8197.046436923185,8197.046436923185,0.0,0.27677559422097864,0.22096949277622335,0.22269580917526685,100,0
88,Post-reform,0.2,100,20.0,0.0,0,0,0,8197.046436923185,8197.046436923185,0.0,0.27677559422097864,0.22096949277622335,0.22269580917526685,100,0
89,Post-reform,0.2,100,20.0,0.0,0,0,0,8197.046436923185,8197.046436923185,0.0,0.27677559422097864,0.22096949277622335,0.22269580917526685,100,0
90,Post-reform,0.2,100,20.0,0.0,0,0,0,8197.046436923185,8197.046436923185,0.0,0.27677559422097864,0.22096949277622335,0.22269580917526685,100,0
91,Post-reform,0.2,100,20.0,0.0,0,0,0,8197.046436923185,8197.046436923185,0.0,0.27677559422097864,0.22096949277622335,0.22269580917526685,100,0
92,Post-reform,0.2,100,20.0,0.0,0,0,0,8197.046436923185,8197.046436923185,0.0,0.27677559422097864,0.22096949277622335,0.22269580917526685,100,0
93,Post-reform,0.2,100,20.0,0.0,0,0,0,8197.046436923185,8197.046436923185,0.0,0.27677559422097864,0.22096949277622335,0.22269580917526685,100,0
94,Post-reform,0.2,100,20.0,0.0,0,0,0,8197.046436923185,8197.046436923185,0.0,0.27677559422097864,0.22096949277622335,0.22269580917526685,100,0
95,Post-reform,0.2,100,20.0,0.0,0,0,0,8197.046436923185,8197.046436923185,0.0,0.27677559422097864,0.22096949277622335,0.22269580917526685,100,0
96,Post-reform,0.2,100,20.0,0.0,0,0,0,8197.046436923185,8197.046436923185,0.0,0.27677559422097864,0.22096949277622335,0.22269580917526685,100,0
97,Post-reform,0.2,100,20.0,0.0,0,0,0,8197.046436923185,8197.046436923185,0.0,0.27677559422097864,0.22096949277622335,0.22269580917526685,100,0
98,Post-reform,0.2,100,20.0,0.0,0,0,0,8197.046436923185,8197.046436923185,0.0,0.27677559422097864,0.22096949277622335,0.22269580917526685,100,0
99,Post-reform,0.2,100,20.0,0.0,0,0,0,8197.046436923185,8197.046436923185,0.0,0.27677559422097864,0.22096949277622335,0.22269580917526685,100,0
100,Post-reform,0.2,100,20.0,0.0,0,0,0,8197.046436923185,8197.046436923185,0.0,0.27677559422097864,0.22096949277622335,0.22269580917526685,100,0
