network_id,version,eligible_suppliers,supplier_layer,customer_layer,edges,potential_suppliers,suppliers_with_clients,hhi
N01,original,200,0,1,389,200,178,0.007474177410934371
N01,original,200,1,2,398,200,174,0.0070831544657963185
N01,original,200,2,3,395,200,183,0.007005287614164397
N01,original,200,3,4,383,200,174,0.0073147952470873755
N01,pool100,100,0,1,389,200,100,0.012483396223921334
N01,pool100,100,1,2,398,200,98,0.012360798969722987
N01,pool100,100,2,3,395,200,98,0.012312129466431662
N01,pool100,100,3,4,383,200,99,0.011977721574214836
N01,pool150,150,0,1,389,200,133,0.010051479966428982
N01,pool150,150,1,2,398,200,137,0.009002297921769653
N01,pool150,150,2,3,395,200,138,0.008928056401217754
N01,pool150,150,3,4,383,200,139,0.009019081185364956
N02,original,200,0,1,403,200,173,0.007641202150127148
N02,original,200,1,2,409,200,180,0.007036065064173457
N02,original,200,2,3,411,200,170,0.007737344675913593
N02,original,200,3,4,408,200,173,0.007400999615532487
N02,pool100,100,0,1,403,200,97,0.01293647519534016
N02,pool100,100,1,2,409,200,96,0.012679264232040698
N02,pool100,100,2,3,411,200,98,0.012568005162176403
N02,pool100,100,3,4,408,200,97,0.012351018838908111
N02,pool150,150,0,1,403,200,131,0.00985782807603027
N02,pool150,150,1,2,409,200,138,0.00912835289124288
N02,pool150,150,2,3,411,200,140,0.008945009797479295
N02,pool150,150,3,4,408,200,142,0.008830738177623991
N03,original,200,0,1,395,200,169,0.0074667521230572026
N03,original,200,1,2,399,200,173,0.007996180928511756
N03,original,200,2,3,416,200,178,0.007303994082840237
N03,original,200,3,4,397,200,166,0.007861226199011478
N03,pool100,100,0,1,395,200,97,0.012953052395449447
N03,pool100,100,1,2,399,200,98,0.012518765585643306
N03,pool100,100,2,3,416,200,100,0.012354382396449703
N03,pool100,100,3,4,397,200,100,0.012759423636975046
N03,pool150,150,0,1,395,200,138,0.00929979170004807
N03,pool150,150,1,2,399,200,143,0.008913260595096765
N03,pool150,150,2,3,416,200,142,0.009002866124260355
N03,pool150,150,3,4,397,200,143,0.009003292959158424
N04,original,200,0,1,390,200,165,0.007613412228796844
N04,original,200,1,2,411,200,174,0.007512387447386648
N04,original,200,2,3,421,200,180,0.007283867728121597
N04,original,200,3,4,421,200,182,0.00723873144475601
N04,pool100,100,0,1,390,200,99,0.012176199868507561
N04,pool100,100,1,2,411,200,96,0.012852161661368332
N04,pool100,100,2,3,421,200,100,0.01163951907290074
N04,pool100,100,3,4,421,200,97,0.012982323503026952
N04,pool150,150,0,1,390,200,136,0.0094543063773833
N04,pool150,150,1,2,411,200,137,0.009004209068144281
N04,pool150,150,2,3,421,200,143,0.008716944724978984
N04,pool150,150,3,4,421,200,143,0.008637956229089206
N05,original,200,0,1,396,200,175,0.007244158759310274
N05,original,200,1,2,417,200,179,0.0073207620953596834
N05,original,200,2,3,396,200,173,0.007563003775124987
N05,original,200,3,4,390,200,173,0.0073372781065088755
N05,pool100,100,0,1,396,200,97,0.012626262626262626
N05,pool100,100,1,2,417,200,100,0.01233545537670583
N05,pool100,100,2,3,396,200,98,0.012779308233853688
N05,pool100,100,3,4,390,200,99,0.012504930966469428
N05,pool150,150,0,1,396,200,139,0.008927660442811958
N05,pool150,150,1,2,417,200,140,0.009126511740248089
N05,pool150,150,2,3,396,200,141,0.009348535863687378
N05,pool150,150,3,4,390,200,137,0.009585798816568047
N06,original,200,0,1,417,200,175,0.0073207620953596834
N06,original,200,1,2,421,200,171,0.007848071270191435
N06,original,200,2,3,396,200,174,0.007333435363738394
N06,original,200,3,4,397,200,179,0.007328261710942903
N06,pool100,100,0,1,417,200,99,0.01216293152528337
N06,pool100,100,1,2,421,200,100,0.012079597835715213
N06,pool100,100,2,3,396,200,97,0.013353229262320172
N06,pool100,100,3,4,397,200,97,0.012480251762272458
N06,pool150,150,0,1,417,200,143,0.008815968807687662
N06,pool150,150,1,2,421,200,144,0.008547683662358032
N06,pool150,150,2,3,396,200,142,0.008787368635853485
N06,pool150,150,3,4,397,200,142,0.008977913697821825
N07,original,200,0,1,396,200,176,0.007601265177022753
N07,original,200,1,2,397,200,169,0.007632812846982089
N07,original,200,2,3,414,200,173,0.007188032392821303
N07,original,200,3,4,405,200,180,0.007480566986739826
N07,pool100,100,0,1,396,200,98,0.012855831037649219
N07,pool100,100,1,2,397,200,98,0.01267059622229695
N07,pool100,100,2,3,414,200,98,0.01214730798851782
N07,pool100,100,3,4,405,200,100,0.01224813290656912
N07,pool150,150,0,1,396,200,136,0.009131721252933375
N07,pool150,150,1,2,397,200,143,0.008724121084455838
N07,pool150,150,2,3,414,200,145,0.008541622908352586
N07,pool150,150,3,4,405,200,135,0.009431489102270995
N08,original,200,0,1,413,200,170,0.007580509940258781
N08,original,200,1,2,418,200,176,0.007646345092832124
N08,original,200,2,3,415,200,173,0.007159239367106982
N08,original,200,3,4,421,200,180,0.007182311090549027
N08,pool100,100,0,1,413,200,97,0.012727986914386553
N08,pool100,100,1,2,418,200,99,0.012682859824637715
N08,pool100,100,2,3,415,200,100,0.012257221657715199
N08,pool100,100,3,4,421,200,100,0.012305279252543147
N08,pool150,150,0,1,413,200,141,0.008999290609665297
N08,pool150,150,1,2,418,200,144,0.008665094663583709
N08,pool150,150,2,3,415,200,142,0.008866308607925678
N08,pool150,150,3,4,421,200,142,0.00914573941695206
N09,original,200,0,1,402,200,171,0.00743793470458652
N09,original,200,1,2,396,200,166,0.007843587389041935
N09,original,200,2,3,411,200,169,0.007488707739120654
N09,original,200,3,4,391,200,178,0.007476403215572897
N09,pool100,100,0,1,402,200,99,0.012672953639761392
N09,pool100,100,1,2,396,200,98,0.013008876645240282
N09,pool100,100,2,3,411,200,98,0.0125798450163094
N09,pool100,100,3,4,391,200,100,0.01222519475932261
N09,pool150,150,0,1,402,200,143,0.008737407489913616
N09,pool150,150,1,2,396,200,138,0.009539842873176206
N09,pool150,150,2,3,411,200,139,0.009146287317740245
N09,pool150,150,3,4,391,200,143,0.009124744081998417
N10,original,200,0,1,400,200,170,0.0079625
N10,original,200,1,2,419,200,176,0.007535842242867152
N10,original,200,2,3,387,200,170,0.007738584086159352
N10,original,200,3,4,388,200,170,0.007718673610373047
N10,pool100,100,0,1,400,200,98,0.0128875
N10,pool100,100,1,2,419,200,98,0.012320503984370105
N10,pool100,100,2,3,387,200,98,0.011958415960579291
N10,pool100,100,3,4,388,200,97,0.012488043362737804
N10,pool150,150,0,1,400,200,140,0.0090125
N10,pool150,150,1,2,419,200,136,0.009324394370048018
N10,pool150,150,2,3,387,200,143,0.008980496631479144
N10,pool150,150,3,4,388,200,142,0.008754915506430015
N11,original,200,0,1,397,200,169,0.007911984721684676
N11,original,200,1,2,414,200,171,0.007246376811594203
N11,original,200,2,3,402,200,173,0.007413182842008861
N11,original,200,3,4,379,200,167,0.007609248055917182
N11,pool100,100,0,1,397,200,99,0.011959976904872183
N11,pool100,100,1,2,414,200,99,0.011750565940862098
N11,pool100,100,2,3,402,200,99,0.01247493873914012
N11,pool100,100,3,4,379,200,97,0.012426814071191374
N11,pool150,150,0,1,397,200,135,0.009536257447226998
N11,pool150,150,1,2,414,200,139,0.008938364956008308
N11,pool150,150,2,3,402,200,143,0.008984926115690206
N11,pool150,150,3,4,379,200,137,0.009307927402343341
N12,original,200,0,1,369,200,172,0.007322214143550649
N12,original,200,1,2,390,200,173,0.007679158448389217
N12,original,200,2,3,420,200,177,0.007380952380952381
N12,original,200,3,4,411,200,178,0.007050633136199762
N12,pool100,100,0,1,369,200,98,0.012037220643209142
N12,pool100,100,1,2,390,200,99,0.012491781722550954
N12,pool100,100,2,3,420,200,100,0.012301587301587301
N12,pool100,100,3,4,411,200,98,0.012177289975787499
N12,pool150,150,0,1,369,200,138,0.009540176702580033
N12,pool150,150,1,2,390,200,138,0.009191321499013807
N12,pool150,150,2,3,420,200,142,0.008741496598639455
N12,pool150,150,3,4,411,200,143,0.009110767755341254
N13,original,200,0,1,405,200,174,0.00723670172229843
N13,original,200,1,2,404,200,172,0.007474757376727772
N13,original,200,2,3,400,200,171,0.0071875
N13,original,200,3,4,389,200,172,0.007342008049114135
N13,pool100,100,0,1,405,200,98,0.012467611644566378
N13,pool100,100,1,2,404,200,98,0.013074698558964808
N13,pool100,100,2,3,400,200,98,0.0122125
N13,pool100,100,3,4,389,200,96,0.012879904309382042
N13,pool150,150,0,1,405,200,140,0.009431489102270995
N13,pool150,150,1,2,404,200,138,0.009349573571218508
N13,pool150,150,2,3,400,200,140,0.0090875
N13,pool150,150,3,4,389,200,140,0.009046992816595186
N14,original,200,0,1,401,200,166,0.007754926897220789
N14,original,200,1,2,397,200,171,0.007505916540299095
N14,original,200,2,3,425,200,179,0.0070145328719723185
N14,original,200,3,4,406,200,179,0.007207163483705016
N14,pool100,100,0,1,401,200,100,0.01161062431203786
N14,pool100,100,1,2,397,200,99,0.012416803608930962
N14,pool100,100,2,3,425,200,98,0.012816608996539792
N14,pool100,100,3,4,406,200,99,0.012375937295251037
N14,pool150,150,0,1,401,200,144,0.008799696519300253
N14,pool150,150,1,2,397,200,142,0.008914465544480327
N14,pool150,150,2,3,425,200,145,0.008575778546712803
N14,pool150,150,3,4,406,200,140,0.008857288456405155
N15,original,200,0,1,393,200,174,0.007283957811316357
N15,original,200,1,2,407,200,172,0.0074193022595971
N15,original,200,2,3,393,200,177,0.006934327836373172
N15,original,200,3,4,409,200,174,0.007287139603421787
N15,pool100,100,0,1,393,200,97,0.012360067077158155
N15,pool100,100,1,2,407,200,99,0.012840403503794166
N15,pool100,100,2,3,393,200,100,0.012075183393871116
N15,pool100,100,3,4,409,200,99,0.012978162493050616
N15,pool150,150,0,1,393,200,146,0.00851413735278312
N15,pool150,150,1,2,407,200,139,0.00937524524748112
N15,pool150,150,2,3,393,200,140,0.008967361394376138
N15,pool150,150,3,4,409,200,143,0.008650115673627012
N16,original,200,0,1,383,200,171,0.007710189584767774
N16,original,200,1,2,407,200,175,0.007274417593827913
N16,original,200,2,3,408,200,176,0.007148692810457516
N16,original,200,3,4,401,200,172,0.007642987294855131
N16,pool100,100,0,1,383,200,98,0.013109367437231149
N16,pool100,100,1,2,407,200,97,0.011838284565557293
N16,pool100,100,2,3,408,200,97,0.01247116493656286
N16,pool100,100,3,4,401,200,100,0.012232510991847065
N16,pool150,150,0,1,383,200,135,0.009169058347933383
N16,pool150,150,1,2,407,200,141,0.008674969362930052
N16,pool150,150,2,3,408,200,144,0.00860246059207997
N16,pool150,150,3,4,401,200,139,0.009384269998320906
N17,original,200,0,1,400,200,174,0.007075
N17,original,200,1,2,399,200,177,0.007242416818989831
N17,original,200,2,3,380,200,175,0.007479224376731302
N17,original,200,3,4,394,200,175,0.007279239351696771
N17,pool100,100,0,1,400,200,100,0.011925
N17,pool100,100,1,2,399,200,99,0.012154446266041043
N17,pool100,100,2,3,380,200,99,0.012049861495844876
N17,pool100,100,3,4,394,200,97,0.012729006158365327
N17,pool150,150,0,1,400,200,135,0.00935
N17,pool150,150,1,2,399,200,141,0.009001199741207656
N17,pool150,150,2,3,380,200,137,0.009224376731301939
N17,pool150,150,3,4,394,200,138,0.009482336571413848
N18,original,200,0,1,431,200,178,0.007488116450708168
N18,original,200,1,2,403,200,176,0.007567314619263711
N18,original,200,2,3,404,200,172,0.007364474071169493
N18,original,200,3,4,414,200,179,0.007619781091740764
N18,pool100,100,0,1,431,200,99,0.012839078170337154
N18,pool100,100,1,2,403,200,98,0.012431577067773338
N18,pool100,100,2,3,404,200,98,0.012376237623762377
N18,pool100,100,3,4,414,200,98,0.012485705617400639
N18,pool150,150,0,1,431,200,143,0.008780099159672913
N18,pool150,150,1,2,403,200,142,0.008946548528714541
N18,pool150,150,2,3,404,200,139,0.009116753259484365
N18,pool150,150,3,4,414,200,146,0.008494947373334267
N19,original,200,0,1,381,200,174,0.007267792313362404
N19,original,200,1,2,390,200,174,0.0075871137409598945
N19,original,200,2,3,385,200,176,0.007212008770450329
N19,original,200,3,4,386,200,170,0.007879406158554592
N19,pool100,100,0,1,381,200,97,0.012613580782717121
N19,pool100,100,1,2,390,200,93,0.012754766600920448
N19,pool100,100,2,3,385,200,98,0.012676673975375275
N19,pool100,100,3,4,386,200,97,0.013154715562833902
N19,pool150,150,0,1,381,200,141,0.009003795785369348
N19,pool150,150,1,2,390,200,141,0.009585798816568047
N19,pool150,150,2,3,385,200,139,0.008939112835216732
N19,pool150,150,3,4,386,200,142,0.009248570431420978
N20,original,200,0,1,401,200,174,0.007443983557316186
N20,original,200,1,2,399,200,179,0.00735548143541812
N20,original,200,2,3,386,200,170,0.007449864425890628
N20,original,200,3,4,394,200,169,0.007588445979025484
N20,pool100,100,0,1,401,200,98,0.012182760057462329
N20,pool100,100,1,2,399,200,98,0.0125815792614368
N20,pool100,100,2,3,386,200,98,0.012349324814088968
N20,pool100,100,3,4,394,200,99,0.01257440284470097
N20,pool150,150,0,1,401,200,139,0.009322081330339986
N20,pool150,150,1,2,399,200,139,0.00925245444438163
N20,pool150,150,2,3,386,200,140,0.008980106848506
N20,pool150,150,3,4,394,200,135,0.00937926769563761
