network_id,concentration_seed,pool_size,n,edges,original_mean_hhi,concentrated_mean_hhi,difference_mean_hhi
N01,9000,100,1000,1565,0.007219353684495616,0.012283511558572704,0.005064157874077088
N02,9001,100,1000,1631,0.007453902876436672,0.012633690857116343,0.005179787980679671
N03,9002,100,1000,1607,0.007657038333355168,0.012646406003629375,0.004989367670274207
N04,9003,100,1000,1643,0.007412099712265275,0.012412551026450896,0.0050004513141856215
N05,9004,100,1000,1599,0.007366300684075955,0.012561489300822893,0.005195188616746938
N06,9005,100,1000,1631,0.0074576326100581035,0.012519002596397804,0.0050613699863397005
N07,9006,100,1000,1612,0.007475669350891493,0.012480467038758276,0.0050047976878667836
N08,9007,100,1000,1667,0.007392101372686729,0.012493336912320654,0.005101235539633925
N09,9008,100,1000,1600,0.007561658262080502,0.01262171751515842,0.005060059253077918
N10,9009,100,1000,1594,0.007738899984849888,0.0124136158269218,0.004674715842071912
N11,9010,100,1000,1592,0.007545198107801231,0.012153073914016443,0.004607875806215212
N12,9011,100,1000,1590,0.007358239527273002,0.012251969910783724,0.004893730383510722
N13,9012,100,1000,1598,0.007310241787035084,0.012658678628228306,0.005348436841193222
N14,9013,100,1000,1629,0.007370634948299305,0.012304993553189912,0.004934358604890608
N15,9014,100,1000,1602,0.007231181877677104,0.012563454116968513,0.005332272239291409
N16,9015,100,1000,1599,0.007444071820977083,0.012412831982799591,0.004968760161822508
N17,9016,100,1000,1573,0.007268970136854476,0.012214578480062811,0.004945608343208335
N18,9017,100,1000,1652,0.007509921558220534,0.012533149619818378,0.005023228061597843
N19,9018,100,1000,1542,0.007486580245831805,0.012799934230461687,0.005313353984629882
N20,9019,100,1000,1580,0.007459443849412604,0.012422016744422268,0.004962572895009664
