network_id,supplier_layer,firm
N01,0,E000
N01,0,E005
N01,0,E008
N01,0,E012
N01,0,E014
N01,0,E015
N01,0,E016
N01,0,E018
N01,0,E019
N01,0,E020
N01,0,E022
N01,0,E027
N01,0,E029
N01,0,E030
N01,0,E031
N01,0,E032
N01,0,E033
N01,0,E035
N01,0,E037
N01,0,E040
N01,0,E042
N01,0,E044
N01,0,E045
N01,0,E046
N01,0,E049
N01,0,E050
N01,0,E052
N01,0,E057
N01,0,E059
N01,0,E062
N01,0,E064
N01,0,E066
N01,0,E071
N01,0,E072
N01,0,E074
N01,0,E076
N01,0,E077
N01,0,E078
N01,0,E080
N01,0,E081
N01,0,E084
N01,0,E085
N01,0,E088
N01,0,E090
N01,0,E091
N01,0,E092
N01,0,E093
N01,0,E094
N01,0,E095
N01,0,E096
N01,0,E099
N01,0,E100
N01,0,E104
N01,0,E105
N01,0,E109
N01,0,E110
N01,0,E111
N01,0,E112
N01,0,E115
N01,0,E116
N01,0,E117
N01,0,E118
N01,0,E119
N01,0,E120
N01,0,E121
N01,0,E122
N01,0,E126
N01,0,E127
N01,0,E129
N01,0,E131
N01,0,E132
N01,0,E136
N01,0,E138
N01,0,E139
N01,0,E141
N01,0,E143
N01,0,E146
N01,0,E149
N01,0,E152
N01,0,E154
N01,0,E155
N01,0,E157
N01,0,E158
N01,0,E159
N01,0,E160
N01,0,E164
N01,0,E165
N01,0,E166
N01,0,E170
N01,0,E173
N01,0,E176
N01,0,E178
N01,0,E180
N01,0,E183
N01,0,E184
N01,0,E191
N01,0,E192
N01,0,E194
N01,0,E195
N01,0,E196
N01,1,E201
N01,1,E202
N01,1,E203
N01,1,E206
N01,1,E210
N01,1,E212
N01,1,E213
N01,1,E216
N01,1,E217
N01,1,E221
N01,1,E224
N01,1,E226
N01,1,E231
N01,1,E233
N01,1,E235
N01,1,E236
N01,1,E238
N01,1,E242
N01,1,E244
N01,1,E245
N01,1,E246
N01,1,E248
N01,1,E249
N01,1,E256
N01,1,E259
N01,1,E260
N01,1,E261
N01,1,E262
N01,1,E263
N01,1,E264
N01,1,E266
N01,1,E269
N01,1,E270
N01,1,E271
N01,1,E273
N01,1,E275
N01,1,E281
N01,1,E288
N01,1,E289
N01,1,E291
N01,1,E292
N01,1,E293
N01,1,E295
N01,1,E296
N01,1,E297
N01,1,E299
N01,1,E300
N01,1,E302
N01,1,E303
N01,1,E311
N01,1,E315
N01,1,E316
N01,1,E317
N01,1,E319
N01,1,E322
N01,1,E323
N01,1,E324
N01,1,E329
N01,1,E330
N01,1,E331
N01,1,E333
N01,1,E335
N01,1,E338
N01,1,E339
N01,1,E340
N01,1,E341
N01,1,E342
N01,1,E344
N01,1,E345
N01,1,E347
N01,1,E348
N01,1,E349
N01,1,E350
N01,1,E351
N01,1,E352
N01,1,E354
N01,1,E356
N01,1,E357
N01,1,E358
N01,1,E361
N01,1,E362
N01,1,E363
N01,1,E364
N01,1,E365
N01,1,E366
N01,1,E368
N01,1,E369
N01,1,E370
N01,1,E374
N01,1,E375
N01,1,E376
N01,1,E377
N01,1,E380
N01,1,E383
N01,1,E386
N01,1,E387
N01,1,E388
N01,1,E390
N01,1,E397
N01,1,E399
N01,2,E401
N01,2,E403
N01,2,E405
N01,2,E410
N01,2,E411
N01,2,E413
N01,2,E416
N01,2,E417
N01,2,E418
N01,2,E421
N01,2,E422
N01,2,E423
N01,2,E424
N01,2,E427
N01,2,E429
N01,2,E431
N01,2,E432
N01,2,E433
N01,2,E435
N01,2,E438
N01,2,E440
N01,2,E445
N01,2,E446
N01,2,E449
N01,2,E454
N01,2,E455
N01,2,E458
N01,2,E460
N01,2,E461
N01,2,E466
N01,2,E470
N01,2,E471
N01,2,E472
N01,2,E475
N01,2,E476
N01,2,E478
N01,2,E480
N01,2,E483
N01,2,E486
N01,2,E487
N01,2,E489
N01,2,E491
N01,2,E492
N01,2,E496
N01,2,E500
N01,2,E501
N01,2,E502
N01,2,E506
N01,2,E507
N01,2,E508
N01,2,E511
N01,2,E513
N01,2,E514
N01,2,E516
N01,2,E519
N01,2,E522
N01,2,E523
N01,2,E526
N01,2,E531
N01,2,E533
N01,2,E534
N01,2,E537
N01,2,E539
N01,2,E540
N01,2,E544
N01,2,E545
N01,2,E546
N01,2,E547
N01,2,E548
N01,2,E549
N01,2,E550
N01,2,E552
N01,2,E553
N01,2,E554
N01,2,E556
N01,2,E558
N01,2,E560
N01,2,E562
N01,2,E563
N01,2,E565
N01,2,E570
N01,2,E571
N01,2,E572
N01,2,E573
N01,2,E574
N01,2,E575
N01,2,E576
N01,2,E577
N01,2,E578
N01,2,E580
N01,2,E581
N01,2,E582
N01,2,E587
N01,2,E589
N01,2,E590
N01,2,E592
N01,2,E594
N01,2,E596
N01,2,E598
N01,2,E599
N01,3,E601
N01,3,E605
N01,3,E609
N01,3,E611
N01,3,E614
N01,3,E616
N01,3,E617
N01,3,E618
N01,3,E620
N01,3,E622
N01,3,E624
N01,3,E627
N01,3,E629
N01,3,E633
N01,3,E634
N01,3,E635
N01,3,E636
N01,3,E637
N01,3,E638
N01,3,E639
N01,3,E641
N01,3,E643
N01,3,E644
N01,3,E645
N01,3,E646
N01,3,E652
N01,3,E653
N01,3,E654
N01,3,E655
N01,3,E658
N01,3,E659
N01,3,E660
N01,3,E661
N01,3,E662
N01,3,E663
N01,3,E666
N01,3,E668
N01,3,E669
N01,3,E670
N01,3,E672
N01,3,E674
N01,3,E678
N01,3,E679
N01,3,E681
N01,3,E686
N01,3,E687
N01,3,E690
N01,3,E691
N01,3,E692
N01,3,E694
N01,3,E695
N01,3,E696
N01,3,E703
N01,3,E706
N01,3,E708
N01,3,E711
N01,3,E712
N01,3,E713
N01,3,E714
N01,3,E715
N01,3,E717
N01,3,E722
N01,3,E725
N01,3,E726
N01,3,E728
N01,3,E730
N01,3,E731
N01,3,E732
N01,3,E734
N01,3,E736
N01,3,E737
N01,3,E741
N01,3,E744
N01,3,E746
N01,3,E747
N01,3,E748
N01,3,E749
N01,3,E750
N01,3,E752
N01,3,E753
N01,3,E755
N01,3,E758
N01,3,E763
N01,3,E766
N01,3,E767
N01,3,E771
N01,3,E773
N01,3,E774
N01,3,E776
N01,3,E777
N01,3,E778
N01,3,E780
N01,3,E781
N01,3,E782
N01,3,E784
N01,3,E785
N01,3,E786
N01,3,E787
N01,3,E788
N01,3,E797
N02,0,E000
N02,0,E001
N02,0,E003
N02,0,E009
N02,0,E010
N02,0,E011
N02,0,E012
N02,0,E013
N02,0,E014
N02,0,E015
N02,0,E016
N02,0,E017
N02,0,E019
N02,0,E024
N02,0,E029
N02,0,E031
N02,0,E032
N02,0,E039
N02,0,E041
N02,0,E044
N02,0,E045
N02,0,E048
N02,0,E055
N02,0,E056
N02,0,E057
N02,0,E060
N02,0,E063
N02,0,E064
N02,0,E067
N02,0,E068
N02,0,E071
N02,0,E073
N02,0,E074
N02,0,E077
N02,0,E078
N02,0,E082
N02,0,E084
N02,0,E086
N02,0,E089
N02,0,E090
N02,0,E092
N02,0,E094
N02,0,E095
N02,0,E096
N02,0,E098
N02,0,E100
N02,0,E101
N02,0,E102
N02,0,E103
N02,0,E105
N02,0,E107
N02,0,E109
N02,0,E110
N02,0,E112
N02,0,E113
N02,0,E116
N02,0,E117
N02,0,E124
N02,0,E125
N02,0,E126
N02,0,E127
N02,0,E128
N02,0,E130
N02,0,E131
N02,0,E132
N02,0,E133
N02,0,E134
N02,0,E135
N02,0,E137
N02,0,E138
N02,0,E141
N02,0,E142
N02,0,E144
N02,0,E145
N02,0,E150
N02,0,E154
N02,0,E155
N02,0,E157
N02,0,E159
N02,0,E161
N02,0,E162
N02,0,E165
N02,0,E167
N02,0,E168
N02,0,E169
N02,0,E170
N02,0,E172
N02,0,E173
N02,0,E175
N02,0,E179
N02,0,E181
N02,0,E182
N02,0,E183
N02,0,E184
N02,0,E188
N02,0,E191
N02,0,E192
N02,0,E196
N02,0,E197
N02,0,E198
N02,1,E202
N02,1,E203
N02,1,E204
N02,1,E205
N02,1,E208
N02,1,E212
N02,1,E213
N02,1,E215
N02,1,E216
N02,1,E222
N02,1,E225
N02,1,E226
N02,1,E228
N02,1,E233
N02,1,E234
N02,1,E235
N02,1,E236
N02,1,E238
N02,1,E239
N02,1,E241
N02,1,E242
N02,1,E243
N02,1,E244
N02,1,E246
N02,1,E248
N02,1,E250
N02,1,E251
N02,1,E252
N02,1,E253
N02,1,E256
N02,1,E258
N02,1,E259
N02,1,E261
N02,1,E262
N02,1,E265
N02,1,E266
N02,1,E267
N02,1,E268
N02,1,E270
N02,1,E274
N02,1,E275
N02,1,E279
N02,1,E280
N02,1,E283
N02,1,E285
N02,1,E286
N02,1,E288
N02,1,E289
N02,1,E292
N02,1,E294
N02,1,E295
N02,1,E296
N02,1,E301
N02,1,E304
N02,1,E305
N02,1,E307
N02,1,E308
N02,1,E309
N02,1,E312
N02,1,E316
N02,1,E320
N02,1,E322
N02,1,E325
N02,1,E327
N02,1,E330
N02,1,E332
N02,1,E333
N02,1,E334
N02,1,E335
N02,1,E340
N02,1,E341
N02,1,E344
N02,1,E345
N02,1,E346
N02,1,E351
N02,1,E352
N02,1,E353
N02,1,E356
N02,1,E358
N02,1,E360
N02,1,E361
N02,1,E362
N02,1,E363
N02,1,E364
N02,1,E367
N02,1,E368
N02,1,E369
N02,1,E370
N02,1,E376
N02,1,E377
N02,1,E379
N02,1,E380
N02,1,E382
N02,1,E387
N02,1,E389
N02,1,E391
N02,1,E393
N02,1,E395
N02,1,E396
N02,1,E398
N02,2,E400
N02,2,E401
N02,2,E403
N02,2,E405
N02,2,E406
N02,2,E409
N02,2,E411
N02,2,E415
N02,2,E416
N02,2,E417
N02,2,E418
N02,2,E421
N02,2,E422
N02,2,E425
N02,2,E426
N02,2,E427
N02,2,E437
N02,2,E439
N02,2,E440
N02,2,E441
N02,2,E444
N02,2,E445
N02,2,E447
N02,2,E448
N02,2,E450
N02,2,E451
N02,2,E452
N02,2,E454
N02,2,E457
N02,2,E458
N02,2,E460
N02,2,E462
N02,2,E468
N02,2,E469
N02,2,E471
N02,2,E472
N02,2,E473
N02,2,E474
N02,2,E475
N02,2,E478
N02,2,E479
N02,2,E480
N02,2,E481
N02,2,E491
N02,2,E492
N02,2,E493
N02,2,E495
N02,2,E496
N02,2,E497
N02,2,E498
N02,2,E501
N02,2,E502
N02,2,E503
N02,2,E505
N02,2,E506
N02,2,E508
N02,2,E509
N02,2,E510
N02,2,E511
N02,2,E515
N02,2,E516
N02,2,E517
N02,2,E518
N02,2,E520
N02,2,E524
N02,2,E525
N02,2,E526
N02,2,E529
N02,2,E531
N02,2,E535
N02,2,E537
N02,2,E538
N02,2,E539
N02,2,E540
N02,2,E541
N02,2,E542
N02,2,E543
N02,2,E544
N02,2,E546
N02,2,E547
N02,2,E548
N02,2,E549
N02,2,E550
N02,2,E559
N02,2,E563
N02,2,E565
N02,2,E567
N02,2,E568
N02,2,E569
N02,2,E575
N02,2,E577
N02,2,E582
N02,2,E585
N02,2,E587
N02,2,E589
N02,2,E592
N02,2,E594
N02,2,E596
N02,2,E597
N02,2,E599
N02,3,E600
N02,3,E604
N02,3,E607
N02,3,E610
N02,3,E611
N02,3,E613
N02,3,E614
N02,3,E615
N02,3,E617
N02,3,E624
N02,3,E627
N02,3,E631
N02,3,E632
N02,3,E633
N02,3,E639
N02,3,E640
N02,3,E641
N02,3,E649
N02,3,E651
N02,3,E653
N02,3,E654
N02,3,E655
N02,3,E657
N02,3,E661
N02,3,E663
N02,3,E666
N02,3,E667
N02,3,E668
N02,3,E671
N02,3,E673
N02,3,E675
N02,3,E676
N02,3,E678
N02,3,E680
N02,3,E681
N02,3,E684
N02,3,E686
N02,3,E687
N02,3,E688
N02,3,E689
N02,3,E692
N02,3,E693
N02,3,E696
N02,3,E697
N02,3,E702
N02,3,E703
N02,3,E705
N02,3,E706
N02,3,E707
N02,3,E708
N02,3,E709
N02,3,E712
N02,3,E715
N02,3,E716
N02,3,E718
N02,3,E721
N02,3,E722
N02,3,E723
N02,3,E724
N02,3,E725
N02,3,E727
N02,3,E730
N02,3,E731
N02,3,E732
N02,3,E734
N02,3,E735
N02,3,E736
N02,3,E738
N02,3,E741
N02,3,E742
N02,3,E743
N02,3,E744
N02,3,E745
N02,3,E746
N02,3,E748
N02,3,E749
N02,3,E750
N02,3,E751
N02,3,E752
N02,3,E753
N02,3,E756
N02,3,E760
N02,3,E762
N02,3,E764
N02,3,E765
N02,3,E766
N02,3,E769
N02,3,E770
N02,3,E771
N02,3,E779
N02,3,E781
N02,3,E783
N02,3,E786
N02,3,E790
N02,3,E791
N02,3,E792
N02,3,E793
N02,3,E795
N02,3,E796
N02,3,E798
N03,0,E000
N03,0,E003
N03,0,E006
N03,0,E008
N03,0,E009
N03,0,E012
N03,0,E013
N03,0,E014
N03,0,E015
N03,0,E016
N03,0,E018
N03,0,E020
N03,0,E022
N03,0,E025
N03,0,E027
N03,0,E036
N03,0,E038
N03,0,E042
N03,0,E044
N03,0,E045
N03,0,E046
N03,0,E047
N03,0,E048
N03,0,E050
N03,0,E051
N03,0,E055
N03,0,E056
N03,0,E058
N03,0,E060
N03,0,E062
N03,0,E064
N03,0,E066
N03,0,E070
N03,0,E071
N03,0,E077
N03,0,E081
N03,0,E083
N03,0,E085
N03,0,E087
N03,0,E088
N03,0,E089
N03,0,E090
N03,0,E091
N03,0,E092
N03,0,E093
N03,0,E094
N03,0,E095
N03,0,E096
N03,0,E097
N03,0,E100
N03,0,E103
N03,0,E106
N03,0,E108
N03,0,E111
N03,0,E112
N03,0,E114
N03,0,E115
N03,0,E117
N03,0,E120
N03,0,E121
N03,0,E122
N03,0,E130
N03,0,E132
N03,0,E133
N03,0,E135
N03,0,E136
N03,0,E138
N03,0,E141
N03,0,E144
N03,0,E147
N03,0,E148
N03,0,E153
N03,0,E154
N03,0,E155
N03,0,E159
N03,0,E160
N03,0,E161
N03,0,E162
N03,0,E163
N03,0,E164
N03,0,E165
N03,0,E167
N03,0,E170
N03,0,E174
N03,0,E175
N03,0,E176
N03,0,E177
N03,0,E180
N03,0,E181
N03,0,E182
N03,0,E183
N03,0,E184
N03,0,E187
N03,0,E188
N03,0,E190
N03,0,E192
N03,0,E193
N03,0,E194
N03,0,E196
N03,0,E198
N03,1,E200
N03,1,E204
N03,1,E205
N03,1,E207
N03,1,E208
N03,1,E209
N03,1,E210
N03,1,E212
N03,1,E220
N03,1,E221
N03,1,E222
N03,1,E223
N03,1,E224
N03,1,E226
N03,1,E227
N03,1,E229
N03,1,E230
N03,1,E232
N03,1,E235
N03,1,E236
N03,1,E237
N03,1,E238
N03,1,E239
N03,1,E242
N03,1,E244
N03,1,E245
N03,1,E246
N03,1,E248
N03,1,E251
N03,1,E252
N03,1,E254
N03,1,E257
N03,1,E258
N03,1,E261
N03,1,E263
N03,1,E264
N03,1,E267
N03,1,E268
N03,1,E269
N03,1,E270
N03,1,E271
N03,1,E272
N03,1,E275
N03,1,E280
N03,1,E281
N03,1,E282
N03,1,E283
N03,1,E286
N03,1,E294
N03,1,E297
N03,1,E299
N03,1,E300
N03,1,E301
N03,1,E302
N03,1,E303
N03,1,E304
N03,1,E305
N03,1,E306
N03,1,E308
N03,1,E309
N03,1,E310
N03,1,E311
N03,1,E312
N03,1,E313
N03,1,E317
N03,1,E318
N03,1,E320
N03,1,E322
N03,1,E323
N03,1,E324
N03,1,E328
N03,1,E330
N03,1,E332
N03,1,E334
N03,1,E335
N03,1,E339
N03,1,E340
N03,1,E341
N03,1,E342
N03,1,E343
N03,1,E345
N03,1,E346
N03,1,E347
N03,1,E349
N03,1,E351
N03,1,E357
N03,1,E358
N03,1,E359
N03,1,E361
N03,1,E366
N03,1,E370
N03,1,E371
N03,1,E378
N03,1,E379
N03,1,E383
N03,1,E389
N03,1,E391
N03,1,E393
N03,1,E396
N03,1,E399
N03,2,E400
N03,2,E401
N03,2,E402
N03,2,E403
N03,2,E404
N03,2,E406
N03,2,E407
N03,2,E410
N03,2,E413
N03,2,E415
N03,2,E416
N03,2,E418
N03,2,E420
N03,2,E421
N03,2,E424
N03,2,E425
N03,2,E427
N03,2,E430
N03,2,E431
N03,2,E432
N03,2,E438
N03,2,E440
N03,2,E442
N03,2,E443
N03,2,E445
N03,2,E451
N03,2,E457
N03,2,E459
N03,2,E460
N03,2,E461
N03,2,E462
N03,2,E466
N03,2,E467
N03,2,E468
N03,2,E469
N03,2,E470
N03,2,E471
N03,2,E475
N03,2,E477
N03,2,E485
N03,2,E488
N03,2,E490
N03,2,E491
N03,2,E492
N03,2,E493
N03,2,E494
N03,2,E496
N03,2,E497
N03,2,E499
N03,2,E500
N03,2,E502
N03,2,E503
N03,2,E505
N03,2,E509
N03,2,E510
N03,2,E512
N03,2,E515
N03,2,E516
N03,2,E517
N03,2,E523
N03,2,E524
N03,2,E526
N03,2,E527
N03,2,E528
N03,2,E529
N03,2,E533
N03,2,E535
N03,2,E538
N03,2,E539
N03,2,E540
N03,2,E541
N03,2,E543
N03,2,E545
N03,2,E546
N03,2,E550
N03,2,E552
N03,2,E553
N03,2,E555
N03,2,E556
N03,2,E557
N03,2,E558
N03,2,E561
N03,2,E570
N03,2,E571
N03,2,E572
N03,2,E573
N03,2,E575
N03,2,E576
N03,2,E577
N03,2,E580
N03,2,E582
N03,2,E585
N03,2,E586
N03,2,E588
N03,2,E589
N03,2,E591
N03,2,E592
N03,2,E594
N03,2,E595
N03,2,E599
N03,3,E605
N03,3,E606
N03,3,E607
N03,3,E608
N03,3,E610
N03,3,E611
N03,3,E612
N03,3,E614
N03,3,E615
N03,3,E616
N03,3,E619
N03,3,E620
N03,3,E622
N03,3,E625
N03,3,E626
N03,3,E627
N03,3,E629
N03,3,E630
N03,3,E631
N03,3,E633
N03,3,E634
N03,3,E635
N03,3,E637
N03,3,E638
N03,3,E640
N03,3,E642
N03,3,E643
N03,3,E645
N03,3,E646
N03,3,E648
N03,3,E652
N03,3,E653
N03,3,E657
N03,3,E660
N03,3,E662
N03,3,E665
N03,3,E667
N03,3,E669
N03,3,E670
N03,3,E672
N03,3,E674
N03,3,E677
N03,3,E678
N03,3,E682
N03,3,E686
N03,3,E687
N03,3,E688
N03,3,E690
N03,3,E691
N03,3,E692
N03,3,E695
N03,3,E698
N03,3,E699
N03,3,E701
N03,3,E706
N03,3,E707
N03,3,E709
N03,3,E714
N03,3,E717
N03,3,E719
N03,3,E720
N03,3,E721
N03,3,E725
N03,3,E726
N03,3,E727
N03,3,E732
N03,3,E735
N03,3,E737
N03,3,E738
N03,3,E739
N03,3,E741
N03,3,E744
N03,3,E745
N03,3,E746
N03,3,E748
N03,3,E752
N03,3,E754
N03,3,E756
N03,3,E760
N03,3,E763
N03,3,E764
N03,3,E766
N03,3,E767
N03,3,E770
N03,3,E772
N03,3,E773
N03,3,E775
N03,3,E776
N03,3,E782
N03,3,E783
N03,3,E784
N03,3,E786
N03,3,E788
N03,3,E789
N03,3,E792
N03,3,E794
N03,3,E796
N03,3,E797
N03,3,E798
N03,3,E799
N04,0,E000
N04,0,E004
N04,0,E006
N04,0,E007
N04,0,E008
N04,0,E009
N04,0,E011
N04,0,E013
N04,0,E015
N04,0,E016
N04,0,E017
N04,0,E022
N04,0,E024
N04,0,E025
N04,0,E027
N04,0,E030
N04,0,E031
N04,0,E034
N04,0,E037
N04,0,E041
N04,0,E042
N04,0,E043
N04,0,E044
N04,0,E045
N04,0,E046
N04,0,E047
N04,0,E051
N04,0,E054
N04,0,E058
N04,0,E060
N04,0,E063
N04,0,E068
N04,0,E071
N04,0,E073
N04,0,E077
N04,0,E079
N04,0,E082
N04,0,E084
N04,0,E086
N04,0,E088
N04,0,E090
N04,0,E092
N04,0,E094
N04,0,E095
N04,0,E098
N04,0,E100
N04,0,E101
N04,0,E102
N04,0,E103
N04,0,E111
N04,0,E114
N04,0,E118
N04,0,E119
N04,0,E120
N04,0,E122
N04,0,E127
N04,0,E128
N04,0,E132
N04,0,E134
N04,0,E135
N04,0,E137
N04,0,E139
N04,0,E141
N04,0,E143
N04,0,E144
N04,0,E145
N04,0,E146
N04,0,E147
N04,0,E149
N04,0,E150
N04,0,E151
N04,0,E152
N04,0,E153
N04,0,E155
N04,0,E156
N04,0,E157
N04,0,E160
N04,0,E161
N04,0,E164
N04,0,E165
N04,0,E167
N04,0,E170
N04,0,E171
N04,0,E172
N04,0,E174
N04,0,E176
N04,0,E180
N04,0,E183
N04,0,E184
N04,0,E185
N04,0,E189
N04,0,E190
N04,0,E191
N04,0,E192
N04,0,E193
N04,0,E194
N04,0,E195
N04,0,E196
N04,0,E197
N04,0,E199
N04,1,E200
N04,1,E201
N04,1,E202
N04,1,E203
N04,1,E204
N04,1,E206
N04,1,E209
N04,1,E210
N04,1,E211
N04,1,E214
N04,1,E215
N04,1,E216
N04,1,E217
N04,1,E221
N04,1,E224
N04,1,E227
N04,1,E228
N04,1,E231
N04,1,E235
N04,1,E236
N04,1,E238
N04,1,E240
N04,1,E242
N04,1,E243
N04,1,E244
N04,1,E245
N04,1,E246
N04,1,E249
N04,1,E253
N04,1,E254
N04,1,E255
N04,1,E256
N04,1,E262
N04,1,E263
N04,1,E265
N04,1,E266
N04,1,E269
N04,1,E270
N04,1,E272
N04,1,E279
N04,1,E280
N04,1,E281
N04,1,E287
N04,1,E290
N04,1,E291
N04,1,E292
N04,1,E293
N04,1,E295
N04,1,E298
N04,1,E299
N04,1,E301
N04,1,E302
N04,1,E305
N04,1,E306
N04,1,E308
N04,1,E309
N04,1,E312
N04,1,E316
N04,1,E317
N04,1,E319
N04,1,E320
N04,1,E322
N04,1,E324
N04,1,E326
N04,1,E329
N04,1,E330
N04,1,E332
N04,1,E334
N04,1,E335
N04,1,E336
N04,1,E337
N04,1,E339
N04,1,E342
N04,1,E343
N04,1,E345
N04,1,E346
N04,1,E348
N04,1,E353
N04,1,E354
N04,1,E355
N04,1,E359
N04,1,E361
N04,1,E363
N04,1,E368
N04,1,E370
N04,1,E371
N04,1,E372
N04,1,E373
N04,1,E374
N04,1,E376
N04,1,E377
N04,1,E378
N04,1,E385
N04,1,E388
N04,1,E390
N04,1,E392
N04,1,E393
N04,1,E394
N04,1,E395
N04,1,E396
N04,2,E401
N04,2,E403
N04,2,E404
N04,2,E406
N04,2,E409
N04,2,E410
N04,2,E412
N04,2,E417
N04,2,E418
N04,2,E419
N04,2,E421
N04,2,E423
N04,2,E425
N04,2,E426
N04,2,E427
N04,2,E428
N04,2,E429
N04,2,E433
N04,2,E434
N04,2,E435
N04,2,E437
N04,2,E439
N04,2,E442
N04,2,E443
N04,2,E445
N04,2,E449
N04,2,E452
N04,2,E453
N04,2,E454
N04,2,E457
N04,2,E458
N04,2,E461
N04,2,E462
N04,2,E463
N04,2,E465
N04,2,E466
N04,2,E468
N04,2,E469
N04,2,E472
N04,2,E473
N04,2,E474
N04,2,E475
N04,2,E477
N04,2,E480
N04,2,E482
N04,2,E487
N04,2,E488
N04,2,E490
N04,2,E492
N04,2,E494
N04,2,E495
N04,2,E497
N04,2,E499
N04,2,E500
N04,2,E501
N04,2,E503
N04,2,E505
N04,2,E506
N04,2,E508
N04,2,E510
N04,2,E513
N04,2,E514
N04,2,E515
N04,2,E517
N04,2,E521
N04,2,E524
N04,2,E525
N04,2,E529
N04,2,E532
N04,2,E535
N04,2,E541
N04,2,E546
N04,2,E548
N04,2,E551
N04,2,E552
N04,2,E554
N04,2,E555
N04,2,E558
N04,2,E559
N04,2,E561
N04,2,E562
N04,2,E563
N04,2,E564
N04,2,E566
N04,2,E569
N04,2,E570
N04,2,E571
N04,2,E574
N04,2,E575
N04,2,E577
N04,2,E580
N04,2,E585
N04,2,E587
N04,2,E589
N04,2,E590
N04,2,E591
N04,2,E595
N04,2,E596
N04,2,E598
N04,2,E599
N04,3,E600
N04,3,E603
N04,3,E604
N04,3,E605
N04,3,E607
N04,3,E608
N04,3,E609
N04,3,E610
N04,3,E612
N04,3,E615
N04,3,E617
N04,3,E619
N04,3,E620
N04,3,E623
N04,3,E625
N04,3,E626
N04,3,E627
N04,3,E628
N04,3,E629
N04,3,E634
N04,3,E635
N04,3,E637
N04,3,E638
N04,3,E639
N04,3,E645
N04,3,E646
N04,3,E647
N04,3,E648
N04,3,E653
N04,3,E657
N04,3,E658
N04,3,E660
N04,3,E661
N04,3,E662
N04,3,E663
N04,3,E664
N04,3,E665
N04,3,E668
N04,3,E669
N04,3,E672
N04,3,E673
N04,3,E677
N04,3,E678
N04,3,E679
N04,3,E680
N04,3,E681
N04,3,E683
N04,3,E688
N04,3,E692
N04,3,E694
N04,3,E695
N04,3,E698
N04,3,E699
N04,3,E700
N04,3,E701
N04,3,E703
N04,3,E704
N04,3,E705
N04,3,E706
N04,3,E707
N04,3,E710
N04,3,E714
N04,3,E718
N04,3,E721
N04,3,E722
N04,3,E723
N04,3,E726
N04,3,E727
N04,3,E730
N04,3,E733
N04,3,E736
N04,3,E737
N04,3,E738
N04,3,E739
N04,3,E744
N04,3,E746
N04,3,E749
N04,3,E752
N04,3,E756
N04,3,E758
N04,3,E762
N04,3,E763
N04,3,E767
N04,3,E771
N04,3,E772
N04,3,E773
N04,3,E774
N04,3,E775
N04,3,E776
N04,3,E781
N04,3,E782
N04,3,E783
N04,3,E784
N04,3,E785
N04,3,E787
N04,3,E788
N04,3,E789
N04,3,E790
N04,3,E798
N04,3,E799
N05,0,E000
N05,0,E003
N05,0,E004
N05,0,E005
N05,0,E006
N05,0,E008
N05,0,E009
N05,0,E011
N05,0,E014
N05,0,E017
N05,0,E018
N05,0,E019
N05,0,E020
N05,0,E028
N05,0,E029
N05,0,E030
N05,0,E032
N05,0,E033
N05,0,E034
N05,0,E035
N05,0,E036
N05,0,E037
N05,0,E038
N05,0,E039
N05,0,E041
N05,0,E043
N05,0,E047
N05,0,E048
N05,0,E050
N05,0,E055
N05,0,E056
N05,0,E059
N05,0,E060
N05,0,E061
N05,0,E062
N05,0,E064
N05,0,E066
N05,0,E068
N05,0,E069
N05,0,E070
N05,0,E071
N05,0,E073
N05,0,E076
N05,0,E080
N05,0,E081
N05,0,E086
N05,0,E088
N05,0,E089
N05,0,E090
N05,0,E093
N05,0,E097
N05,0,E098
N05,0,E102
N05,0,E104
N05,0,E105
N05,0,E107
N05,0,E108
N05,0,E109
N05,0,E110
N05,0,E113
N05,0,E116
N05,0,E117
N05,0,E120
N05,0,E121
N05,0,E124
N05,0,E125
N05,0,E126
N05,0,E129
N05,0,E130
N05,0,E131
N05,0,E132
N05,0,E133
N05,0,E138
N05,0,E139
N05,0,E140
N05,0,E141
N05,0,E142
N05,0,E144
N05,0,E146
N05,0,E148
N05,0,E149
N05,0,E150
N05,0,E151
N05,0,E153
N05,0,E155
N05,0,E157
N05,0,E158
N05,0,E162
N05,0,E164
N05,0,E165
N05,0,E166
N05,0,E168
N05,0,E173
N05,0,E174
N05,0,E179
N05,0,E186
N05,0,E192
N05,0,E194
N05,0,E195
N05,0,E199
N05,1,E200
N05,1,E202
N05,1,E203
N05,1,E204
N05,1,E207
N05,1,E208
N05,1,E212
N05,1,E216
N05,1,E217
N05,1,E218
N05,1,E220
N05,1,E224
N05,1,E225
N05,1,E226
N05,1,E228
N05,1,E229
N05,1,E231
N05,1,E233
N05,1,E236
N05,1,E237
N05,1,E239
N05,1,E241
N05,1,E248
N05,1,E250
N05,1,E251
N05,1,E255
N05,1,E257
N05,1,E258
N05,1,E263
N05,1,E264
N05,1,E267
N05,1,E268
N05,1,E273
N05,1,E274
N05,1,E275
N05,1,E276
N05,1,E277
N05,1,E282
N05,1,E283
N05,1,E284
N05,1,E285
N05,1,E289
N05,1,E290
N05,1,E291
N05,1,E293
N05,1,E295
N05,1,E296
N05,1,E297
N05,1,E303
N05,1,E305
N05,1,E306
N05,1,E307
N05,1,E308
N05,1,E309
N05,1,E310
N05,1,E312
N05,1,E315
N05,1,E316
N05,1,E317
N05,1,E318
N05,1,E319
N05,1,E320
N05,1,E322
N05,1,E323
N05,1,E326
N05,1,E328
N05,1,E329
N05,1,E331
N05,1,E333
N05,1,E337
N05,1,E342
N05,1,E344
N05,1,E345
N05,1,E347
N05,1,E348
N05,1,E354
N05,1,E356
N05,1,E357
N05,1,E359
N05,1,E361
N05,1,E362
N05,1,E366
N05,1,E367
N05,1,E368
N05,1,E370
N05,1,E371
N05,1,E375
N05,1,E376
N05,1,E377
N05,1,E379
N05,1,E382
N05,1,E383
N05,1,E386
N05,1,E388
N05,1,E391
N05,1,E392
N05,1,E394
N05,1,E396
N05,1,E397
N05,1,E399
N05,2,E406
N05,2,E407
N05,2,E409
N05,2,E412
N05,2,E414
N05,2,E418
N05,2,E419
N05,2,E422
N05,2,E423
N05,2,E424
N05,2,E425
N05,2,E426
N05,2,E427
N05,2,E428
N05,2,E429
N05,2,E430
N05,2,E432
N05,2,E435
N05,2,E439
N05,2,E440
N05,2,E441
N05,2,E442
N05,2,E451
N05,2,E452
N05,2,E453
N05,2,E454
N05,2,E455
N05,2,E457
N05,2,E458
N05,2,E459
N05,2,E460
N05,2,E461
N05,2,E462
N05,2,E463
N05,2,E466
N05,2,E470
N05,2,E471
N05,2,E472
N05,2,E476
N05,2,E477
N05,2,E479
N05,2,E481
N05,2,E482
N05,2,E483
N05,2,E486
N05,2,E487
N05,2,E492
N05,2,E495
N05,2,E497
N05,2,E498
N05,2,E499
N05,2,E501
N05,2,E505
N05,2,E509
N05,2,E510
N05,2,E513
N05,2,E514
N05,2,E515
N05,2,E518
N05,2,E520
N05,2,E524
N05,2,E525
N05,2,E527
N05,2,E530
N05,2,E533
N05,2,E534
N05,2,E538
N05,2,E539
N05,2,E541
N05,2,E542
N05,2,E545
N05,2,E546
N05,2,E547
N05,2,E548
N05,2,E549
N05,2,E554
N05,2,E557
N05,2,E561
N05,2,E562
N05,2,E564
N05,2,E565
N05,2,E567
N05,2,E568
N05,2,E570
N05,2,E571
N05,2,E573
N05,2,E574
N05,2,E575
N05,2,E578
N05,2,E580
N05,2,E583
N05,2,E584
N05,2,E586
N05,2,E588
N05,2,E591
N05,2,E592
N05,2,E593
N05,2,E595
N05,2,E597
N05,2,E598
N05,3,E600
N05,3,E602
N05,3,E604
N05,3,E606
N05,3,E607
N05,3,E610
N05,3,E611
N05,3,E612
N05,3,E613
N05,3,E614
N05,3,E617
N05,3,E618
N05,3,E619
N05,3,E620
N05,3,E622
N05,3,E623
N05,3,E632
N05,3,E633
N05,3,E634
N05,3,E637
N05,3,E639
N05,3,E640
N05,3,E641
N05,3,E642
N05,3,E645
N05,3,E646
N05,3,E647
N05,3,E648
N05,3,E650
N05,3,E653
N05,3,E654
N05,3,E660
N05,3,E661
N05,3,E663
N05,3,E665
N05,3,E667
N05,3,E668
N05,3,E669
N05,3,E673
N05,3,E675
N05,3,E678
N05,3,E679
N05,3,E680
N05,3,E681
N05,3,E685
N05,3,E686
N05,3,E687
N05,3,E688
N05,3,E691
N05,3,E692
N05,3,E695
N05,3,E696
N05,3,E697
N05,3,E699
N05,3,E701
N05,3,E702
N05,3,E703
N05,3,E704
N05,3,E707
N05,3,E709
N05,3,E711
N05,3,E712
N05,3,E716
N05,3,E719
N05,3,E720
N05,3,E723
N05,3,E726
N05,3,E727
N05,3,E729
N05,3,E730
N05,3,E737
N05,3,E738
N05,3,E742
N05,3,E743
N05,3,E744
N05,3,E745
N05,3,E746
N05,3,E748
N05,3,E750
N05,3,E752
N05,3,E755
N05,3,E758
N05,3,E759
N05,3,E761
N05,3,E769
N05,3,E770
N05,3,E771
N05,3,E772
N05,3,E773
N05,3,E774
N05,3,E775
N05,3,E776
N05,3,E777
N05,3,E779
N05,3,E784
N05,3,E788
N05,3,E789
N05,3,E792
N05,3,E793
N05,3,E799
N06,0,E001
N06,0,E002
N06,0,E003
N06,0,E004
N06,0,E005
N06,0,E007
N06,0,E009
N06,0,E010
N06,0,E012
N06,0,E015
N06,0,E016
N06,0,E020
N06,0,E021
N06,0,E022
N06,0,E024
N06,0,E027
N06,0,E028
N06,0,E029
N06,0,E030
N06,0,E031
N06,0,E032
N06,0,E033
N06,0,E036
N06,0,E038
N06,0,E039
N06,0,E040
N06,0,E045
N06,0,E048
N06,0,E051
N06,0,E052
N06,0,E053
N06,0,E054
N06,0,E056
N06,0,E057
N06,0,E058
N06,0,E059
N06,0,E061
N06,0,E062
N06,0,E063
N06,0,E067
N06,0,E069
N06,0,E072
N06,0,E074
N06,0,E079
N06,0,E085
N06,0,E088
N06,0,E089
N06,0,E091
N06,0,E094
N06,0,E095
N06,0,E097
N06,0,E099
N06,0,E101
N06,0,E102
N06,0,E104
N06,0,E106
N06,0,E109
N06,0,E110
N06,0,E111
N06,0,E112
N06,0,E114
N06,0,E121
N06,0,E123
N06,0,E124
N06,0,E125
N06,0,E130
N06,0,E131
N06,0,E132
N06,0,E135
N06,0,E136
N06,0,E137
N06,0,E139
N06,0,E143
N06,0,E144
N06,0,E145
N06,0,E146
N06,0,E150
N06,0,E152
N06,0,E153
N06,0,E154
N06,0,E157
N06,0,E159
N06,0,E161
N06,0,E164
N06,0,E165
N06,0,E169
N06,0,E170
N06,0,E172
N06,0,E174
N06,0,E178
N06,0,E180
N06,0,E181
N06,0,E183
N06,0,E184
N06,0,E187
N06,0,E190
N06,0,E191
N06,0,E195
N06,0,E197
N06,0,E198
N06,1,E200
N06,1,E201
N06,1,E203
N06,1,E204
N06,1,E207
N06,1,E208
N06,1,E209
N06,1,E211
N06,1,E214
N06,1,E217
N06,1,E220
N06,1,E222
N06,1,E227
N06,1,E230
N06,1,E231
N06,1,E233
N06,1,E234
N06,1,E238
N06,1,E241
N06,1,E243
N06,1,E245
N06,1,E246
N06,1,E247
N06,1,E249
N06,1,E253
N06,1,E254
N06,1,E255
N06,1,E256
N06,1,E258
N06,1,E259
N06,1,E260
N06,1,E261
N06,1,E262
N06,1,E264
N06,1,E268
N06,1,E271
N06,1,E272
N06,1,E275
N06,1,E276
N06,1,E277
N06,1,E278
N06,1,E283
N06,1,E284
N06,1,E285
N06,1,E288
N06,1,E289
N06,1,E291
N06,1,E293
N06,1,E294
N06,1,E296
N06,1,E300
N06,1,E301
N06,1,E303
N06,1,E304
N06,1,E305
N06,1,E310
N06,1,E313
N06,1,E314
N06,1,E315
N06,1,E317
N06,1,E318
N06,1,E319
N06,1,E320
N06,1,E321
N06,1,E322
N06,1,E323
N06,1,E324
N06,1,E325
N06,1,E326
N06,1,E328
N06,1,E329
N06,1,E330
N06,1,E331
N06,1,E332
N06,1,E333
N06,1,E335
N06,1,E337
N06,1,E338
N06,1,E339
N06,1,E340
N06,1,E342
N06,1,E344
N06,1,E346
N06,1,E348
N06,1,E349
N06,1,E350
N06,1,E355
N06,1,E357
N06,1,E358
N06,1,E363
N06,1,E364
N06,1,E365
N06,1,E367
N06,1,E372
N06,1,E374
N06,1,E382
N06,1,E385
N06,1,E390
N06,1,E396
N06,1,E397
N06,2,E403
N06,2,E404
N06,2,E405
N06,2,E408
N06,2,E410
N06,2,E411
N06,2,E413
N06,2,E415
N06,2,E417
N06,2,E418
N06,2,E421
N06,2,E422
N06,2,E425
N06,2,E428
N06,2,E429
N06,2,E430
N06,2,E434
N06,2,E436
N06,2,E437
N06,2,E438
N06,2,E440
N06,2,E441
N06,2,E442
N06,2,E444
N06,2,E448
N06,2,E449
N06,2,E450
N06,2,E452
N06,2,E453
N06,2,E455
N06,2,E462
N06,2,E463
N06,2,E467
N06,2,E470
N06,2,E471
N06,2,E476
N06,2,E478
N06,2,E479
N06,2,E484
N06,2,E486
N06,2,E487
N06,2,E488
N06,2,E491
N06,2,E492
N06,2,E495
N06,2,E496
N06,2,E497
N06,2,E502
N06,2,E503
N06,2,E507
N06,2,E509
N06,2,E512
N06,2,E515
N06,2,E516
N06,2,E518
N06,2,E520
N06,2,E521
N06,2,E522
N06,2,E524
N06,2,E525
N06,2,E527
N06,2,E528
N06,2,E529
N06,2,E533
N06,2,E534
N06,2,E535
N06,2,E536
N06,2,E538
N06,2,E542
N06,2,E544
N06,2,E545
N06,2,E546
N06,2,E547
N06,2,E548
N06,2,E550
N06,2,E552
N06,2,E553
N06,2,E554
N06,2,E555
N06,2,E556
N06,2,E557
N06,2,E560
N06,2,E561
N06,2,E562
N06,2,E563
N06,2,E565
N06,2,E568
N06,2,E569
N06,2,E571
N06,2,E573
N06,2,E578
N06,2,E579
N06,2,E582
N06,2,E583
N06,2,E587
N06,2,E591
N06,2,E592
N06,2,E595
N06,2,E598
N06,2,E599
N06,3,E602
N06,3,E605
N06,3,E606
N06,3,E610
N06,3,E612
N06,3,E615
N06,3,E616
N06,3,E617
N06,3,E618
N06,3,E619
N06,3,E620
N06,3,E622
N06,3,E623
N06,3,E625
N06,3,E627
N06,3,E628
N06,3,E630
N06,3,E631
N06,3,E634
N06,3,E637
N06,3,E638
N06,3,E639
N06,3,E642
N06,3,E643
N06,3,E644
N06,3,E645
N06,3,E647
N06,3,E650
N06,3,E651
N06,3,E654
N06,3,E655
N06,3,E656
N06,3,E657
N06,3,E659
N06,3,E663
N06,3,E664
N06,3,E665
N06,3,E667
N06,3,E671
N06,3,E672
N06,3,E675
N06,3,E676
N06,3,E677
N06,3,E680
N06,3,E683
N06,3,E684
N06,3,E685
N06,3,E690
N06,3,E693
N06,3,E695
N06,3,E699
N06,3,E700
N06,3,E702
N06,3,E703
N06,3,E704
N06,3,E710
N06,3,E711
N06,3,E712
N06,3,E715
N06,3,E717
N06,3,E719
N06,3,E720
N06,3,E721
N06,3,E723
N06,3,E727
N06,3,E733
N06,3,E734
N06,3,E735
N06,3,E738
N06,3,E740
N06,3,E741
N06,3,E744
N06,3,E746
N06,3,E748
N06,3,E749
N06,3,E751
N06,3,E752
N06,3,E758
N06,3,E760
N06,3,E761
N06,3,E762
N06,3,E763
N06,3,E764
N06,3,E767
N06,3,E768
N06,3,E770
N06,3,E771
N06,3,E772
N06,3,E778
N06,3,E780
N06,3,E781
N06,3,E782
N06,3,E784
N06,3,E788
N06,3,E790
N06,3,E793
N06,3,E794
N06,3,E795
N06,3,E797
N06,3,E799
N07,0,E000
N07,0,E004
N07,0,E006
N07,0,E009
N07,0,E011
N07,0,E013
N07,0,E015
N07,0,E016
N07,0,E018
N07,0,E020
N07,0,E021
N07,0,E023
N07,0,E024
N07,0,E025
N07,0,E030
N07,0,E031
N07,0,E034
N07,0,E035
N07,0,E036
N07,0,E039
N07,0,E040
N07,0,E042
N07,0,E043
N07,0,E044
N07,0,E045
N07,0,E046
N07,0,E047
N07,0,E048
N07,0,E049
N07,0,E051
N07,0,E056
N07,0,E057
N07,0,E060
N07,0,E061
N07,0,E062
N07,0,E066
N07,0,E067
N07,0,E068
N07,0,E072
N07,0,E073
N07,0,E077
N07,0,E087
N07,0,E093
N07,0,E094
N07,0,E098
N07,0,E100
N07,0,E103
N07,0,E105
N07,0,E109
N07,0,E111
N07,0,E112
N07,0,E113
N07,0,E115
N07,0,E117
N07,0,E118
N07,0,E119
N07,0,E120
N07,0,E121
N07,0,E123
N07,0,E125
N07,0,E126
N07,0,E127
N07,0,E129
N07,0,E130
N07,0,E131
N07,0,E133
N07,0,E134
N07,0,E138
N07,0,E139
N07,0,E140
N07,0,E142
N07,0,E144
N07,0,E147
N07,0,E148
N07,0,E152
N07,0,E153
N07,0,E157
N07,0,E159
N07,0,E160
N07,0,E162
N07,0,E163
N07,0,E167
N07,0,E170
N07,0,E171
N07,0,E172
N07,0,E173
N07,0,E174
N07,0,E175
N07,0,E176
N07,0,E178
N07,0,E179
N07,0,E180
N07,0,E182
N07,0,E185
N07,0,E186
N07,0,E188
N07,0,E189
N07,0,E193
N07,0,E195
N07,0,E197
N07,1,E204
N07,1,E205
N07,1,E206
N07,1,E207
N07,1,E209
N07,1,E215
N07,1,E216
N07,1,E217
N07,1,E221
N07,1,E223
N07,1,E227
N07,1,E228
N07,1,E229
N07,1,E230
N07,1,E232
N07,1,E233
N07,1,E234
N07,1,E237
N07,1,E238
N07,1,E242
N07,1,E244
N07,1,E246
N07,1,E250
N07,1,E252
N07,1,E256
N07,1,E258
N07,1,E260
N07,1,E262
N07,1,E268
N07,1,E269
N07,1,E270
N07,1,E276
N07,1,E278
N07,1,E285
N07,1,E286
N07,1,E287
N07,1,E288
N07,1,E289
N07,1,E290
N07,1,E291
N07,1,E292
N07,1,E293
N07,1,E294
N07,1,E295
N07,1,E297
N07,1,E299
N07,1,E301
N07,1,E304
N07,1,E308
N07,1,E310
N07,1,E311
N07,1,E312
N07,1,E314
N07,1,E315
N07,1,E316
N07,1,E318
N07,1,E319
N07,1,E326
N07,1,E329
N07,1,E333
N07,1,E334
N07,1,E335
N07,1,E338
N07,1,E339
N07,1,E341
N07,1,E342
N07,1,E343
N07,1,E344
N07,1,E345
N07,1,E346
N07,1,E351
N07,1,E352
N07,1,E353
N07,1,E354
N07,1,E358
N07,1,E360
N07,1,E362
N07,1,E365
N07,1,E366
N07,1,E367
N07,1,E368
N07,1,E370
N07,1,E373
N07,1,E374
N07,1,E375
N07,1,E378
N07,1,E379
N07,1,E380
N07,1,E382
N07,1,E384
N07,1,E385
N07,1,E387
N07,1,E388
N07,1,E390
N07,1,E393
N07,1,E394
N07,1,E396
N07,1,E397
N07,1,E398
N07,1,E399
N07,2,E400
N07,2,E401
N07,2,E404
N07,2,E406
N07,2,E408
N07,2,E409
N07,2,E411
N07,2,E414
N07,2,E415
N07,2,E416
N07,2,E419
N07,2,E420
N07,2,E421
N07,2,E422
N07,2,E423
N07,2,E426
N07,2,E428
N07,2,E429
N07,2,E430
N07,2,E432
N07,2,E433
N07,2,E437
N07,2,E439
N07,2,E440
N07,2,E441
N07,2,E442
N07,2,E446
N07,2,E447
N07,2,E448
N07,2,E453
N07,2,E456
N07,2,E460
N07,2,E462
N07,2,E463
N07,2,E465
N07,2,E466
N07,2,E467
N07,2,E470
N07,2,E471
N07,2,E472
N07,2,E476
N07,2,E477
N07,2,E479
N07,2,E481
N07,2,E482
N07,2,E483
N07,2,E485
N07,2,E487
N07,2,E488
N07,2,E489
N07,2,E490
N07,2,E491
N07,2,E495
N07,2,E496
N07,2,E498
N07,2,E499
N07,2,E503
N07,2,E505
N07,2,E507
N07,2,E509
N07,2,E510
N07,2,E513
N07,2,E514
N07,2,E515
N07,2,E516
N07,2,E517
N07,2,E518
N07,2,E519
N07,2,E520
N07,2,E521
N07,2,E525
N07,2,E527
N07,2,E531
N07,2,E533
N07,2,E537
N07,2,E541
N07,2,E542
N07,2,E543
N07,2,E557
N07,2,E558
N07,2,E559
N07,2,E560
N07,2,E562
N07,2,E563
N07,2,E565
N07,2,E566
N07,2,E570
N07,2,E571
N07,2,E572
N07,2,E575
N07,2,E578
N07,2,E579
N07,2,E581
N07,2,E585
N07,2,E586
N07,2,E588
N07,2,E591
N07,2,E594
N07,2,E597
N07,2,E599
N07,3,E601
N07,3,E602
N07,3,E603
N07,3,E604
N07,3,E605
N07,3,E607
N07,3,E608
N07,3,E611
N07,3,E612
N07,3,E615
N07,3,E617
N07,3,E618
N07,3,E619
N07,3,E620
N07,3,E622
N07,3,E623
N07,3,E626
N07,3,E627
N07,3,E628
N07,3,E635
N07,3,E636
N07,3,E637
N07,3,E638
N07,3,E639
N07,3,E640
N07,3,E641
N07,3,E644
N07,3,E645
N07,3,E649
N07,3,E653
N07,3,E656
N07,3,E657
N07,3,E659
N07,3,E660
N07,3,E662
N07,3,E663
N07,3,E664
N07,3,E666
N07,3,E668
N07,3,E670
N07,3,E671
N07,3,E673
N07,3,E676
N07,3,E679
N07,3,E681
N07,3,E682
N07,3,E684
N07,3,E685
N07,3,E689
N07,3,E690
N07,3,E692
N07,3,E693
N07,3,E694
N07,3,E697
N07,3,E698
N07,3,E701
N07,3,E703
N07,3,E705
N07,3,E706
N07,3,E707
N07,3,E711
N07,3,E712
N07,3,E715
N07,3,E718
N07,3,E722
N07,3,E723
N07,3,E724
N07,3,E726
N07,3,E727
N07,3,E740
N07,3,E743
N07,3,E745
N07,3,E746
N07,3,E747
N07,3,E748
N07,3,E752
N07,3,E753
N07,3,E757
N07,3,E758
N07,3,E759
N07,3,E761
N07,3,E765
N07,3,E770
N07,3,E771
N07,3,E772
N07,3,E773
N07,3,E774
N07,3,E777
N07,3,E778
N07,3,E780
N07,3,E783
N07,3,E785
N07,3,E786
N07,3,E787
N07,3,E790
N07,3,E791
N07,3,E793
N07,3,E796
N07,3,E797
N07,3,E799
N08,0,E001
N08,0,E002
N08,0,E003
N08,0,E006
N08,0,E008
N08,0,E010
N08,0,E012
N08,0,E014
N08,0,E015
N08,0,E018
N08,0,E019
N08,0,E021
N08,0,E022
N08,0,E024
N08,0,E031
N08,0,E033
N08,0,E034
N08,0,E036
N08,0,E037
N08,0,E038
N08,0,E040
N08,0,E041
N08,0,E043
N08,0,E045
N08,0,E046
N08,0,E048
N08,0,E050
N08,0,E051
N08,0,E052
N08,0,E053
N08,0,E054
N08,0,E055
N08,0,E056
N08,0,E057
N08,0,E058
N08,0,E060
N08,0,E061
N08,0,E062
N08,0,E064
N08,0,E066
N08,0,E067
N08,0,E070
N08,0,E071
N08,0,E072
N08,0,E073
N08,0,E074
N08,0,E075
N08,0,E078
N08,0,E080
N08,0,E082
N08,0,E083
N08,0,E085
N08,0,E086
N08,0,E088
N08,0,E090
N08,0,E092
N08,0,E093
N08,0,E095
N08,0,E097
N08,0,E098
N08,0,E099
N08,0,E100
N08,0,E101
N08,0,E104
N08,0,E107
N08,0,E112
N08,0,E115
N08,0,E118
N08,0,E127
N08,0,E128
N08,0,E129
N08,0,E131
N08,0,E133
N08,0,E140
N08,0,E148
N08,0,E151
N08,0,E154
N08,0,E156
N08,0,E157
N08,0,E158
N08,0,E159
N08,0,E160
N08,0,E161
N08,0,E163
N08,0,E165
N08,0,E166
N08,0,E167
N08,0,E171
N08,0,E172
N08,0,E174
N08,0,E175
N08,0,E176
N08,0,E178
N08,0,E179
N08,0,E182
N08,0,E186
N08,0,E189
N08,0,E190
N08,0,E191
N08,0,E199
N08,1,E201
N08,1,E203
N08,1,E207
N08,1,E210
N08,1,E212
N08,1,E213
N08,1,E215
N08,1,E216
N08,1,E218
N08,1,E221
N08,1,E223
N08,1,E224
N08,1,E227
N08,1,E229
N08,1,E230
N08,1,E233
N08,1,E234
N08,1,E236
N08,1,E237
N08,1,E239
N08,1,E240
N08,1,E241
N08,1,E244
N08,1,E245
N08,1,E246
N08,1,E249
N08,1,E250
N08,1,E253
N08,1,E254
N08,1,E256
N08,1,E258
N08,1,E260
N08,1,E263
N08,1,E266
N08,1,E267
N08,1,E268
N08,1,E270
N08,1,E271
N08,1,E273
N08,1,E274
N08,1,E275
N08,1,E276
N08,1,E278
N08,1,E281
N08,1,E283
N08,1,E284
N08,1,E286
N08,1,E287
N08,1,E288
N08,1,E291
N08,1,E292
N08,1,E295
N08,1,E297
N08,1,E298
N08,1,E302
N08,1,E306
N08,1,E309
N08,1,E310
N08,1,E311
N08,1,E315
N08,1,E317
N08,1,E318
N08,1,E319
N08,1,E321
N08,1,E322
N08,1,E326
N08,1,E332
N08,1,E335
N08,1,E336
N08,1,E337
N08,1,E338
N08,1,E342
N08,1,E343
N08,1,E347
N08,1,E353
N08,1,E356
N08,1,E357
N08,1,E358
N08,1,E359
N08,1,E360
N08,1,E361
N08,1,E364
N08,1,E365
N08,1,E366
N08,1,E368
N08,1,E369
N08,1,E371
N08,1,E374
N08,1,E376
N08,1,E377
N08,1,E386
N08,1,E390
N08,1,E392
N08,1,E393
N08,1,E394
N08,1,E395
N08,1,E396
N08,1,E397
N08,1,E398
N08,1,E399
N08,2,E401
N08,2,E403
N08,2,E404
N08,2,E409
N08,2,E410
N08,2,E411
N08,2,E413
N08,2,E414
N08,2,E415
N08,2,E416
N08,2,E421
N08,2,E422
N08,2,E424
N08,2,E425
N08,2,E426
N08,2,E427
N08,2,E433
N08,2,E440
N08,2,E441
N08,2,E444
N08,2,E448
N08,2,E453
N08,2,E455
N08,2,E456
N08,2,E458
N08,2,E460
N08,2,E463
N08,2,E464
N08,2,E465
N08,2,E466
N08,2,E467
N08,2,E469
N08,2,E475
N08,2,E477
N08,2,E478
N08,2,E479
N08,2,E481
N08,2,E482
N08,2,E484
N08,2,E485
N08,2,E488
N08,2,E489
N08,2,E491
N08,2,E494
N08,2,E498
N08,2,E500
N08,2,E501
N08,2,E503
N08,2,E505
N08,2,E506
N08,2,E507
N08,2,E508
N08,2,E509
N08,2,E511
N08,2,E512
N08,2,E513
N08,2,E515
N08,2,E517
N08,2,E519
N08,2,E520
N08,2,E521
N08,2,E522
N08,2,E524
N08,2,E526
N08,2,E530
N08,2,E532
N08,2,E533
N08,2,E534
N08,2,E539
N08,2,E540
N08,2,E544
N08,2,E545
N08,2,E546
N08,2,E548
N08,2,E549
N08,2,E550
N08,2,E551
N08,2,E552
N08,2,E555
N08,2,E562
N08,2,E563
N08,2,E567
N08,2,E569
N08,2,E571
N08,2,E572
N08,2,E575
N08,2,E576
N08,2,E577
N08,2,E578
N08,2,E579
N08,2,E581
N08,2,E584
N08,2,E585
N08,2,E586
N08,2,E590
N08,2,E592
N08,2,E594
N08,2,E596
N08,2,E598
N08,2,E599
N08,3,E603
N08,3,E604
N08,3,E610
N08,3,E614
N08,3,E618
N08,3,E625
N08,3,E627
N08,3,E628
N08,3,E629
N08,3,E630
N08,3,E631
N08,3,E634
N08,3,E635
N08,3,E636
N08,3,E637
N08,3,E639
N08,3,E642
N08,3,E644
N08,3,E645
N08,3,E650
N08,3,E652
N08,3,E654
N08,3,E656
N08,3,E657
N08,3,E658
N08,3,E659
N08,3,E663
N08,3,E667
N08,3,E672
N08,3,E674
N08,3,E675
N08,3,E676
N08,3,E679
N08,3,E681
N08,3,E682
N08,3,E683
N08,3,E686
N08,3,E687
N08,3,E689
N08,3,E690
N08,3,E691
N08,3,E692
N08,3,E694
N08,3,E695
N08,3,E696
N08,3,E697
N08,3,E698
N08,3,E700
N08,3,E701
N08,3,E703
N08,3,E704
N08,3,E706
N08,3,E708
N08,3,E709
N08,3,E710
N08,3,E711
N08,3,E712
N08,3,E714
N08,3,E715
N08,3,E716
N08,3,E717
N08,3,E721
N08,3,E723
N08,3,E724
N08,3,E725
N08,3,E727
N08,3,E728
N08,3,E729
N08,3,E730
N08,3,E733
N08,3,E734
N08,3,E736
N08,3,E737
N08,3,E740
N08,3,E747
N08,3,E748
N08,3,E750
N08,3,E752
N08,3,E757
N08,3,E758
N08,3,E763
N08,3,E765
N08,3,E766
N08,3,E767
N08,3,E768
N08,3,E769
N08,3,E771
N08,3,E775
N08,3,E776
N08,3,E777
N08,3,E781
N08,3,E783
N08,3,E785
N08,3,E786
N08,3,E787
N08,3,E788
N08,3,E790
N08,3,E793
N08,3,E795
N08,3,E798
N09,0,E002
N09,0,E004
N09,0,E005
N09,0,E006
N09,0,E007
N09,0,E008
N09,0,E009
N09,0,E012
N09,0,E013
N09,0,E014
N09,0,E017
N09,0,E018
N09,0,E019
N09,0,E021
N09,0,E027
N09,0,E029
N09,0,E031
N09,0,E032
N09,0,E035
N09,0,E041
N09,0,E042
N09,0,E043
N09,0,E044
N09,0,E049
N09,0,E050
N09,0,E051
N09,0,E052
N09,0,E054
N09,0,E057
N09,0,E061
N09,0,E064
N09,0,E066
N09,0,E068
N09,0,E069
N09,0,E071
N09,0,E072
N09,0,E073
N09,0,E074
N09,0,E077
N09,0,E080
N09,0,E081
N09,0,E083
N09,0,E086
N09,0,E087
N09,0,E089
N09,0,E090
N09,0,E092
N09,0,E093
N09,0,E095
N09,0,E096
N09,0,E097
N09,0,E098
N09,0,E100
N09,0,E101
N09,0,E106
N09,0,E108
N09,0,E111
N09,0,E113
N09,0,E114
N09,0,E115
N09,0,E117
N09,0,E119
N09,0,E123
N09,0,E124
N09,0,E127
N09,0,E132
N09,0,E135
N09,0,E136
N09,0,E137
N09,0,E141
N09,0,E142
N09,0,E144
N09,0,E146
N09,0,E148
N09,0,E149
N09,0,E150
N09,0,E151
N09,0,E152
N09,0,E153
N09,0,E154
N09,0,E157
N09,0,E159
N09,0,E163
N09,0,E165
N09,0,E167
N09,0,E168
N09,0,E170
N09,0,E172
N09,0,E173
N09,0,E175
N09,0,E182
N09,0,E184
N09,0,E185
N09,0,E189
N09,0,E190
N09,0,E191
N09,0,E192
N09,0,E193
N09,0,E195
N09,0,E198
N09,1,E202
N09,1,E204
N09,1,E207
N09,1,E210
N09,1,E212
N09,1,E215
N09,1,E216
N09,1,E217
N09,1,E218
N09,1,E219
N09,1,E221
N09,1,E223
N09,1,E224
N09,1,E226
N09,1,E230
N09,1,E231
N09,1,E232
N09,1,E233
N09,1,E236
N09,1,E238
N09,1,E239
N09,1,E242
N09,1,E245
N09,1,E246
N09,1,E247
N09,1,E249
N09,1,E253
N09,1,E254
N09,1,E255
N09,1,E256
N09,1,E262
N09,1,E263
N09,1,E265
N09,1,E272
N09,1,E273
N09,1,E276
N09,1,E277
N09,1,E279
N09,1,E282
N09,1,E284
N09,1,E287
N09,1,E288
N09,1,E291
N09,1,E293
N09,1,E294
N09,1,E296
N09,1,E297
N09,1,E298
N09,1,E302
N09,1,E304
N09,1,E306
N09,1,E308
N09,1,E309
N09,1,E311
N09,1,E312
N09,1,E313
N09,1,E315
N09,1,E316
N09,1,E318
N09,1,E319
N09,1,E328
N09,1,E329
N09,1,E334
N09,1,E335
N09,1,E336
N09,1,E342
N09,1,E344
N09,1,E349
N09,1,E350
N09,1,E351
N09,1,E352
N09,1,E354
N09,1,E355
N09,1,E356
N09,1,E358
N09,1,E359
N09,1,E361
N09,1,E362
N09,1,E364
N09,1,E367
N09,1,E370
N09,1,E372
N09,1,E374
N09,1,E375
N09,1,E376
N09,1,E377
N09,1,E378
N09,1,E379
N09,1,E384
N09,1,E385
N09,1,E387
N09,1,E388
N09,1,E389
N09,1,E390
N09,1,E392
N09,1,E393
N09,1,E394
N09,1,E396
N09,1,E397
N09,1,E398
N09,2,E400
N09,2,E401
N09,2,E403
N09,2,E405
N09,2,E407
N09,2,E408
N09,2,E410
N09,2,E417
N09,2,E420
N09,2,E422
N09,2,E423
N09,2,E424
N09,2,E425
N09,2,E426
N09,2,E428
N09,2,E429
N09,2,E431
N09,2,E432
N09,2,E434
N09,2,E436
N09,2,E437
N09,2,E438
N09,2,E439
N09,2,E441
N09,2,E445
N09,2,E446
N09,2,E447
N09,2,E448
N09,2,E449
N09,2,E452
N09,2,E456
N09,2,E458
N09,2,E459
N09,2,E460
N09,2,E463
N09,2,E465
N09,2,E467
N09,2,E469
N09,2,E472
N09,2,E473
N09,2,E478
N09,2,E481
N09,2,E482
N09,2,E483
N09,2,E486
N09,2,E489
N09,2,E491
N09,2,E492
N09,2,E494
N09,2,E495
N09,2,E496
N09,2,E497
N09,2,E498
N09,2,E502
N09,2,E504
N09,2,E505
N09,2,E506
N09,2,E507
N09,2,E512
N09,2,E513
N09,2,E514
N09,2,E520
N09,2,E521
N09,2,E522
N09,2,E523
N09,2,E524
N09,2,E528
N09,2,E529
N09,2,E532
N09,2,E535
N09,2,E537
N09,2,E538
N09,2,E540
N09,2,E544
N09,2,E546
N09,2,E547
N09,2,E550
N09,2,E554
N09,2,E556
N09,2,E559
N09,2,E560
N09,2,E561
N09,2,E562
N09,2,E564
N09,2,E567
N09,2,E569
N09,2,E570
N09,2,E571
N09,2,E573
N09,2,E574
N09,2,E576
N09,2,E577
N09,2,E578
N09,2,E581
N09,2,E582
N09,2,E583
N09,2,E586
N09,2,E591
N09,2,E593
N09,2,E595
N09,3,E602
N09,3,E604
N09,3,E609
N09,3,E613
N09,3,E615
N09,3,E616
N09,3,E618
N09,3,E619
N09,3,E621
N09,3,E622
N09,3,E625
N09,3,E626
N09,3,E627
N09,3,E628
N09,3,E629
N09,3,E630
N09,3,E632
N09,3,E636
N09,3,E637
N09,3,E638
N09,3,E639
N09,3,E642
N09,3,E643
N09,3,E644
N09,3,E649
N09,3,E651
N09,3,E652
N09,3,E655
N09,3,E658
N09,3,E659
N09,3,E662
N09,3,E665
N09,3,E666
N09,3,E671
N09,3,E672
N09,3,E674
N09,3,E676
N09,3,E678
N09,3,E679
N09,3,E683
N09,3,E685
N09,3,E686
N09,3,E688
N09,3,E689
N09,3,E690
N09,3,E691
N09,3,E693
N09,3,E695
N09,3,E697
N09,3,E698
N09,3,E700
N09,3,E701
N09,3,E703
N09,3,E704
N09,3,E705
N09,3,E706
N09,3,E709
N09,3,E710
N09,3,E711
N09,3,E713
N09,3,E714
N09,3,E718
N09,3,E719
N09,3,E724
N09,3,E725
N09,3,E734
N09,3,E736
N09,3,E738
N09,3,E740
N09,3,E741
N09,3,E743
N09,3,E744
N09,3,E745
N09,3,E747
N09,3,E748
N09,3,E750
N09,3,E751
N09,3,E752
N09,3,E753
N09,3,E755
N09,3,E759
N09,3,E762
N09,3,E763
N09,3,E764
N09,3,E765
N09,3,E766
N09,3,E771
N09,3,E773
N09,3,E777
N09,3,E779
N09,3,E780
N09,3,E783
N09,3,E785
N09,3,E788
N09,3,E790
N09,3,E792
N09,3,E794
N09,3,E795
N09,3,E797
N09,3,E798
N10,0,E001
N10,0,E005
N10,0,E008
N10,0,E009
N10,0,E010
N10,0,E012
N10,0,E014
N10,0,E017
N10,0,E019
N10,0,E020
N10,0,E022
N10,0,E026
N10,0,E029
N10,0,E030
N10,0,E031
N10,0,E034
N10,0,E037
N10,0,E038
N10,0,E039
N10,0,E040
N10,0,E041
N10,0,E042
N10,0,E043
N10,0,E044
N10,0,E045
N10,0,E046
N10,0,E047
N10,0,E048
N10,0,E052
N10,0,E053
N10,0,E057
N10,0,E060
N10,0,E063
N10,0,E069
N10,0,E071
N10,0,E072
N10,0,E074
N10,0,E075
N10,0,E080
N10,0,E083
N10,0,E084
N10,0,E085
N10,0,E088
N10,0,E090
N10,0,E093
N10,0,E095
N10,0,E097
N10,0,E099
N10,0,E100
N10,0,E103
N10,0,E105
N10,0,E106
N10,0,E107
N10,0,E109
N10,0,E111
N10,0,E112
N10,0,E113
N10,0,E114
N10,0,E115
N10,0,E120
N10,0,E121
N10,0,E122
N10,0,E123
N10,0,E124
N10,0,E129
N10,0,E130
N10,0,E132
N10,0,E136
N10,0,E137
N10,0,E138
N10,0,E141
N10,0,E142
N10,0,E144
N10,0,E145
N10,0,E147
N10,0,E151
N10,0,E152
N10,0,E153
N10,0,E155
N10,0,E156
N10,0,E158
N10,0,E160
N10,0,E161
N10,0,E162
N10,0,E163
N10,0,E164
N10,0,E170
N10,0,E173
N10,0,E174
N10,0,E177
N10,0,E178
N10,0,E179
N10,0,E180
N10,0,E182
N10,0,E183
N10,0,E190
N10,0,E191
N10,0,E195
N10,0,E196
N10,0,E198
N10,1,E200
N10,1,E201
N10,1,E202
N10,1,E207
N10,1,E208
N10,1,E211
N10,1,E214
N10,1,E215
N10,1,E216
N10,1,E217
N10,1,E219
N10,1,E220
N10,1,E222
N10,1,E225
N10,1,E226
N10,1,E227
N10,1,E228
N10,1,E229
N10,1,E233
N10,1,E234
N10,1,E235
N10,1,E241
N10,1,E242
N10,1,E243
N10,1,E247
N10,1,E249
N10,1,E250
N10,1,E251
N10,1,E252
N10,1,E253
N10,1,E254
N10,1,E255
N10,1,E260
N10,1,E262
N10,1,E263
N10,1,E264
N10,1,E271
N10,1,E272
N10,1,E273
N10,1,E278
N10,1,E281
N10,1,E282
N10,1,E285
N10,1,E286
N10,1,E287
N10,1,E288
N10,1,E290
N10,1,E291
N10,1,E293
N10,1,E297
N10,1,E299
N10,1,E300
N10,1,E301
N10,1,E302
N10,1,E303
N10,1,E305
N10,1,E311
N10,1,E315
N10,1,E316
N10,1,E317
N10,1,E318
N10,1,E319
N10,1,E320
N10,1,E321
N10,1,E322
N10,1,E323
N10,1,E325
N10,1,E326
N10,1,E330
N10,1,E332
N10,1,E333
N10,1,E335
N10,1,E336
N10,1,E337
N10,1,E341
N10,1,E342
N10,1,E344
N10,1,E345
N10,1,E347
N10,1,E349
N10,1,E351
N10,1,E354
N10,1,E355
N10,1,E356
N10,1,E357
N10,1,E358
N10,1,E359
N10,1,E360
N10,1,E361
N10,1,E366
N10,1,E367
N10,1,E368
N10,1,E373
N10,1,E376
N10,1,E381
N10,1,E382
N10,1,E385
N10,1,E387
N10,1,E392
N10,1,E398
N10,2,E400
N10,2,E401
N10,2,E404
N10,2,E405
N10,2,E406
N10,2,E407
N10,2,E409
N10,2,E414
N10,2,E416
N10,2,E418
N10,2,E419
N10,2,E421
N10,2,E422
N10,2,E423
N10,2,E424
N10,2,E425
N10,2,E426
N10,2,E427
N10,2,E429
N10,2,E430
N10,2,E432
N10,2,E441
N10,2,E443
N10,2,E447
N10,2,E448
N10,2,E449
N10,2,E451
N10,2,E455
N10,2,E456
N10,2,E457
N10,2,E459
N10,2,E461
N10,2,E462
N10,2,E465
N10,2,E467
N10,2,E468
N10,2,E470
N10,2,E471
N10,2,E472
N10,2,E473
N10,2,E476
N10,2,E479
N10,2,E480
N10,2,E481
N10,2,E482
N10,2,E483
N10,2,E484
N10,2,E485
N10,2,E491
N10,2,E493
N10,2,E494
N10,2,E497
N10,2,E498
N10,2,E499
N10,2,E500
N10,2,E501
N10,2,E503
N10,2,E504
N10,2,E505
N10,2,E507
N10,2,E510
N10,2,E514
N10,2,E515
N10,2,E516
N10,2,E517
N10,2,E523
N10,2,E530
N10,2,E531
N10,2,E534
N10,2,E535
N10,2,E537
N10,2,E538
N10,2,E540
N10,2,E541
N10,2,E542
N10,2,E545
N10,2,E548
N10,2,E554
N10,2,E556
N10,2,E558
N10,2,E561
N10,2,E562
N10,2,E565
N10,2,E566
N10,2,E571
N10,2,E572
N10,2,E574
N10,2,E577
N10,2,E580
N10,2,E581
N10,2,E582
N10,2,E587
N10,2,E588
N10,2,E590
N10,2,E591
N10,2,E592
N10,2,E593
N10,2,E597
N10,2,E598
N10,2,E599
N10,3,E602
N10,3,E603
N10,3,E608
N10,3,E609
N10,3,E611
N10,3,E614
N10,3,E615
N10,3,E618
N10,3,E620
N10,3,E621
N10,3,E626
N10,3,E628
N10,3,E629
N10,3,E632
N10,3,E633
N10,3,E635
N10,3,E638
N10,3,E639
N10,3,E646
N10,3,E648
N10,3,E649
N10,3,E651
N10,3,E653
N10,3,E654
N10,3,E657
N10,3,E658
N10,3,E659
N10,3,E665
N10,3,E667
N10,3,E668
N10,3,E669
N10,3,E671
N10,3,E674
N10,3,E676
N10,3,E678
N10,3,E680
N10,3,E681
N10,3,E683
N10,3,E685
N10,3,E687
N10,3,E688
N10,3,E690
N10,3,E691
N10,3,E693
N10,3,E695
N10,3,E697
N10,3,E698
N10,3,E699
N10,3,E700
N10,3,E701
N10,3,E704
N10,3,E706
N10,3,E709
N10,3,E712
N10,3,E714
N10,3,E716
N10,3,E718
N10,3,E719
N10,3,E720
N10,3,E721
N10,3,E722
N10,3,E727
N10,3,E732
N10,3,E733
N10,3,E734
N10,3,E738
N10,3,E739
N10,3,E740
N10,3,E742
N10,3,E743
N10,3,E744
N10,3,E745
N10,3,E747
N10,3,E748
N10,3,E749
N10,3,E750
N10,3,E751
N10,3,E752
N10,3,E753
N10,3,E754
N10,3,E755
N10,3,E756
N10,3,E761
N10,3,E762
N10,3,E765
N10,3,E767
N10,3,E770
N10,3,E771
N10,3,E774
N10,3,E775
N10,3,E777
N10,3,E780
N10,3,E782
N10,3,E784
N10,3,E785
N10,3,E787
N10,3,E792
N10,3,E795
N10,3,E796
N10,3,E797
N11,0,E002
N11,0,E004
N11,0,E005
N11,0,E007
N11,0,E008
N11,0,E011
N11,0,E015
N11,0,E018
N11,0,E019
N11,0,E020
N11,0,E021
N11,0,E023
N11,0,E026
N11,0,E027
N11,0,E028
N11,0,E035
N11,0,E036
N11,0,E038
N11,0,E040
N11,0,E042
N11,0,E043
N11,0,E044
N11,0,E046
N11,0,E047
N11,0,E049
N11,0,E050
N11,0,E051
N11,0,E052
N11,0,E055
N11,0,E056
N11,0,E058
N11,0,E063
N11,0,E064
N11,0,E066
N11,0,E068
N11,0,E071
N11,0,E072
N11,0,E073
N11,0,E076
N11,0,E077
N11,0,E081
N11,0,E083
N11,0,E087
N11,0,E088
N11,0,E090
N11,0,E091
N11,0,E092
N11,0,E093
N11,0,E094
N11,0,E098
N11,0,E101
N11,0,E102
N11,0,E106
N11,0,E107
N11,0,E108
N11,0,E109
N11,0,E111
N11,0,E112
N11,0,E114
N11,0,E115
N11,0,E116
N11,0,E117
N11,0,E118
N11,0,E123
N11,0,E125
N11,0,E134
N11,0,E135
N11,0,E136
N11,0,E139
N11,0,E141
N11,0,E142
N11,0,E143
N11,0,E149
N11,0,E153
N11,0,E156
N11,0,E159
N11,0,E160
N11,0,E161
N11,0,E162
N11,0,E163
N11,0,E164
N11,0,E165
N11,0,E166
N11,0,E167
N11,0,E171
N11,0,E175
N11,0,E176
N11,0,E178
N11,0,E179
N11,0,E180
N11,0,E183
N11,0,E184
N11,0,E188
N11,0,E189
N11,0,E190
N11,0,E191
N11,0,E193
N11,0,E195
N11,0,E196
N11,0,E197
N11,1,E202
N11,1,E203
N11,1,E204
N11,1,E206
N11,1,E208
N11,1,E210
N11,1,E212
N11,1,E214
N11,1,E220
N11,1,E222
N11,1,E224
N11,1,E228
N11,1,E229
N11,1,E231
N11,1,E232
N11,1,E234
N11,1,E236
N11,1,E240
N11,1,E241
N11,1,E243
N11,1,E246
N11,1,E248
N11,1,E254
N11,1,E255
N11,1,E256
N11,1,E260
N11,1,E263
N11,1,E266
N11,1,E268
N11,1,E269
N11,1,E271
N11,1,E272
N11,1,E273
N11,1,E275
N11,1,E277
N11,1,E278
N11,1,E283
N11,1,E284
N11,1,E287
N11,1,E289
N11,1,E293
N11,1,E294
N11,1,E295
N11,1,E296
N11,1,E297
N11,1,E298
N11,1,E299
N11,1,E301
N11,1,E302
N11,1,E303
N11,1,E304
N11,1,E311
N11,1,E314
N11,1,E315
N11,1,E318
N11,1,E320
N11,1,E321
N11,1,E322
N11,1,E326
N11,1,E327
N11,1,E328
N11,1,E330
N11,1,E332
N11,1,E333
N11,1,E336
N11,1,E338
N11,1,E340
N11,1,E341
N11,1,E342
N11,1,E343
N11,1,E347
N11,1,E349
N11,1,E350
N11,1,E351
N11,1,E352
N11,1,E353
N11,1,E354
N11,1,E355
N11,1,E359
N11,1,E360
N11,1,E363
N11,1,E365
N11,1,E366
N11,1,E367
N11,1,E372
N11,1,E374
N11,1,E379
N11,1,E380
N11,1,E381
N11,1,E382
N11,1,E383
N11,1,E384
N11,1,E389
N11,1,E390
N11,1,E391
N11,1,E394
N11,1,E395
N11,1,E396
N11,1,E398
N11,1,E399
N11,2,E400
N11,2,E401
N11,2,E405
N11,2,E406
N11,2,E412
N11,2,E414
N11,2,E416
N11,2,E419
N11,2,E420
N11,2,E429
N11,2,E432
N11,2,E433
N11,2,E435
N11,2,E436
N11,2,E438
N11,2,E439
N11,2,E441
N11,2,E442
N11,2,E444
N11,2,E445
N11,2,E449
N11,2,E450
N11,2,E452
N11,2,E454
N11,2,E455
N11,2,E457
N11,2,E458
N11,2,E459
N11,2,E463
N11,2,E467
N11,2,E468
N11,2,E469
N11,2,E470
N11,2,E471
N11,2,E472
N11,2,E474
N11,2,E475
N11,2,E476
N11,2,E477
N11,2,E478
N11,2,E482
N11,2,E483
N11,2,E488
N11,2,E489
N11,2,E493
N11,2,E494
N11,2,E495
N11,2,E496
N11,2,E497
N11,2,E500
N11,2,E501
N11,2,E504
N11,2,E506
N11,2,E508
N11,2,E510
N11,2,E511
N11,2,E514
N11,2,E515
N11,2,E519
N11,2,E520
N11,2,E521
N11,2,E522
N11,2,E523
N11,2,E525
N11,2,E530
N11,2,E532
N11,2,E536
N11,2,E538
N11,2,E539
N11,2,E541
N11,2,E543
N11,2,E546
N11,2,E550
N11,2,E555
N11,2,E556
N11,2,E557
N11,2,E558
N11,2,E561
N11,2,E563
N11,2,E565
N11,2,E566
N11,2,E568
N11,2,E569
N11,2,E573
N11,2,E574
N11,2,E575
N11,2,E576
N11,2,E577
N11,2,E578
N11,2,E579
N11,2,E580
N11,2,E581
N11,2,E582
N11,2,E588
N11,2,E589
N11,2,E591
N11,2,E593
N11,2,E594
N11,2,E595
N11,2,E596
N11,3,E601
N11,3,E604
N11,3,E606
N11,3,E607
N11,3,E608
N11,3,E612
N11,3,E613
N11,3,E614
N11,3,E618
N11,3,E621
N11,3,E622
N11,3,E623
N11,3,E624
N11,3,E625
N11,3,E627
N11,3,E632
N11,3,E634
N11,3,E635
N11,3,E636
N11,3,E637
N11,3,E638
N11,3,E639
N11,3,E641
N11,3,E643
N11,3,E645
N11,3,E647
N11,3,E650
N11,3,E654
N11,3,E655
N11,3,E657
N11,3,E664
N11,3,E665
N11,3,E666
N11,3,E667
N11,3,E673
N11,3,E674
N11,3,E675
N11,3,E677
N11,3,E680
N11,3,E682
N11,3,E683
N11,3,E684
N11,3,E692
N11,3,E695
N11,3,E696
N11,3,E699
N11,3,E700
N11,3,E701
N11,3,E703
N11,3,E705
N11,3,E707
N11,3,E711
N11,3,E716
N11,3,E717
N11,3,E719
N11,3,E720
N11,3,E721
N11,3,E725
N11,3,E728
N11,3,E731
N11,3,E732
N11,3,E733
N11,3,E734
N11,3,E736
N11,3,E739
N11,3,E740
N11,3,E741
N11,3,E742
N11,3,E743
N11,3,E747
N11,3,E748
N11,3,E749
N11,3,E750
N11,3,E751
N11,3,E753
N11,3,E754
N11,3,E755
N11,3,E757
N11,3,E758
N11,3,E759
N11,3,E761
N11,3,E762
N11,3,E763
N11,3,E764
N11,3,E765
N11,3,E767
N11,3,E769
N11,3,E771
N11,3,E772
N11,3,E774
N11,3,E775
N11,3,E778
N11,3,E780
N11,3,E781
N11,3,E782
N11,3,E784
N11,3,E788
N11,3,E789
N11,3,E791
N11,3,E794
N12,0,E000
N12,0,E002
N12,0,E004
N12,0,E007
N12,0,E009
N12,0,E010
N12,0,E015
N12,0,E016
N12,0,E019
N12,0,E020
N12,0,E021
N12,0,E024
N12,0,E029
N12,0,E030
N12,0,E031
N12,0,E032
N12,0,E035
N12,0,E036
N12,0,E037
N12,0,E038
N12,0,E039
N12,0,E047
N12,0,E050
N12,0,E052
N12,0,E054
N12,0,E058
N12,0,E059
N12,0,E060
N12,0,E062
N12,0,E063
N12,0,E067
N12,0,E068
N12,0,E069
N12,0,E073
N12,0,E077
N12,0,E078
N12,0,E079
N12,0,E082
N12,0,E084
N12,0,E086
N12,0,E088
N12,0,E090
N12,0,E091
N12,0,E092
N12,0,E093
N12,0,E094
N12,0,E095
N12,0,E096
N12,0,E097
N12,0,E099
N12,0,E101
N12,0,E102
N12,0,E108
N12,0,E111
N12,0,E114
N12,0,E115
N12,0,E117
N12,0,E119
N12,0,E120
N12,0,E121
N12,0,E122
N12,0,E123
N12,0,E124
N12,0,E125
N12,0,E127
N12,0,E132
N12,0,E134
N12,0,E136
N12,0,E137
N12,0,E138
N12,0,E141
N12,0,E143
N12,0,E145
N12,0,E147
N12,0,E148
N12,0,E153
N12,0,E154
N12,0,E158
N12,0,E159
N12,0,E160
N12,0,E162
N12,0,E165
N12,0,E168
N12,0,E170
N12,0,E172
N12,0,E175
N12,0,E178
N12,0,E180
N12,0,E183
N12,0,E184
N12,0,E185
N12,0,E186
N12,0,E190
N12,0,E191
N12,0,E192
N12,0,E193
N12,0,E194
N12,0,E196
N12,0,E197
N12,0,E198
N12,1,E200
N12,1,E201
N12,1,E202
N12,1,E203
N12,1,E204
N12,1,E205
N12,1,E206
N12,1,E208
N12,1,E209
N12,1,E214
N12,1,E215
N12,1,E218
N12,1,E220
N12,1,E223
N12,1,E224
N12,1,E225
N12,1,E227
N12,1,E230
N12,1,E232
N12,1,E233
N12,1,E234
N12,1,E236
N12,1,E237
N12,1,E240
N12,1,E241
N12,1,E242
N12,1,E244
N12,1,E245
N12,1,E248
N12,1,E249
N12,1,E251
N12,1,E253
N12,1,E255
N12,1,E259
N12,1,E263
N12,1,E264
N12,1,E265
N12,1,E266
N12,1,E267
N12,1,E268
N12,1,E271
N12,1,E272
N12,1,E273
N12,1,E274
N12,1,E275
N12,1,E278
N12,1,E279
N12,1,E281
N12,1,E282
N12,1,E283
N12,1,E284
N12,1,E286
N12,1,E287
N12,1,E288
N12,1,E291
N12,1,E292
N12,1,E299
N12,1,E300
N12,1,E301
N12,1,E303
N12,1,E309
N12,1,E313
N12,1,E315
N12,1,E316
N12,1,E318
N12,1,E333
N12,1,E335
N12,1,E338
N12,1,E339
N12,1,E340
N12,1,E346
N12,1,E348
N12,1,E349
N12,1,E352
N12,1,E353
N12,1,E354
N12,1,E355
N12,1,E356
N12,1,E359
N12,1,E360
N12,1,E362
N12,1,E363
N12,1,E364
N12,1,E366
N12,1,E367
N12,1,E370
N12,1,E375
N12,1,E380
N12,1,E382
N12,1,E383
N12,1,E384
N12,1,E386
N12,1,E388
N12,1,E391
N12,1,E392
N12,1,E394
N12,1,E395
N12,1,E396
N12,1,E398
N12,1,E399
N12,2,E401
N12,2,E402
N12,2,E406
N12,2,E408
N12,2,E409
N12,2,E411
N12,2,E414
N12,2,E416
N12,2,E419
N12,2,E420
N12,2,E421
N12,2,E422
N12,2,E423
N12,2,E424
N12,2,E425
N12,2,E428
N12,2,E429
N12,2,E431
N12,2,E432
N12,2,E433
N12,2,E434
N12,2,E435
N12,2,E436
N12,2,E438
N12,2,E440
N12,2,E441
N12,2,E444
N12,2,E446
N12,2,E447
N12,2,E449
N12,2,E455
N12,2,E456
N12,2,E458
N12,2,E465
N12,2,E467
N12,2,E468
N12,2,E471
N12,2,E472
N12,2,E476
N12,2,E480
N12,2,E482
N12,2,E483
N12,2,E484
N12,2,E486
N12,2,E487
N12,2,E488
N12,2,E490
N12,2,E493
N12,2,E494
N12,2,E496
N12,2,E497
N12,2,E499
N12,2,E501
N12,2,E506
N12,2,E508
N12,2,E509
N12,2,E511
N12,2,E512
N12,2,E513
N12,2,E517
N12,2,E518
N12,2,E524
N12,2,E526
N12,2,E527
N12,2,E530
N12,2,E531
N12,2,E534
N12,2,E539
N12,2,E540
N12,2,E541
N12,2,E543
N12,2,E544
N12,2,E545
N12,2,E548
N12,2,E549
N12,2,E550
N12,2,E553
N12,2,E554
N12,2,E555
N12,2,E556
N12,2,E558
N12,2,E559
N12,2,E560
N12,2,E563
N12,2,E564
N12,2,E565
N12,2,E566
N12,2,E569
N12,2,E571
N12,2,E573
N12,2,E576
N12,2,E580
N12,2,E583
N12,2,E584
N12,2,E587
N12,2,E590
N12,2,E595
N12,2,E597
N12,2,E598
N12,2,E599
N12,3,E602
N12,3,E603
N12,3,E605
N12,3,E607
N12,3,E608
N12,3,E610
N12,3,E611
N12,3,E614
N12,3,E616
N12,3,E617
N12,3,E618
N12,3,E619
N12,3,E621
N12,3,E624
N12,3,E626
N12,3,E627
N12,3,E628
N12,3,E629
N12,3,E632
N12,3,E633
N12,3,E634
N12,3,E639
N12,3,E644
N12,3,E645
N12,3,E646
N12,3,E650
N12,3,E651
N12,3,E653
N12,3,E656
N12,3,E658
N12,3,E664
N12,3,E665
N12,3,E666
N12,3,E667
N12,3,E668
N12,3,E669
N12,3,E671
N12,3,E677
N12,3,E680
N12,3,E681
N12,3,E682
N12,3,E688
N12,3,E691
N12,3,E692
N12,3,E693
N12,3,E694
N12,3,E695
N12,3,E698
N12,3,E703
N12,3,E704
N12,3,E705
N12,3,E706
N12,3,E709
N12,3,E711
N12,3,E712
N12,3,E713
N12,3,E714
N12,3,E716
N12,3,E717
N12,3,E719
N12,3,E721
N12,3,E723
N12,3,E725
N12,3,E726
N12,3,E731
N12,3,E733
N12,3,E734
N12,3,E736
N12,3,E737
N12,3,E739
N12,3,E740
N12,3,E741
N12,3,E743
N12,3,E744
N12,3,E745
N12,3,E749
N12,3,E750
N12,3,E751
N12,3,E753
N12,3,E755
N12,3,E757
N12,3,E762
N12,3,E763
N12,3,E768
N12,3,E771
N12,3,E774
N12,3,E776
N12,3,E777
N12,3,E778
N12,3,E779
N12,3,E781
N12,3,E784
N12,3,E786
N12,3,E788
N12,3,E791
N12,3,E792
N12,3,E793
N12,3,E795
N12,3,E796
N12,3,E798
N13,0,E000
N13,0,E004
N13,0,E005
N13,0,E010
N13,0,E014
N13,0,E015
N13,0,E017
N13,0,E019
N13,0,E020
N13,0,E024
N13,0,E025
N13,0,E026
N13,0,E027
N13,0,E028
N13,0,E029
N13,0,E035
N13,0,E036
N13,0,E037
N13,0,E043
N13,0,E044
N13,0,E047
N13,0,E049
N13,0,E050
N13,0,E052
N13,0,E054
N13,0,E055
N13,0,E059
N13,0,E061
N13,0,E063
N13,0,E064
N13,0,E068
N13,0,E072
N13,0,E076
N13,0,E077
N13,0,E078
N13,0,E079
N13,0,E081
N13,0,E085
N13,0,E088
N13,0,E089
N13,0,E090
N13,0,E091
N13,0,E092
N13,0,E093
N13,0,E094
N13,0,E096
N13,0,E097
N13,0,E100
N13,0,E103
N13,0,E105
N13,0,E107
N13,0,E108
N13,0,E109
N13,0,E112
N13,0,E115
N13,0,E116
N13,0,E117
N13,0,E124
N13,0,E125
N13,0,E126
N13,0,E127
N13,0,E128
N13,0,E130
N13,0,E132
N13,0,E134
N13,0,E136
N13,0,E140
N13,0,E141
N13,0,E142
N13,0,E143
N13,0,E144
N13,0,E146
N13,0,E147
N13,0,E148
N13,0,E151
N13,0,E155
N13,0,E159
N13,0,E161
N13,0,E163
N13,0,E165
N13,0,E166
N13,0,E169
N13,0,E170
N13,0,E171
N13,0,E173
N13,0,E174
N13,0,E176
N13,0,E179
N13,0,E181
N13,0,E183
N13,0,E184
N13,0,E188
N13,0,E189
N13,0,E192
N13,0,E193
N13,0,E194
N13,0,E195
N13,0,E197
N13,0,E198
N13,0,E199
N13,1,E201
N13,1,E202
N13,1,E204
N13,1,E205
N13,1,E209
N13,1,E210
N13,1,E213
N13,1,E215
N13,1,E216
N13,1,E217
N13,1,E221
N13,1,E223
N13,1,E225
N13,1,E227
N13,1,E229
N13,1,E231
N13,1,E232
N13,1,E234
N13,1,E237
N13,1,E238
N13,1,E239
N13,1,E240
N13,1,E241
N13,1,E242
N13,1,E243
N13,1,E244
N13,1,E245
N13,1,E251
N13,1,E254
N13,1,E257
N13,1,E258
N13,1,E259
N13,1,E260
N13,1,E261
N13,1,E266
N13,1,E267
N13,1,E268
N13,1,E269
N13,1,E271
N13,1,E275
N13,1,E277
N13,1,E278
N13,1,E280
N13,1,E282
N13,1,E286
N13,1,E287
N13,1,E288
N13,1,E290
N13,1,E291
N13,1,E300
N13,1,E301
N13,1,E304
N13,1,E306
N13,1,E309
N13,1,E310
N13,1,E312
N13,1,E317
N13,1,E318
N13,1,E319
N13,1,E323
N13,1,E325
N13,1,E326
N13,1,E328
N13,1,E329
N13,1,E330
N13,1,E339
N13,1,E340
N13,1,E341
N13,1,E342
N13,1,E346
N13,1,E348
N13,1,E349
N13,1,E351
N13,1,E352
N13,1,E355
N13,1,E356
N13,1,E357
N13,1,E358
N13,1,E359
N13,1,E360
N13,1,E362
N13,1,E365
N13,1,E366
N13,1,E369
N13,1,E372
N13,1,E373
N13,1,E374
N13,1,E379
N13,1,E380
N13,1,E382
N13,1,E387
N13,1,E389
N13,1,E390
N13,1,E391
N13,1,E392
N13,1,E393
N13,1,E394
N13,1,E395
N13,1,E396
N13,1,E397
N13,2,E404
N13,2,E405
N13,2,E408
N13,2,E409
N13,2,E411
N13,2,E412
N13,2,E415
N13,2,E416
N13,2,E417
N13,2,E418
N13,2,E419
N13,2,E420
N13,2,E422
N13,2,E425
N13,2,E426
N13,2,E428
N13,2,E429
N13,2,E430
N13,2,E436
N13,2,E438
N13,2,E439
N13,2,E444
N13,2,E445
N13,2,E446
N13,2,E448
N13,2,E453
N13,2,E455
N13,2,E457
N13,2,E459
N13,2,E461
N13,2,E462
N13,2,E466
N13,2,E472
N13,2,E473
N13,2,E474
N13,2,E478
N13,2,E479
N13,2,E483
N13,2,E484
N13,2,E486
N13,2,E489
N13,2,E490
N13,2,E492
N13,2,E494
N13,2,E495
N13,2,E497
N13,2,E498
N13,2,E502
N13,2,E503
N13,2,E504
N13,2,E505
N13,2,E506
N13,2,E507
N13,2,E508
N13,2,E512
N13,2,E515
N13,2,E518
N13,2,E519
N13,2,E522
N13,2,E523
N13,2,E524
N13,2,E528
N13,2,E530
N13,2,E532
N13,2,E535
N13,2,E536
N13,2,E539
N13,2,E541
N13,2,E542
N13,2,E543
N13,2,E545
N13,2,E547
N13,2,E548
N13,2,E553
N13,2,E555
N13,2,E556
N13,2,E558
N13,2,E559
N13,2,E564
N13,2,E565
N13,2,E567
N13,2,E568
N13,2,E569
N13,2,E572
N13,2,E573
N13,2,E576
N13,2,E577
N13,2,E578
N13,2,E580
N13,2,E583
N13,2,E584
N13,2,E585
N13,2,E587
N13,2,E589
N13,2,E590
N13,2,E592
N13,2,E593
N13,2,E595
N13,2,E596
N13,2,E597
N13,3,E601
N13,3,E602
N13,3,E603
N13,3,E604
N13,3,E613
N13,3,E616
N13,3,E619
N13,3,E621
N13,3,E625
N13,3,E630
N13,3,E631
N13,3,E632
N13,3,E637
N13,3,E639
N13,3,E641
N13,3,E642
N13,3,E643
N13,3,E645
N13,3,E647
N13,3,E648
N13,3,E651
N13,3,E652
N13,3,E653
N13,3,E654
N13,3,E657
N13,3,E659
N13,3,E660
N13,3,E661
N13,3,E662
N13,3,E663
N13,3,E666
N13,3,E669
N13,3,E671
N13,3,E673
N13,3,E675
N13,3,E676
N13,3,E677
N13,3,E678
N13,3,E679
N13,3,E680
N13,3,E682
N13,3,E684
N13,3,E687
N13,3,E688
N13,3,E692
N13,3,E694
N13,3,E697
N13,3,E698
N13,3,E699
N13,3,E702
N13,3,E706
N13,3,E708
N13,3,E710
N13,3,E711
N13,3,E712
N13,3,E715
N13,3,E716
N13,3,E718
N13,3,E720
N13,3,E722
N13,3,E723
N13,3,E724
N13,3,E725
N13,3,E728
N13,3,E732
N13,3,E733
N13,3,E734
N13,3,E736
N13,3,E739
N13,3,E744
N13,3,E745
N13,3,E746
N13,3,E747
N13,3,E748
N13,3,E749
N13,3,E751
N13,3,E753
N13,3,E754
N13,3,E755
N13,3,E759
N13,3,E760
N13,3,E765
N13,3,E766
N13,3,E767
N13,3,E769
N13,3,E770
N13,3,E771
N13,3,E774
N13,3,E777
N13,3,E778
N13,3,E782
N13,3,E784
N13,3,E786
N13,3,E791
N13,3,E792
N13,3,E793
N13,3,E794
N13,3,E796
N13,3,E797
N13,3,E799
N14,0,E000
N14,0,E001
N14,0,E002
N14,0,E004
N14,0,E005
N14,0,E007
N14,0,E008
N14,0,E011
N14,0,E012
N14,0,E015
N14,0,E016
N14,0,E018
N14,0,E023
N14,0,E025
N14,0,E028
N14,0,E029
N14,0,E030
N14,0,E031
N14,0,E032
N14,0,E034
N14,0,E041
N14,0,E042
N14,0,E045
N14,0,E047
N14,0,E048
N14,0,E049
N14,0,E053
N14,0,E054
N14,0,E057
N14,0,E058
N14,0,E059
N14,0,E061
N14,0,E062
N14,0,E064
N14,0,E066
N14,0,E071
N14,0,E075
N14,0,E077
N14,0,E078
N14,0,E079
N14,0,E081
N14,0,E082
N14,0,E083
N14,0,E085
N14,0,E087
N14,0,E088
N14,0,E089
N14,0,E090
N14,0,E091
N14,0,E092
N14,0,E093
N14,0,E094
N14,0,E095
N14,0,E101
N14,0,E102
N14,0,E105
N14,0,E109
N14,0,E113
N14,0,E114
N14,0,E116
N14,0,E119
N14,0,E120
N14,0,E121
N14,0,E122
N14,0,E125
N14,0,E127
N14,0,E129
N14,0,E130
N14,0,E132
N14,0,E135
N14,0,E136
N14,0,E137
N14,0,E139
N14,0,E140
N14,0,E143
N14,0,E144
N14,0,E145
N14,0,E148
N14,0,E149
N14,0,E151
N14,0,E152
N14,0,E153
N14,0,E157
N14,0,E163
N14,0,E164
N14,0,E166
N14,0,E167
N14,0,E168
N14,0,E169
N14,0,E170
N14,0,E172
N14,0,E178
N14,0,E179
N14,0,E186
N14,0,E188
N14,0,E189
N14,0,E192
N14,0,E193
N14,0,E195
N14,0,E198
N14,1,E200
N14,1,E201
N14,1,E203
N14,1,E205
N14,1,E206
N14,1,E209
N14,1,E213
N14,1,E214
N14,1,E215
N14,1,E216
N14,1,E217
N14,1,E218
N14,1,E221
N14,1,E227
N14,1,E229
N14,1,E230
N14,1,E232
N14,1,E234
N14,1,E235
N14,1,E237
N14,1,E239
N14,1,E240
N14,1,E241
N14,1,E242
N14,1,E247
N14,1,E252
N14,1,E254
N14,1,E258
N14,1,E259
N14,1,E260
N14,1,E261
N14,1,E263
N14,1,E264
N14,1,E265
N14,1,E268
N14,1,E270
N14,1,E273
N14,1,E275
N14,1,E276
N14,1,E278
N14,1,E281
N14,1,E282
N14,1,E285
N14,1,E286
N14,1,E294
N14,1,E295
N14,1,E296
N14,1,E297
N14,1,E298
N14,1,E302
N14,1,E305
N14,1,E307
N14,1,E308
N14,1,E310
N14,1,E315
N14,1,E316
N14,1,E318
N14,1,E323
N14,1,E325
N14,1,E326
N14,1,E329
N14,1,E330
N14,1,E332
N14,1,E333
N14,1,E337
N14,1,E338
N14,1,E339
N14,1,E340
N14,1,E344
N14,1,E348
N14,1,E349
N14,1,E350
N14,1,E351
N14,1,E353
N14,1,E354
N14,1,E355
N14,1,E361
N14,1,E363
N14,1,E364
N14,1,E365
N14,1,E366
N14,1,E367
N14,1,E368
N14,1,E369
N14,1,E370
N14,1,E371
N14,1,E372
N14,1,E376
N14,1,E377
N14,1,E379
N14,1,E380
N14,1,E385
N14,1,E386
N14,1,E388
N14,1,E391
N14,1,E395
N14,1,E396
N14,1,E397
N14,1,E398
N14,1,E399
N14,2,E400
N14,2,E405
N14,2,E406
N14,2,E408
N14,2,E411
N14,2,E412
N14,2,E415
N14,2,E421
N14,2,E423
N14,2,E425
N14,2,E426
N14,2,E427
N14,2,E428
N14,2,E430
N14,2,E431
N14,2,E432
N14,2,E434
N14,2,E435
N14,2,E436
N14,2,E437
N14,2,E438
N14,2,E439
N14,2,E443
N14,2,E446
N14,2,E447
N14,2,E448
N14,2,E450
N14,2,E452
N14,2,E454
N14,2,E455
N14,2,E457
N14,2,E460
N14,2,E462
N14,2,E464
N14,2,E465
N14,2,E466
N14,2,E467
N14,2,E468
N14,2,E471
N14,2,E472
N14,2,E482
N14,2,E483
N14,2,E484
N14,2,E487
N14,2,E488
N14,2,E489
N14,2,E490
N14,2,E491
N14,2,E492
N14,2,E494
N14,2,E497
N14,2,E498
N14,2,E502
N14,2,E504
N14,2,E505
N14,2,E507
N14,2,E508
N14,2,E511
N14,2,E513
N14,2,E514
N14,2,E516
N14,2,E517
N14,2,E520
N14,2,E522
N14,2,E523
N14,2,E525
N14,2,E531
N14,2,E534
N14,2,E536
N14,2,E537
N14,2,E538
N14,2,E542
N14,2,E544
N14,2,E545
N14,2,E546
N14,2,E549
N14,2,E551
N14,2,E553
N14,2,E556
N14,2,E557
N14,2,E558
N14,2,E559
N14,2,E561
N14,2,E562
N14,2,E563
N14,2,E564
N14,2,E565
N14,2,E569
N14,2,E570
N14,2,E571
N14,2,E573
N14,2,E575
N14,2,E579
N14,2,E580
N14,2,E585
N14,2,E586
N14,2,E591
N14,2,E593
N14,2,E596
N14,2,E598
N14,3,E604
N14,3,E607
N14,3,E608
N14,3,E609
N14,3,E610
N14,3,E611
N14,3,E613
N14,3,E614
N14,3,E615
N14,3,E617
N14,3,E618
N14,3,E619
N14,3,E620
N14,3,E621
N14,3,E622
N14,3,E624
N14,3,E625
N14,3,E626
N14,3,E628
N14,3,E629
N14,3,E630
N14,3,E632
N14,3,E637
N14,3,E640
N14,3,E642
N14,3,E644
N14,3,E650
N14,3,E651
N14,3,E652
N14,3,E653
N14,3,E655
N14,3,E656
N14,3,E657
N14,3,E660
N14,3,E662
N14,3,E664
N14,3,E669
N14,3,E670
N14,3,E671
N14,3,E672
N14,3,E674
N14,3,E675
N14,3,E677
N14,3,E682
N14,3,E685
N14,3,E688
N14,3,E692
N14,3,E697
N14,3,E699
N14,3,E700
N14,3,E701
N14,3,E705
N14,3,E711
N14,3,E712
N14,3,E715
N14,3,E717
N14,3,E718
N14,3,E719
N14,3,E721
N14,3,E724
N14,3,E725
N14,3,E732
N14,3,E733
N14,3,E734
N14,3,E739
N14,3,E742
N14,3,E744
N14,3,E745
N14,3,E746
N14,3,E747
N14,3,E750
N14,3,E751
N14,3,E753
N14,3,E754
N14,3,E758
N14,3,E759
N14,3,E760
N14,3,E762
N14,3,E763
N14,3,E764
N14,3,E765
N14,3,E767
N14,3,E768
N14,3,E770
N14,3,E772
N14,3,E773
N14,3,E775
N14,3,E776
N14,3,E777
N14,3,E778
N14,3,E780
N14,3,E781
N14,3,E788
N14,3,E789
N14,3,E791
N14,3,E792
N14,3,E794
N14,3,E795
N14,3,E796
N14,3,E798
N15,0,E000
N15,0,E001
N15,0,E003
N15,0,E008
N15,0,E009
N15,0,E011
N15,0,E012
N15,0,E013
N15,0,E015
N15,0,E020
N15,0,E021
N15,0,E022
N15,0,E023
N15,0,E026
N15,0,E028
N15,0,E030
N15,0,E031
N15,0,E032
N15,0,E036
N15,0,E037
N15,0,E038
N15,0,E041
N15,0,E044
N15,0,E046
N15,0,E047
N15,0,E049
N15,0,E050
N15,0,E052
N15,0,E053
N15,0,E056
N15,0,E063
N15,0,E066
N15,0,E067
N15,0,E069
N15,0,E071
N15,0,E072
N15,0,E073
N15,0,E077
N15,0,E078
N15,0,E079
N15,0,E081
N15,0,E082
N15,0,E086
N15,0,E087
N15,0,E088
N15,0,E089
N15,0,E090
N15,0,E091
N15,0,E100
N15,0,E103
N15,0,E104
N15,0,E105
N15,0,E106
N15,0,E107
N15,0,E110
N15,0,E111
N15,0,E112
N15,0,E114
N15,0,E115
N15,0,E116
N15,0,E117
N15,0,E119
N15,0,E122
N15,0,E123
N15,0,E125
N15,0,E126
N15,0,E127
N15,0,E130
N15,0,E131
N15,0,E137
N15,0,E140
N15,0,E145
N15,0,E146
N15,0,E148
N15,0,E156
N15,0,E157
N15,0,E160
N15,0,E163
N15,0,E165
N15,0,E166
N15,0,E172
N15,0,E173
N15,0,E174
N15,0,E175
N15,0,E177
N15,0,E178
N15,0,E179
N15,0,E180
N15,0,E181
N15,0,E183
N15,0,E184
N15,0,E186
N15,0,E187
N15,0,E189
N15,0,E191
N15,0,E192
N15,0,E195
N15,0,E197
N15,0,E198
N15,0,E199
N15,1,E201
N15,1,E202
N15,1,E204
N15,1,E206
N15,1,E209
N15,1,E210
N15,1,E214
N15,1,E215
N15,1,E217
N15,1,E218
N15,1,E219
N15,1,E221
N15,1,E222
N15,1,E223
N15,1,E224
N15,1,E229
N15,1,E230
N15,1,E234
N15,1,E236
N15,1,E237
N15,1,E238
N15,1,E239
N15,1,E242
N15,1,E247
N15,1,E248
N15,1,E249
N15,1,E253
N15,1,E254
N15,1,E256
N15,1,E257
N15,1,E260
N15,1,E261
N15,1,E262
N15,1,E265
N15,1,E266
N15,1,E275
N15,1,E278
N15,1,E280
N15,1,E283
N15,1,E284
N15,1,E287
N15,1,E291
N15,1,E293
N15,1,E294
N15,1,E297
N15,1,E300
N15,1,E301
N15,1,E302
N15,1,E303
N15,1,E305
N15,1,E307
N15,1,E308
N15,1,E309
N15,1,E310
N15,1,E311
N15,1,E313
N15,1,E314
N15,1,E315
N15,1,E318
N15,1,E323
N15,1,E325
N15,1,E326
N15,1,E328
N15,1,E330
N15,1,E331
N15,1,E333
N15,1,E334
N15,1,E335
N15,1,E336
N15,1,E341
N15,1,E342
N15,1,E344
N15,1,E345
N15,1,E346
N15,1,E347
N15,1,E348
N15,1,E349
N15,1,E350
N15,1,E351
N15,1,E356
N15,1,E357
N15,1,E358
N15,1,E359
N15,1,E363
N15,1,E364
N15,1,E365
N15,1,E372
N15,1,E374
N15,1,E375
N15,1,E378
N15,1,E382
N15,1,E383
N15,1,E387
N15,1,E388
N15,1,E390
N15,1,E391
N15,1,E394
N15,1,E396
N15,1,E397
N15,1,E399
N15,2,E401
N15,2,E406
N15,2,E407
N15,2,E409
N15,2,E410
N15,2,E415
N15,2,E417
N15,2,E418
N15,2,E421
N15,2,E422
N15,2,E425
N15,2,E426
N15,2,E429
N15,2,E430
N15,2,E432
N15,2,E435
N15,2,E439
N15,2,E440
N15,2,E442
N15,2,E443
N15,2,E453
N15,2,E457
N15,2,E458
N15,2,E460
N15,2,E465
N15,2,E468
N15,2,E469
N15,2,E470
N15,2,E471
N15,2,E472
N15,2,E474
N15,2,E475
N15,2,E478
N15,2,E479
N15,2,E480
N15,2,E483
N15,2,E484
N15,2,E488
N15,2,E489
N15,2,E490
N15,2,E492
N15,2,E494
N15,2,E495
N15,2,E497
N15,2,E500
N15,2,E501
N15,2,E502
N15,2,E503
N15,2,E504
N15,2,E507
N15,2,E508
N15,2,E509
N15,2,E510
N15,2,E513
N15,2,E516
N15,2,E518
N15,2,E520
N15,2,E524
N15,2,E526
N15,2,E528
N15,2,E529
N15,2,E530
N15,2,E533
N15,2,E534
N15,2,E535
N15,2,E538
N15,2,E540
N15,2,E541
N15,2,E542
N15,2,E543
N15,2,E547
N15,2,E549
N15,2,E550
N15,2,E551
N15,2,E552
N15,2,E553
N15,2,E555
N15,2,E557
N15,2,E561
N15,2,E563
N15,2,E564
N15,2,E565
N15,2,E566
N15,2,E569
N15,2,E571
N15,2,E572
N15,2,E573
N15,2,E574
N15,2,E577
N15,2,E583
N15,2,E585
N15,2,E587
N15,2,E588
N15,2,E590
N15,2,E594
N15,2,E595
N15,2,E596
N15,2,E597
N15,2,E598
N15,2,E599
N15,3,E600
N15,3,E601
N15,3,E603
N15,3,E604
N15,3,E605
N15,3,E606
N15,3,E609
N15,3,E610
N15,3,E613
N15,3,E614
N15,3,E616
N15,3,E618
N15,3,E619
N15,3,E620
N15,3,E626
N15,3,E627
N15,3,E630
N15,3,E631
N15,3,E632
N15,3,E633
N15,3,E634
N15,3,E635
N15,3,E640
N15,3,E642
N15,3,E645
N15,3,E646
N15,3,E649
N15,3,E650
N15,3,E651
N15,3,E654
N15,3,E655
N15,3,E656
N15,3,E658
N15,3,E660
N15,3,E661
N15,3,E669
N15,3,E672
N15,3,E674
N15,3,E676
N15,3,E678
N15,3,E683
N15,3,E684
N15,3,E685
N15,3,E686
N15,3,E689
N15,3,E690
N15,3,E692
N15,3,E693
N15,3,E694
N15,3,E696
N15,3,E698
N15,3,E699
N15,3,E704
N15,3,E705
N15,3,E706
N15,3,E707
N15,3,E711
N15,3,E713
N15,3,E714
N15,3,E716
N15,3,E718
N15,3,E719
N15,3,E721
N15,3,E724
N15,3,E725
N15,3,E726
N15,3,E727
N15,3,E730
N15,3,E733
N15,3,E737
N15,3,E740
N15,3,E741
N15,3,E744
N15,3,E745
N15,3,E746
N15,3,E747
N15,3,E748
N15,3,E751
N15,3,E753
N15,3,E756
N15,3,E758
N15,3,E759
N15,3,E762
N15,3,E764
N15,3,E765
N15,3,E768
N15,3,E772
N15,3,E775
N15,3,E776
N15,3,E777
N15,3,E779
N15,3,E781
N15,3,E782
N15,3,E784
N15,3,E786
N15,3,E788
N15,3,E791
N15,3,E795
N15,3,E796
N15,3,E799
N16,0,E002
N16,0,E003
N16,0,E005
N16,0,E006
N16,0,E011
N16,0,E013
N16,0,E015
N16,0,E016
N16,0,E017
N16,0,E018
N16,0,E019
N16,0,E023
N16,0,E024
N16,0,E028
N16,0,E031
N16,0,E032
N16,0,E034
N16,0,E037
N16,0,E039
N16,0,E041
N16,0,E043
N16,0,E045
N16,0,E046
N16,0,E047
N16,0,E048
N16,0,E049
N16,0,E050
N16,0,E051
N16,0,E056
N16,0,E061
N16,0,E066
N16,0,E067
N16,0,E068
N16,0,E069
N16,0,E070
N16,0,E072
N16,0,E073
N16,0,E074
N16,0,E075
N16,0,E076
N16,0,E077
N16,0,E080
N16,0,E081
N16,0,E082
N16,0,E083
N16,0,E084
N16,0,E087
N16,0,E090
N16,0,E091
N16,0,E094
N16,0,E095
N16,0,E097
N16,0,E103
N16,0,E104
N16,0,E105
N16,0,E112
N16,0,E116
N16,0,E117
N16,0,E120
N16,0,E121
N16,0,E123
N16,0,E125
N16,0,E129
N16,0,E130
N16,0,E131
N16,0,E134
N16,0,E136
N16,0,E138
N16,0,E139
N16,0,E140
N16,0,E141
N16,0,E142
N16,0,E143
N16,0,E144
N16,0,E145
N16,0,E146
N16,0,E147
N16,0,E148
N16,0,E149
N16,0,E152
N16,0,E153
N16,0,E154
N16,0,E158
N16,0,E159
N16,0,E161
N16,0,E162
N16,0,E163
N16,0,E164
N16,0,E165
N16,0,E169
N16,0,E170
N16,0,E171
N16,0,E172
N16,0,E173
N16,0,E174
N16,0,E175
N16,0,E188
N16,0,E189
N16,0,E191
N16,0,E195
N16,1,E200
N16,1,E201
N16,1,E204
N16,1,E206
N16,1,E209
N16,1,E211
N16,1,E212
N16,1,E214
N16,1,E216
N16,1,E218
N16,1,E221
N16,1,E222
N16,1,E223
N16,1,E225
N16,1,E227
N16,1,E228
N16,1,E230
N16,1,E234
N16,1,E236
N16,1,E238
N16,1,E241
N16,1,E243
N16,1,E245
N16,1,E249
N16,1,E250
N16,1,E251
N16,1,E252
N16,1,E254
N16,1,E256
N16,1,E258
N16,1,E260
N16,1,E264
N16,1,E266
N16,1,E268
N16,1,E269
N16,1,E272
N16,1,E273
N16,1,E277
N16,1,E278
N16,1,E279
N16,1,E280
N16,1,E281
N16,1,E284
N16,1,E285
N16,1,E288
N16,1,E290
N16,1,E293
N16,1,E295
N16,1,E297
N16,1,E298
N16,1,E300
N16,1,E304
N16,1,E306
N16,1,E308
N16,1,E309
N16,1,E310
N16,1,E312
N16,1,E315
N16,1,E317
N16,1,E322
N16,1,E324
N16,1,E325
N16,1,E326
N16,1,E327
N16,1,E328
N16,1,E329
N16,1,E331
N16,1,E335
N16,1,E336
N16,1,E338
N16,1,E339
N16,1,E341
N16,1,E342
N16,1,E345
N16,1,E349
N16,1,E351
N16,1,E353
N16,1,E354
N16,1,E355
N16,1,E357
N16,1,E361
N16,1,E364
N16,1,E366
N16,1,E367
N16,1,E372
N16,1,E374
N16,1,E377
N16,1,E378
N16,1,E381
N16,1,E383
N16,1,E384
N16,1,E386
N16,1,E388
N16,1,E390
N16,1,E391
N16,1,E392
N16,1,E394
N16,1,E396
N16,1,E397
N16,1,E398
N16,2,E401
N16,2,E402
N16,2,E403
N16,2,E406
N16,2,E408
N16,2,E409
N16,2,E411
N16,2,E412
N16,2,E413
N16,2,E419
N16,2,E425
N16,2,E427
N16,2,E431
N16,2,E432
N16,2,E434
N16,2,E436
N16,2,E438
N16,2,E439
N16,2,E442
N16,2,E444
N16,2,E445
N16,2,E447
N16,2,E448
N16,2,E450
N16,2,E453
N16,2,E454
N16,2,E456
N16,2,E457
N16,2,E458
N16,2,E461
N16,2,E462
N16,2,E463
N16,2,E465
N16,2,E467
N16,2,E468
N16,2,E471
N16,2,E472
N16,2,E473
N16,2,E475
N16,2,E476
N16,2,E482
N16,2,E484
N16,2,E486
N16,2,E487
N16,2,E490
N16,2,E495
N16,2,E496
N16,2,E497
N16,2,E499
N16,2,E500
N16,2,E502
N16,2,E503
N16,2,E505
N16,2,E506
N16,2,E508
N16,2,E509
N16,2,E510
N16,2,E511
N16,2,E513
N16,2,E515
N16,2,E516
N16,2,E519
N16,2,E521
N16,2,E522
N16,2,E523
N16,2,E524
N16,2,E525
N16,2,E526
N16,2,E529
N16,2,E531
N16,2,E536
N16,2,E537
N16,2,E540
N16,2,E541
N16,2,E543
N16,2,E545
N16,2,E547
N16,2,E553
N16,2,E555
N16,2,E556
N16,2,E557
N16,2,E559
N16,2,E561
N16,2,E562
N16,2,E563
N16,2,E564
N16,2,E565
N16,2,E567
N16,2,E572
N16,2,E573
N16,2,E574
N16,2,E575
N16,2,E577
N16,2,E578
N16,2,E579
N16,2,E581
N16,2,E582
N16,2,E585
N16,2,E595
N16,2,E596
N16,3,E600
N16,3,E604
N16,3,E605
N16,3,E610
N16,3,E611
N16,3,E614
N16,3,E617
N16,3,E618
N16,3,E621
N16,3,E623
N16,3,E625
N16,3,E627
N16,3,E628
N16,3,E629
N16,3,E633
N16,3,E635
N16,3,E637
N16,3,E640
N16,3,E641
N16,3,E646
N16,3,E648
N16,3,E649
N16,3,E650
N16,3,E651
N16,3,E652
N16,3,E653
N16,3,E657
N16,3,E658
N16,3,E660
N16,3,E661
N16,3,E662
N16,3,E663
N16,3,E664
N16,3,E667
N16,3,E668
N16,3,E669
N16,3,E671
N16,3,E672
N16,3,E674
N16,3,E676
N16,3,E678
N16,3,E680
N16,3,E684
N16,3,E685
N16,3,E686
N16,3,E687
N16,3,E691
N16,3,E696
N16,3,E701
N16,3,E704
N16,3,E705
N16,3,E706
N16,3,E708
N16,3,E709
N16,3,E710
N16,3,E711
N16,3,E712
N16,3,E713
N16,3,E717
N16,3,E718
N16,3,E719
N16,3,E721
N16,3,E722
N16,3,E724
N16,3,E725
N16,3,E728
N16,3,E729
N16,3,E730
N16,3,E732
N16,3,E737
N16,3,E738
N16,3,E741
N16,3,E746
N16,3,E748
N16,3,E749
N16,3,E750
N16,3,E757
N16,3,E758
N16,3,E760
N16,3,E761
N16,3,E766
N16,3,E767
N16,3,E770
N16,3,E772
N16,3,E774
N16,3,E775
N16,3,E777
N16,3,E778
N16,3,E779
N16,3,E782
N16,3,E784
N16,3,E785
N16,3,E786
N16,3,E790
N16,3,E791
N16,3,E792
N16,3,E795
N16,3,E796
N16,3,E797
N16,3,E798
N17,0,E003
N17,0,E005
N17,0,E006
N17,0,E007
N17,0,E008
N17,0,E009
N17,0,E010
N17,0,E011
N17,0,E012
N17,0,E016
N17,0,E017
N17,0,E019
N17,0,E020
N17,0,E021
N17,0,E025
N17,0,E026
N17,0,E027
N17,0,E031
N17,0,E032
N17,0,E033
N17,0,E036
N17,0,E037
N17,0,E038
N17,0,E043
N17,0,E046
N17,0,E051
N17,0,E054
N17,0,E056
N17,0,E057
N17,0,E060
N17,0,E062
N17,0,E063
N17,0,E064
N17,0,E066
N17,0,E069
N17,0,E070
N17,0,E072
N17,0,E075
N17,0,E077
N17,0,E078
N17,0,E080
N17,0,E082
N17,0,E084
N17,0,E085
N17,0,E086
N17,0,E088
N17,0,E089
N17,0,E093
N17,0,E095
N17,0,E096
N17,0,E099
N17,0,E102
N17,0,E103
N17,0,E106
N17,0,E110
N17,0,E111
N17,0,E112
N17,0,E114
N17,0,E116
N17,0,E117
N17,0,E118
N17,0,E119
N17,0,E120
N17,0,E127
N17,0,E128
N17,0,E132
N17,0,E133
N17,0,E136
N17,0,E137
N17,0,E139
N17,0,E140
N17,0,E141
N17,0,E143
N17,0,E146
N17,0,E147
N17,0,E151
N17,0,E152
N17,0,E154
N17,0,E159
N17,0,E160
N17,0,E161
N17,0,E163
N17,0,E165
N17,0,E167
N17,0,E168
N17,0,E172
N17,0,E173
N17,0,E176
N17,0,E178
N17,0,E180
N17,0,E181
N17,0,E183
N17,0,E185
N17,0,E187
N17,0,E189
N17,0,E190
N17,0,E191
N17,0,E192
N17,0,E194
N17,0,E196
N17,1,E202
N17,1,E203
N17,1,E205
N17,1,E207
N17,1,E208
N17,1,E211
N17,1,E213
N17,1,E214
N17,1,E217
N17,1,E218
N17,1,E219
N17,1,E220
N17,1,E221
N17,1,E224
N17,1,E225
N17,1,E227
N17,1,E228
N17,1,E230
N17,1,E231
N17,1,E232
N17,1,E233
N17,1,E235
N17,1,E236
N17,1,E237
N17,1,E239
N17,1,E240
N17,1,E242
N17,1,E243
N17,1,E245
N17,1,E253
N17,1,E254
N17,1,E256
N17,1,E259
N17,1,E260
N17,1,E262
N17,1,E265
N17,1,E269
N17,1,E271
N17,1,E275
N17,1,E277
N17,1,E279
N17,1,E283
N17,1,E284
N17,1,E287
N17,1,E289
N17,1,E291
N17,1,E292
N17,1,E293
N17,1,E294
N17,1,E295
N17,1,E297
N17,1,E298
N17,1,E299
N17,1,E305
N17,1,E307
N17,1,E308
N17,1,E309
N17,1,E310
N17,1,E312
N17,1,E313
N17,1,E314
N17,1,E316
N17,1,E317
N17,1,E321
N17,1,E325
N17,1,E327
N17,1,E328
N17,1,E331
N17,1,E332
N17,1,E334
N17,1,E338
N17,1,E341
N17,1,E347
N17,1,E352
N17,1,E353
N17,1,E355
N17,1,E358
N17,1,E362
N17,1,E365
N17,1,E366
N17,1,E367
N17,1,E368
N17,1,E369
N17,1,E372
N17,1,E373
N17,1,E377
N17,1,E378
N17,1,E381
N17,1,E382
N17,1,E383
N17,1,E385
N17,1,E386
N17,1,E387
N17,1,E389
N17,1,E390
N17,1,E392
N17,1,E393
N17,1,E394
N17,1,E395
N17,1,E396
N17,2,E401
N17,2,E402
N17,2,E404
N17,2,E406
N17,2,E408
N17,2,E410
N17,2,E412
N17,2,E415
N17,2,E420
N17,2,E421
N17,2,E425
N17,2,E428
N17,2,E431
N17,2,E433
N17,2,E434
N17,2,E437
N17,2,E438
N17,2,E439
N17,2,E440
N17,2,E441
N17,2,E442
N17,2,E443
N17,2,E451
N17,2,E453
N17,2,E455
N17,2,E459
N17,2,E460
N17,2,E462
N17,2,E464
N17,2,E468
N17,2,E469
N17,2,E470
N17,2,E471
N17,2,E474
N17,2,E479
N17,2,E483
N17,2,E488
N17,2,E489
N17,2,E490
N17,2,E494
N17,2,E499
N17,2,E501
N17,2,E502
N17,2,E504
N17,2,E505
N17,2,E508
N17,2,E509
N17,2,E510
N17,2,E513
N17,2,E514
N17,2,E516
N17,2,E518
N17,2,E520
N17,2,E521
N17,2,E522
N17,2,E523
N17,2,E524
N17,2,E525
N17,2,E529
N17,2,E531
N17,2,E532
N17,2,E533
N17,2,E536
N17,2,E538
N17,2,E539
N17,2,E540
N17,2,E541
N17,2,E542
N17,2,E546
N17,2,E548
N17,2,E549
N17,2,E550
N17,2,E552
N17,2,E553
N17,2,E555
N17,2,E556
N17,2,E557
N17,2,E560
N17,2,E561
N17,2,E562
N17,2,E563
N17,2,E564
N17,2,E566
N17,2,E568
N17,2,E569
N17,2,E572
N17,2,E574
N17,2,E578
N17,2,E579
N17,2,E580
N17,2,E583
N17,2,E585
N17,2,E586
N17,2,E587
N17,2,E590
N17,2,E593
N17,2,E594
N17,2,E595
N17,2,E596
N17,2,E598
N17,3,E600
N17,3,E602
N17,3,E603
N17,3,E606
N17,3,E609
N17,3,E611
N17,3,E612
N17,3,E614
N17,3,E616
N17,3,E617
N17,3,E619
N17,3,E620
N17,3,E621
N17,3,E622
N17,3,E626
N17,3,E628
N17,3,E633
N17,3,E634
N17,3,E637
N17,3,E643
N17,3,E644
N17,3,E645
N17,3,E652
N17,3,E653
N17,3,E655
N17,3,E657
N17,3,E658
N17,3,E659
N17,3,E661
N17,3,E662
N17,3,E665
N17,3,E667
N17,3,E668
N17,3,E670
N17,3,E671
N17,3,E673
N17,3,E675
N17,3,E676
N17,3,E677
N17,3,E678
N17,3,E679
N17,3,E680
N17,3,E681
N17,3,E683
N17,3,E685
N17,3,E688
N17,3,E694
N17,3,E696
N17,3,E697
N17,3,E698
N17,3,E699
N17,3,E702
N17,3,E703
N17,3,E705
N17,3,E706
N17,3,E707
N17,3,E711
N17,3,E715
N17,3,E716
N17,3,E719
N17,3,E724
N17,3,E725
N17,3,E726
N17,3,E727
N17,3,E728
N17,3,E730
N17,3,E732
N17,3,E734
N17,3,E735
N17,3,E737
N17,3,E739
N17,3,E741
N17,3,E742
N17,3,E743
N17,3,E746
N17,3,E748
N17,3,E753
N17,3,E754
N17,3,E758
N17,3,E762
N17,3,E763
N17,3,E764
N17,3,E766
N17,3,E769
N17,3,E770
N17,3,E772
N17,3,E773
N17,3,E774
N17,3,E776
N17,3,E782
N17,3,E785
N17,3,E787
N17,3,E788
N17,3,E789
N17,3,E792
N17,3,E793
N17,3,E794
N17,3,E796
N17,3,E798
N17,3,E799
N18,0,E004
N18,0,E005
N18,0,E006
N18,0,E007
N18,0,E008
N18,0,E011
N18,0,E012
N18,0,E013
N18,0,E015
N18,0,E016
N18,0,E018
N18,0,E019
N18,0,E020
N18,0,E023
N18,0,E026
N18,0,E027
N18,0,E032
N18,0,E033
N18,0,E038
N18,0,E040
N18,0,E044
N18,0,E048
N18,0,E049
N18,0,E050
N18,0,E052
N18,0,E053
N18,0,E057
N18,0,E059
N18,0,E060
N18,0,E061
N18,0,E063
N18,0,E064
N18,0,E066
N18,0,E068
N18,0,E069
N18,0,E070
N18,0,E071
N18,0,E072
N18,0,E073
N18,0,E074
N18,0,E076
N18,0,E077
N18,0,E082
N18,0,E085
N18,0,E089
N18,0,E092
N18,0,E093
N18,0,E099
N18,0,E100
N18,0,E102
N18,0,E103
N18,0,E104
N18,0,E109
N18,0,E111
N18,0,E112
N18,0,E113
N18,0,E115
N18,0,E116
N18,0,E121
N18,0,E122
N18,0,E123
N18,0,E124
N18,0,E126
N18,0,E129
N18,0,E130
N18,0,E131
N18,0,E132
N18,0,E133
N18,0,E137
N18,0,E138
N18,0,E139
N18,0,E141
N18,0,E142
N18,0,E143
N18,0,E144
N18,0,E145
N18,0,E147
N18,0,E152
N18,0,E153
N18,0,E154
N18,0,E156
N18,0,E157
N18,0,E158
N18,0,E160
N18,0,E161
N18,0,E162
N18,0,E165
N18,0,E168
N18,0,E172
N18,0,E173
N18,0,E176
N18,0,E180
N18,0,E182
N18,0,E183
N18,0,E184
N18,0,E187
N18,0,E190
N18,0,E191
N18,0,E192
N18,0,E199
N18,1,E201
N18,1,E207
N18,1,E209
N18,1,E211
N18,1,E214
N18,1,E215
N18,1,E216
N18,1,E217
N18,1,E219
N18,1,E221
N18,1,E223
N18,1,E228
N18,1,E229
N18,1,E231
N18,1,E232
N18,1,E233
N18,1,E234
N18,1,E238
N18,1,E239
N18,1,E240
N18,1,E241
N18,1,E242
N18,1,E243
N18,1,E244
N18,1,E246
N18,1,E248
N18,1,E249
N18,1,E253
N18,1,E254
N18,1,E255
N18,1,E258
N18,1,E260
N18,1,E263
N18,1,E264
N18,1,E265
N18,1,E271
N18,1,E275
N18,1,E279
N18,1,E281
N18,1,E285
N18,1,E287
N18,1,E291
N18,1,E292
N18,1,E296
N18,1,E297
N18,1,E299
N18,1,E300
N18,1,E301
N18,1,E303
N18,1,E304
N18,1,E305
N18,1,E308
N18,1,E312
N18,1,E315
N18,1,E316
N18,1,E319
N18,1,E320
N18,1,E321
N18,1,E323
N18,1,E324
N18,1,E327
N18,1,E328
N18,1,E329
N18,1,E331
N18,1,E332
N18,1,E333
N18,1,E335
N18,1,E336
N18,1,E337
N18,1,E338
N18,1,E340
N18,1,E342
N18,1,E343
N18,1,E346
N18,1,E347
N18,1,E348
N18,1,E349
N18,1,E356
N18,1,E357
N18,1,E358
N18,1,E361
N18,1,E365
N18,1,E368
N18,1,E369
N18,1,E371
N18,1,E374
N18,1,E375
N18,1,E377
N18,1,E379
N18,1,E381
N18,1,E382
N18,1,E383
N18,1,E386
N18,1,E388
N18,1,E390
N18,1,E391
N18,1,E392
N18,1,E393
N18,1,E396
N18,1,E399
N18,2,E400
N18,2,E402
N18,2,E403
N18,2,E405
N18,2,E406
N18,2,E407
N18,2,E408
N18,2,E410
N18,2,E413
N18,2,E417
N18,2,E418
N18,2,E420
N18,2,E425
N18,2,E427
N18,2,E428
N18,2,E432
N18,2,E434
N18,2,E438
N18,2,E441
N18,2,E442
N18,2,E443
N18,2,E446
N18,2,E447
N18,2,E450
N18,2,E451
N18,2,E452
N18,2,E457
N18,2,E460
N18,2,E461
N18,2,E463
N18,2,E464
N18,2,E465
N18,2,E467
N18,2,E469
N18,2,E470
N18,2,E474
N18,2,E475
N18,2,E476
N18,2,E477
N18,2,E478
N18,2,E479
N18,2,E480
N18,2,E481
N18,2,E482
N18,2,E483
N18,2,E487
N18,2,E489
N18,2,E492
N18,2,E493
N18,2,E495
N18,2,E496
N18,2,E497
N18,2,E503
N18,2,E506
N18,2,E507
N18,2,E509
N18,2,E510
N18,2,E513
N18,2,E514
N18,2,E515
N18,2,E517
N18,2,E518
N18,2,E521
N18,2,E522
N18,2,E523
N18,2,E524
N18,2,E526
N18,2,E527
N18,2,E529
N18,2,E534
N18,2,E537
N18,2,E538
N18,2,E539
N18,2,E540
N18,2,E542
N18,2,E543
N18,2,E545
N18,2,E547
N18,2,E548
N18,2,E550
N18,2,E551
N18,2,E554
N18,2,E557
N18,2,E558
N18,2,E560
N18,2,E563
N18,2,E571
N18,2,E575
N18,2,E576
N18,2,E577
N18,2,E579
N18,2,E584
N18,2,E586
N18,2,E588
N18,2,E591
N18,2,E592
N18,2,E593
N18,2,E594
N18,2,E595
N18,2,E598
N18,3,E600
N18,3,E606
N18,3,E607
N18,3,E608
N18,3,E609
N18,3,E611
N18,3,E612
N18,3,E615
N18,3,E617
N18,3,E618
N18,3,E623
N18,3,E624
N18,3,E625
N18,3,E629
N18,3,E630
N18,3,E631
N18,3,E634
N18,3,E636
N18,3,E637
N18,3,E639
N18,3,E641
N18,3,E643
N18,3,E648
N18,3,E652
N18,3,E653
N18,3,E655
N18,3,E656
N18,3,E659
N18,3,E661
N18,3,E662
N18,3,E664
N18,3,E665
N18,3,E668
N18,3,E675
N18,3,E677
N18,3,E678
N18,3,E682
N18,3,E685
N18,3,E687
N18,3,E689
N18,3,E690
N18,3,E693
N18,3,E694
N18,3,E695
N18,3,E699
N18,3,E700
N18,3,E701
N18,3,E703
N18,3,E705
N18,3,E707
N18,3,E708
N18,3,E709
N18,3,E711
N18,3,E712
N18,3,E717
N18,3,E718
N18,3,E719
N18,3,E720
N18,3,E721
N18,3,E722
N18,3,E727
N18,3,E728
N18,3,E729
N18,3,E730
N18,3,E731
N18,3,E732
N18,3,E733
N18,3,E735
N18,3,E737
N18,3,E743
N18,3,E745
N18,3,E746
N18,3,E748
N18,3,E750
N18,3,E751
N18,3,E752
N18,3,E753
N18,3,E755
N18,3,E756
N18,3,E759
N18,3,E760
N18,3,E761
N18,3,E762
N18,3,E763
N18,3,E764
N18,3,E766
N18,3,E767
N18,3,E768
N18,3,E771
N18,3,E772
N18,3,E779
N18,3,E780
N18,3,E781
N18,3,E784
N18,3,E785
N18,3,E787
N18,3,E791
N18,3,E792
N18,3,E793
N18,3,E796
N19,0,E003
N19,0,E004
N19,0,E005
N19,0,E007
N19,0,E010
N19,0,E011
N19,0,E012
N19,0,E014
N19,0,E017
N19,0,E020
N19,0,E021
N19,0,E029
N19,0,E030
N19,0,E031
N19,0,E034
N19,0,E035
N19,0,E038
N19,0,E039
N19,0,E040
N19,0,E043
N19,0,E044
N19,0,E046
N19,0,E047
N19,0,E049
N19,0,E052
N19,0,E053
N19,0,E054
N19,0,E055
N19,0,E056
N19,0,E058
N19,0,E063
N19,0,E064
N19,0,E065
N19,0,E066
N19,0,E067
N19,0,E073
N19,0,E075
N19,0,E076
N19,0,E077
N19,0,E078
N19,0,E079
N19,0,E082
N19,0,E086
N19,0,E087
N19,0,E089
N19,0,E091
N19,0,E092
N19,0,E094
N19,0,E097
N19,0,E098
N19,0,E100
N19,0,E101
N19,0,E102
N19,0,E103
N19,0,E106
N19,0,E108
N19,0,E110
N19,0,E113
N19,0,E114
N19,0,E115
N19,0,E117
N19,0,E118
N19,0,E119
N19,0,E121
N19,0,E122
N19,0,E124
N19,0,E127
N19,0,E128
N19,0,E129
N19,0,E131
N19,0,E132
N19,0,E133
N19,0,E134
N19,0,E135
N19,0,E139
N19,0,E140
N19,0,E143
N19,0,E144
N19,0,E148
N19,0,E150
N19,0,E153
N19,0,E154
N19,0,E162
N19,0,E163
N19,0,E165
N19,0,E168
N19,0,E169
N19,0,E170
N19,0,E171
N19,0,E173
N19,0,E178
N19,0,E180
N19,0,E182
N19,0,E185
N19,0,E186
N19,0,E187
N19,0,E188
N19,0,E190
N19,0,E191
N19,0,E193
N19,1,E200
N19,1,E203
N19,1,E205
N19,1,E206
N19,1,E209
N19,1,E210
N19,1,E211
N19,1,E213
N19,1,E214
N19,1,E218
N19,1,E221
N19,1,E222
N19,1,E223
N19,1,E224
N19,1,E225
N19,1,E226
N19,1,E228
N19,1,E231
N19,1,E237
N19,1,E240
N19,1,E243
N19,1,E246
N19,1,E247
N19,1,E251
N19,1,E252
N19,1,E253
N19,1,E254
N19,1,E255
N19,1,E256
N19,1,E258
N19,1,E259
N19,1,E260
N19,1,E262
N19,1,E263
N19,1,E264
N19,1,E269
N19,1,E270
N19,1,E271
N19,1,E272
N19,1,E273
N19,1,E274
N19,1,E281
N19,1,E283
N19,1,E284
N19,1,E287
N19,1,E288
N19,1,E289
N19,1,E294
N19,1,E295
N19,1,E297
N19,1,E298
N19,1,E300
N19,1,E304
N19,1,E305
N19,1,E306
N19,1,E307
N19,1,E309
N19,1,E310
N19,1,E311
N19,1,E312
N19,1,E314
N19,1,E322
N19,1,E323
N19,1,E324
N19,1,E325
N19,1,E328
N19,1,E330
N19,1,E331
N19,1,E333
N19,1,E336
N19,1,E337
N19,1,E338
N19,1,E339
N19,1,E341
N19,1,E342
N19,1,E343
N19,1,E345
N19,1,E346
N19,1,E348
N19,1,E352
N19,1,E353
N19,1,E355
N19,1,E358
N19,1,E360
N19,1,E362
N19,1,E364
N19,1,E366
N19,1,E373
N19,1,E374
N19,1,E377
N19,1,E378
N19,1,E379
N19,1,E381
N19,1,E382
N19,1,E389
N19,1,E391
N19,1,E392
N19,1,E393
N19,1,E395
N19,1,E396
N19,2,E400
N19,2,E401
N19,2,E406
N19,2,E407
N19,2,E409
N19,2,E412
N19,2,E416
N19,2,E417
N19,2,E418
N19,2,E419
N19,2,E420
N19,2,E422
N19,2,E423
N19,2,E426
N19,2,E429
N19,2,E430
N19,2,E431
N19,2,E433
N19,2,E434
N19,2,E438
N19,2,E439
N19,2,E442
N19,2,E444
N19,2,E445
N19,2,E447
N19,2,E448
N19,2,E449
N19,2,E450
N19,2,E452
N19,2,E454
N19,2,E459
N19,2,E460
N19,2,E463
N19,2,E467
N19,2,E471
N19,2,E472
N19,2,E473
N19,2,E475
N19,2,E477
N19,2,E478
N19,2,E481
N19,2,E483
N19,2,E485
N19,2,E488
N19,2,E492
N19,2,E501
N19,2,E502
N19,2,E505
N19,2,E506
N19,2,E507
N19,2,E508
N19,2,E512
N19,2,E513
N19,2,E514
N19,2,E515
N19,2,E516
N19,2,E519
N19,2,E521
N19,2,E523
N19,2,E524
N19,2,E527
N19,2,E528
N19,2,E530
N19,2,E536
N19,2,E538
N19,2,E542
N19,2,E543
N19,2,E547
N19,2,E548
N19,2,E550
N19,2,E551
N19,2,E553
N19,2,E554
N19,2,E555
N19,2,E556
N19,2,E558
N19,2,E560
N19,2,E562
N19,2,E563
N19,2,E565
N19,2,E569
N19,2,E570
N19,2,E571
N19,2,E572
N19,2,E573
N19,2,E574
N19,2,E575
N19,2,E576
N19,2,E578
N19,2,E580
N19,2,E581
N19,2,E583
N19,2,E586
N19,2,E588
N19,2,E594
N19,2,E595
N19,2,E596
N19,2,E597
N19,2,E598
N19,2,E599
N19,3,E600
N19,3,E601
N19,3,E602
N19,3,E605
N19,3,E606
N19,3,E609
N19,3,E614
N19,3,E615
N19,3,E616
N19,3,E619
N19,3,E620
N19,3,E622
N19,3,E627
N19,3,E628
N19,3,E631
N19,3,E635
N19,3,E637
N19,3,E639
N19,3,E640
N19,3,E642
N19,3,E643
N19,3,E645
N19,3,E646
N19,3,E647
N19,3,E651
N19,3,E652
N19,3,E653
N19,3,E659
N19,3,E660
N19,3,E663
N19,3,E664
N19,3,E665
N19,3,E667
N19,3,E669
N19,3,E670
N19,3,E672
N19,3,E675
N19,3,E678
N19,3,E680
N19,3,E682
N19,3,E683
N19,3,E685
N19,3,E686
N19,3,E687
N19,3,E689
N19,3,E691
N19,3,E693
N19,3,E694
N19,3,E697
N19,3,E699
N19,3,E701
N19,3,E704
N19,3,E706
N19,3,E709
N19,3,E710
N19,3,E711
N19,3,E714
N19,3,E715
N19,3,E718
N19,3,E719
N19,3,E721
N19,3,E722
N19,3,E726
N19,3,E727
N19,3,E728
N19,3,E729
N19,3,E735
N19,3,E739
N19,3,E743
N19,3,E746
N19,3,E748
N19,3,E749
N19,3,E751
N19,3,E752
N19,3,E754
N19,3,E756
N19,3,E758
N19,3,E761
N19,3,E764
N19,3,E766
N19,3,E767
N19,3,E768
N19,3,E769
N19,3,E773
N19,3,E775
N19,3,E776
N19,3,E779
N19,3,E780
N19,3,E781
N19,3,E782
N19,3,E783
N19,3,E784
N19,3,E786
N19,3,E787
N19,3,E790
N19,3,E794
N19,3,E795
N19,3,E796
N19,3,E797
N19,3,E799
N20,0,E000
N20,0,E003
N20,0,E004
N20,0,E005
N20,0,E007
N20,0,E009
N20,0,E012
N20,0,E013
N20,0,E015
N20,0,E017
N20,0,E018
N20,0,E020
N20,0,E023
N20,0,E025
N20,0,E026
N20,0,E029
N20,0,E030
N20,0,E031
N20,0,E033
N20,0,E034
N20,0,E036
N20,0,E037
N20,0,E039
N20,0,E040
N20,0,E042
N20,0,E043
N20,0,E045
N20,0,E046
N20,0,E047
N20,0,E049
N20,0,E054
N20,0,E056
N20,0,E057
N20,0,E058
N20,0,E061
N20,0,E064
N20,0,E067
N20,0,E068
N20,0,E072
N20,0,E074
N20,0,E075
N20,0,E078
N20,0,E085
N20,0,E087
N20,0,E089
N20,0,E091
N20,0,E093
N20,0,E094
N20,0,E095
N20,0,E096
N20,0,E097
N20,0,E098
N20,0,E100
N20,0,E104
N20,0,E110
N20,0,E112
N20,0,E115
N20,0,E116
N20,0,E120
N20,0,E121
N20,0,E122
N20,0,E123
N20,0,E125
N20,0,E126
N20,0,E129
N20,0,E136
N20,0,E139
N20,0,E142
N20,0,E146
N20,0,E147
N20,0,E149
N20,0,E150
N20,0,E151
N20,0,E152
N20,0,E153
N20,0,E154
N20,0,E155
N20,0,E157
N20,0,E158
N20,0,E159
N20,0,E163
N20,0,E166
N20,0,E167
N20,0,E168
N20,0,E169
N20,0,E171
N20,0,E173
N20,0,E174
N20,0,E175
N20,0,E176
N20,0,E181
N20,0,E184
N20,0,E186
N20,0,E187
N20,0,E190
N20,0,E191
N20,0,E192
N20,0,E194
N20,0,E195
N20,0,E199
N20,1,E201
N20,1,E202
N20,1,E208
N20,1,E209
N20,1,E212
N20,1,E214
N20,1,E216
N20,1,E219
N20,1,E220
N20,1,E221
N20,1,E224
N20,1,E225
N20,1,E227
N20,1,E228
N20,1,E231
N20,1,E235
N20,1,E236
N20,1,E238
N20,1,E239
N20,1,E241
N20,1,E242
N20,1,E245
N20,1,E246
N20,1,E251
N20,1,E254
N20,1,E258
N20,1,E259
N20,1,E260
N20,1,E261
N20,1,E264
N20,1,E266
N20,1,E267
N20,1,E268
N20,1,E270
N20,1,E273
N20,1,E274
N20,1,E277
N20,1,E279
N20,1,E280
N20,1,E281
N20,1,E283
N20,1,E286
N20,1,E288
N20,1,E290
N20,1,E292
N20,1,E293
N20,1,E298
N20,1,E299
N20,1,E300
N20,1,E302
N20,1,E305
N20,1,E308
N20,1,E309
N20,1,E310
N20,1,E312
N20,1,E313
N20,1,E314
N20,1,E320
N20,1,E322
N20,1,E323
N20,1,E324
N20,1,E326
N20,1,E327
N20,1,E328
N20,1,E329
N20,1,E330
N20,1,E334
N20,1,E335
N20,1,E338
N20,1,E339
N20,1,E341
N20,1,E342
N20,1,E343
N20,1,E346
N20,1,E349
N20,1,E350
N20,1,E351
N20,1,E352
N20,1,E355
N20,1,E356
N20,1,E358
N20,1,E360
N20,1,E362
N20,1,E365
N20,1,E366
N20,1,E368
N20,1,E374
N20,1,E378
N20,1,E379
N20,1,E380
N20,1,E381
N20,1,E384
N20,1,E385
N20,1,E388
N20,1,E389
N20,1,E392
N20,1,E396
N20,1,E397
N20,1,E398
N20,1,E399
N20,2,E400
N20,2,E407
N20,2,E408
N20,2,E409
N20,2,E410
N20,2,E412
N20,2,E418
N20,2,E420
N20,2,E421
N20,2,E422
N20,2,E423
N20,2,E430
N20,2,E432
N20,2,E434
N20,2,E437
N20,2,E438
N20,2,E439
N20,2,E440
N20,2,E443
N20,2,E445
N20,2,E447
N20,2,E451
N20,2,E454
N20,2,E455
N20,2,E457
N20,2,E458
N20,2,E460
N20,2,E461
N20,2,E462
N20,2,E463
N20,2,E467
N20,2,E469
N20,2,E472
N20,2,E475
N20,2,E476
N20,2,E478
N20,2,E481
N20,2,E483
N20,2,E484
N20,2,E485
N20,2,E491
N20,2,E493
N20,2,E494
N20,2,E495
N20,2,E496
N20,2,E497
N20,2,E498
N20,2,E500
N20,2,E502
N20,2,E505
N20,2,E508
N20,2,E511
N20,2,E512
N20,2,E514
N20,2,E515
N20,2,E516
N20,2,E517
N20,2,E518
N20,2,E519
N20,2,E520
N20,2,E521
N20,2,E523
N20,2,E524
N20,2,E529
N20,2,E530
N20,2,E535
N20,2,E536
N20,2,E538
N20,2,E541
N20,2,E544
N20,2,E547
N20,2,E548
N20,2,E553
N20,2,E554
N20,2,E555
N20,2,E556
N20,2,E558
N20,2,E559
N20,2,E560
N20,2,E561
N20,2,E563
N20,2,E564
N20,2,E565
N20,2,E567
N20,2,E576
N20,2,E578
N20,2,E579
N20,2,E580
N20,2,E581
N20,2,E583
N20,2,E584
N20,2,E585
N20,2,E586
N20,2,E587
N20,2,E588
N20,2,E592
N20,2,E594
N20,2,E595
N20,2,E596
N20,2,E599
N20,3,E600
N20,3,E601
N20,3,E608
N20,3,E609
N20,3,E614
N20,3,E616
N20,3,E617
N20,3,E623
N20,3,E625
N20,3,E627
N20,3,E628
N20,3,E630
N20,3,E631
N20,3,E632
N20,3,E634
N20,3,E635
N20,3,E636
N20,3,E638
N20,3,E639
N20,3,E640
N20,3,E643
N20,3,E644
N20,3,E645
N20,3,E647
N20,3,E648
N20,3,E649
N20,3,E650
N20,3,E651
N20,3,E653
N20,3,E655
N20,3,E656
N20,3,E657
N20,3,E658
N20,3,E659
N20,3,E660
N20,3,E663
N20,3,E664
N20,3,E667
N20,3,E668
N20,3,E670
N20,3,E674
N20,3,E675
N20,3,E677
N20,3,E679
N20,3,E680
N20,3,E685
N20,3,E686
N20,3,E688
N20,3,E690
N20,3,E691
N20,3,E692
N20,3,E693
N20,3,E694
N20,3,E697
N20,3,E700
N20,3,E702
N20,3,E704
N20,3,E707
N20,3,E710
N20,3,E712
N20,3,E716
N20,3,E719
N20,3,E722
N20,3,E724
N20,3,E725
N20,3,E726
N20,3,E728
N20,3,E730
N20,3,E734
N20,3,E736
N20,3,E738
N20,3,E741
N20,3,E743
N20,3,E744
N20,3,E747
N20,3,E748
N20,3,E751
N20,3,E752
N20,3,E753
N20,3,E754
N20,3,E755
N20,3,E757
N20,3,E762
N20,3,E765
N20,3,E768
N20,3,E770
N20,3,E771
N20,3,E772
N20,3,E776
N20,3,E777
N20,3,E781
N20,3,E782
N20,3,E785
N20,3,E787
N20,3,E789
N20,3,E790
N20,3,E792
N20,3,E795
N20,3,E798
N20,3,E799
