strategy,version,network_id,shock_fraction,repetitions,initial_failures,mean_additional_failures,mean_total_failures,median_total_failures,min_total_failures,max_total_failures,mean_functional_firms_pct,mean_amplification,shocks_with_cascade,mean_propagation_rounds
random,pool100,N01,0.01,100,10,3.33,13.33,13.0,10.0,27.0,98.667,1.333,84,1.31
random,original,N01,0.01,100,10,3.82,13.82,14.0,10.0,20.0,98.618,1.382,91,1.54
random,pool100,N01,0.05,100,50,18.96,68.96,68.0,56.0,87.0,93.104,1.3792,100,2.65
random,original,N01,0.05,100,50,19.27,69.27,69.0,57.0,85.0,93.073,1.3854,100,2.59
random,pool100,N01,0.1,100,100,40.84,140.84,140.5,119.0,172.0,85.916,1.4084,100,3.17
random,original,N01,0.1,100,100,37.96,137.96,137.0,121.0,173.0,86.204,1.3796,100,2.95
random,pool100,N01,0.2,100,200,82.34,282.34,280.5,246.0,322.0,71.766,1.4117,100,3.6
random,original,N01,0.2,100,200,79.42,279.42,279.5,244.0,310.0,72.05799999999999,1.3971,100,3.58
random,pool100,N02,0.01,100,10,4.22,14.22,13.0,10.0,32.0,98.578,1.422,90,1.46
random,original,N02,0.01,100,10,4.07,14.07,13.0,10.0,25.0,98.593,1.407,94,1.62
random,pool100,N02,0.05,100,50,17.89,67.89,68.0,55.0,87.0,93.211,1.3578,100,2.35
random,original,N02,0.05,100,50,18.61,68.61,68.0,54.0,90.0,93.139,1.3722,100,2.58
random,pool100,N02,0.1,100,100,36.51,136.51,135.5,117.0,169.0,86.349,1.3651,100,2.84
random,original,N02,0.1,100,100,36.47,136.47,136.0,120.0,156.0,86.353,1.3647,100,3.09
random,pool100,N02,0.2,100,200,75.88,275.88,274.0,246.0,327.0,72.412,1.3794,100,3.39
random,original,N02,0.2,100,200,78.98,278.98,279.0,253.0,327.0,72.102,1.3949,100,3.66
random,pool100,N03,0.01,100,10,4.18,14.18,13.0,10.0,25.0,98.582,1.418,91,1.43
random,original,N03,0.01,100,10,3.62,13.62,13.0,10.0,20.0,98.638,1.362,93,1.49
random,pool100,N03,0.05,100,50,18.62,68.62,68.0,53.0,88.0,93.138,1.3724,100,2.19
random,original,N03,0.05,100,50,19.63,69.63,69.0,58.0,90.0,93.037,1.3926,100,2.58
random,pool100,N03,0.1,100,100,39.0,139.0,139.0,112.0,168.0,86.1,1.39,100,2.63
random,original,N03,0.1,100,100,36.85,136.85,135.5,115.0,156.0,86.315,1.3685,100,2.98
random,pool100,N03,0.2,100,200,73.03,273.03,271.5,246.0,305.0,72.697,1.36515,100,3.18
random,original,N03,0.2,100,200,78.22,278.22,277.5,256.0,306.0,72.178,1.3911,100,3.61
random,pool100,N04,0.01,100,10,3.36,13.36,13.0,10.0,19.0,98.664,1.336,90,1.39
random,original,N04,0.01,100,10,3.62,13.62,13.0,10.0,21.0,98.638,1.362,95,1.62
random,pool100,N04,0.05,100,50,15.93,65.93,65.5,53.0,82.0,93.407,1.3186,100,2.33
random,original,N04,0.05,100,50,16.69,66.69,66.0,55.0,80.0,93.331,1.3338,100,2.82
random,pool100,N04,0.1,100,100,31.77,131.77,132.0,112.0,157.0,86.823,1.3177,100,2.74
random,original,N04,0.1,100,100,34.67,134.67,134.0,116.0,153.0,86.533,1.3467,100,3.21
random,pool100,N04,0.2,100,200,70.52,270.52,270.0,246.0,311.0,72.948,1.3526,100,3.39
random,original,N04,0.2,100,200,75.8,275.8,274.0,252.0,306.0,72.42,1.379,100,3.67
random,pool100,N05,0.01,100,10,3.76,13.76,13.0,10.0,23.0,98.624,1.3760000000000001,89,1.45
random,original,N05,0.01,100,10,3.99,13.99,14.0,10.0,21.0,98.601,1.399,97,1.65
random,pool100,N05,0.05,100,50,19.4,69.4,69.0,56.0,88.0,93.06,1.388,100,2.37
random,original,N05,0.05,100,50,18.59,68.59,68.0,56.0,90.0,93.141,1.3718,100,2.63
random,pool100,N05,0.1,100,100,37.17,137.17,137.0,119.0,160.0,86.283,1.3717,100,2.8
random,original,N05,0.1,100,100,38.36,138.36,138.0,121.0,158.0,86.164,1.3836,100,3.12
random,pool100,N05,0.2,100,200,80.32,280.32,280.0,248.0,336.0,71.968,1.4016,100,3.29
random,original,N05,0.2,100,200,78.72,278.72,280.0,254.0,304.0,72.128,1.3936,100,3.58
random,pool100,N06,0.01,100,10,3.5,13.5,13.0,10.0,23.0,98.65,1.35,86,1.46
random,original,N06,0.01,100,10,3.27,13.27,13.0,10.0,20.0,98.673,1.327,94,1.51
random,pool100,N06,0.05,100,50,18.58,68.58,68.0,54.0,85.0,93.142,1.3716,100,2.54
random,original,N06,0.05,100,50,17.22,67.22,67.0,57.0,79.0,93.278,1.3444,100,2.65
random,pool100,N06,0.1,100,100,36.84,136.84,137.0,120.0,158.0,86.316,1.3684,100,2.93
random,original,N06,0.1,100,100,36.3,136.3,136.0,117.0,166.0,86.37,1.363,100,3.23
random,pool100,N06,0.2,100,200,71.61,271.61,270.0,247.0,305.0,72.839,1.35805,100,3.33
random,original,N06,0.2,100,200,76.32,276.32,275.0,249.0,313.0,72.368,1.3816,100,3.58
random,pool100,N07,0.01,100,10,3.52,13.52,13.0,10.0,23.0,98.648,1.352,86,1.28
random,original,N07,0.01,100,10,3.75,13.75,13.0,10.0,24.0,98.625,1.375,91,1.51
random,pool100,N07,0.05,100,50,18.95,68.95,68.0,54.0,89.0,93.105,1.379,100,2.46
random,original,N07,0.05,100,50,18.12,68.12,68.0,56.0,84.0,93.188,1.3624,100,2.65
random,pool100,N07,0.1,100,100,37.46,137.46,136.0,120.0,170.0,86.254,1.3746,100,2.98
random,original,N07,0.1,100,100,37.14,137.14,136.0,119.0,167.0,86.286,1.3714,100,3.11
random,pool100,N07,0.2,100,200,74.9,274.9,274.0,243.0,318.0,72.51,1.3745,100,3.43
random,original,N07,0.2,100,200,76.66,276.66,277.5,249.0,323.0,72.334,1.3833,100,3.63
random,pool100,N08,0.01,100,10,3.0,13.0,12.0,10.0,21.0,98.7,1.3,83,1.27
random,original,N08,0.01,100,10,2.93,12.93,12.5,10.0,23.0,98.707,1.293,88,1.29
random,pool100,N08,0.05,100,50,16.72,66.72,66.0,52.0,80.0,93.328,1.3344,100,2.44
random,original,N08,0.05,100,50,15.34,65.34,65.0,54.0,85.0,93.466,1.3068,100,2.2
random,pool100,N08,0.1,100,100,31.94,131.94,131.0,113.0,158.0,86.806,1.3194,100,2.97
random,original,N08,0.1,100,100,30.0,130.0,128.0,113.0,149.0,87.0,1.3,100,2.68
random,pool100,N08,0.2,100,200,69.49,269.49,268.5,244.0,300.0,73.051,1.34745,100,3.31
random,original,N08,0.2,100,200,64.92,264.92,265.0,237.0,286.0,73.508,1.3246,100,3.41
random,pool100,N09,0.01,100,10,3.33,13.33,13.0,10.0,22.0,98.667,1.333,92,1.34
random,original,N09,0.01,100,10,3.25,13.25,13.0,10.0,20.0,98.675,1.325,95,1.42
random,pool100,N09,0.05,100,50,18.0,68.0,67.0,54.0,84.0,93.2,1.36,100,2.54
random,original,N09,0.05,100,50,17.21,67.21,67.0,56.0,83.0,93.279,1.3442,100,2.38
random,pool100,N09,0.1,100,100,35.82,135.82,135.0,116.0,164.0,86.418,1.3582,100,2.9
random,original,N09,0.1,100,100,35.75,135.75,134.0,118.0,165.0,86.425,1.3575,100,3.04
random,pool100,N09,0.2,100,200,77.97,277.97,277.0,248.0,339.0,72.203,1.38985,100,3.54
random,original,N09,0.2,100,200,74.32,274.32,274.0,244.0,306.0,72.568,1.3716,100,3.6
random,pool100,N10,0.01,100,10,3.85,13.85,13.0,10.0,33.0,98.615,1.385,91,1.39
random,original,N10,0.01,100,10,3.98,13.98,14.0,10.0,27.0,98.602,1.398,91,1.65
random,pool100,N10,0.05,100,50,19.04,69.04,67.5,56.0,93.0,93.096,1.3808,100,2.59
random,original,N10,0.05,100,50,18.53,68.53,68.0,56.0,95.0,93.147,1.3706,100,2.51
random,pool100,N10,0.1,100,100,38.98,138.98,138.0,120.0,168.0,86.102,1.3898,100,3.05
random,original,N10,0.1,100,100,37.2,137.2,136.0,119.0,156.0,86.28,1.372,100,3.02
random,pool100,N10,0.2,100,200,82.43,282.43,283.0,246.0,325.0,71.757,1.41215,100,3.61
random,original,N10,0.2,100,200,78.33,278.33,278.0,253.0,321.0,72.167,1.39165,100,3.53
random,pool100,N11,0.01,100,10,4.0,14.0,13.0,10.0,25.0,98.6,1.4,83,1.44
random,original,N11,0.01,100,10,3.89,13.89,13.0,10.0,25.0,98.611,1.389,95,1.56
random,pool100,N11,0.05,100,50,18.1,68.1,67.0,51.0,95.0,93.19,1.362,100,2.48
random,original,N11,0.05,100,50,18.23,68.23,68.0,54.0,87.0,93.177,1.3646,100,2.58
random,pool100,N11,0.1,100,100,37.54,137.54,136.0,110.0,166.0,86.246,1.3754,100,2.97
random,original,N11,0.1,100,100,38.67,138.67,138.5,121.0,165.0,86.133,1.3867,100,3.11
random,pool100,N11,0.2,100,200,77.78,277.78,276.5,249.0,326.0,72.222,1.3889,100,3.49
random,original,N11,0.2,100,200,80.48,280.48,280.0,246.0,314.0,71.952,1.4024,100,3.7
random,pool100,N12,0.01,100,10,3.47,13.47,13.0,10.0,23.0,98.653,1.347,89,1.32
random,original,N12,0.01,100,10,3.89,13.89,14.0,10.0,22.0,98.611,1.389,89,1.67
random,pool100,N12,0.05,100,50,18.28,68.28,67.0,55.0,85.0,93.172,1.3656,100,2.53
random,original,N12,0.05,100,50,17.7,67.7,67.0,56.0,81.0,93.23,1.354,100,2.56
random,pool100,N12,0.1,100,100,38.67,138.67,137.5,119.0,161.0,86.133,1.3867,100,3.11
random,original,N12,0.1,100,100,39.28,139.28,140.0,117.0,161.0,86.072,1.3928,100,3.3
random,pool100,N12,0.2,100,200,83.57,283.57,286.0,248.0,327.0,71.643,1.41785,100,3.71
random,original,N12,0.2,100,200,79.89,279.89,279.0,250.0,312.0,72.011,1.39945,100,3.71
random,pool100,N13,0.01,100,10,3.88,13.88,13.0,10.0,22.0,98.612,1.3880000000000001,90,1.56
random,original,N13,0.01,100,10,3.48,13.48,13.0,10.0,23.0,98.652,1.348,92,1.37
random,pool100,N13,0.05,100,50,17.18,67.18,67.0,56.0,83.0,93.282,1.3436,100,2.44
random,original,N13,0.05,100,50,18.58,68.58,68.0,58.0,86.0,93.142,1.3716,100,2.67
random,pool100,N13,0.1,100,100,35.4,135.4,134.0,119.0,174.0,86.46,1.354,100,2.81
random,original,N13,0.1,100,100,38.46,138.46,138.0,121.0,159.0,86.154,1.3846,100,3.2
random,pool100,N13,0.2,100,200,77.61,277.61,274.0,247.0,320.0,72.239,1.38805,100,3.58
random,original,N13,0.2,100,200,78.6,278.6,279.0,254.0,311.0,72.14,1.393,100,3.61
random,pool100,N14,0.01,100,10,3.34,13.34,13.0,10.0,26.0,98.666,1.334,90,1.32
random,original,N14,0.01,100,10,2.93,12.93,13.0,10.0,18.0,98.70700000000001,1.293,91,1.41
random,pool100,N14,0.05,100,50,17.16,67.16,67.0,54.0,93.0,93.284,1.3432,100,2.51
random,original,N14,0.05,100,50,16.15,66.15,66.0,54.0,80.0,93.385,1.323,100,2.55
random,pool100,N14,0.1,100,100,34.73,134.73,134.5,116.0,164.0,86.527,1.3473,100,2.99
random,original,N14,0.1,100,100,34.15,134.15,133.5,114.0,160.0,86.585,1.3415,100,3.1
random,pool100,N14,0.2,100,200,71.95,271.95,271.0,241.0,311.0,72.805,1.35975,100,3.53
random,original,N14,0.2,100,200,72.5,272.5,270.0,241.0,308.0,72.75,1.3625,100,3.56
random,pool100,N15,0.01,100,10,3.3,13.3,13.0,10.0,23.0,98.67,1.33,86,1.33
random,original,N15,0.01,100,10,3.52,13.52,13.0,10.0,21.0,98.648,1.352,94,1.54
random,pool100,N15,0.05,100,50,16.95,66.95,67.0,54.0,82.0,93.305,1.339,100,2.32
random,original,N15,0.05,100,50,16.43,66.43,66.0,55.0,78.0,93.357,1.3286,100,2.42
random,pool100,N15,0.1,100,100,34.69,134.69,133.0,117.0,161.0,86.531,1.3469,100,2.73
random,original,N15,0.1,100,100,35.82,135.82,137.0,120.0,158.0,86.418,1.3582,100,2.96
random,pool100,N15,0.2,100,200,73.14,273.14,274.0,245.0,314.0,72.686,1.3657,100,3.34
random,original,N15,0.2,100,200,77.68,277.68,276.5,250.0,315.0,72.232,1.3884,100,3.67
random,pool100,N16,0.01,100,10,3.87,13.87,13.0,10.0,26.0,98.613,1.387,93,1.48
random,original,N16,0.01,100,10,3.52,13.52,13.0,10.0,20.0,98.648,1.352,94,1.57
random,pool100,N16,0.05,100,50,18.34,68.34,67.0,54.0,96.0,93.166,1.3668,100,2.52
random,original,N16,0.05,100,50,17.2,67.2,66.5,58.0,84.0,93.28,1.344,100,2.42
random,pool100,N16,0.1,100,100,38.28,138.28,136.0,119.0,163.0,86.172,1.3828,100,3.15
random,original,N16,0.1,100,100,36.9,136.9,136.0,116.0,161.0,86.31,1.369,100,3.0
random,pool100,N16,0.2,100,200,79.29,279.29,280.5,245.0,310.0,72.071,1.39645,100,3.56
random,original,N16,0.2,100,200,76.27,276.27,275.0,253.0,325.0,72.373,1.38135,100,3.52
random,pool100,N17,0.01,100,10,3.83,13.83,14.0,10.0,23.0,98.617,1.383,93,1.46
random,original,N17,0.01,100,10,4.07,14.07,14.0,10.0,26.0,98.593,1.407,95,1.56
random,pool100,N17,0.05,100,50,20.71,70.71,69.0,58.0,95.0,92.929,1.4142,100,2.76
random,original,N17,0.05,100,50,18.76,68.76,68.5,57.0,91.0,93.124,1.3752,100,2.43
random,pool100,N17,0.1,100,100,43.59,143.59,142.5,120.0,183.0,85.641,1.4359,100,3.18
random,original,N17,0.1,100,100,40.45,140.45,140.0,122.0,168.0,85.955,1.4045,100,3.17
random,pool100,N17,0.2,100,200,83.9,283.9,282.0,255.0,329.0,71.61,1.4195,100,3.54
random,original,N17,0.2,100,200,80.79,280.79,280.0,260.0,313.0,71.921,1.40395,100,3.56
random,pool100,N18,0.01,100,10,3.11,13.11,12.0,10.0,22.0,98.68900000000001,1.311,88,1.35
random,original,N18,0.01,100,10,2.59,12.59,12.0,10.0,22.0,98.741,1.259,86,1.28
random,pool100,N18,0.05,100,50,15.4,65.4,65.0,55.0,79.0,93.46,1.308,100,2.2
random,original,N18,0.05,100,50,14.99,64.99,64.5,53.0,78.0,93.501,1.2998,100,2.25
random,pool100,N18,0.1,100,100,31.42,131.42,131.0,115.0,158.0,86.858,1.3142,100,2.75
random,original,N18,0.1,100,100,29.9,129.9,129.0,114.0,149.0,87.01,1.299,100,2.7
random,pool100,N18,0.2,100,200,67.98,267.98,267.0,240.0,319.0,73.202,1.3399,100,3.34
random,original,N18,0.2,100,200,68.9,268.9,269.0,242.0,301.0,73.11,1.3445,100,3.57
random,pool100,N19,0.01,100,10,3.97,13.97,13.0,10.0,25.0,98.603,1.397,89,1.45
random,original,N19,0.01,100,10,3.78,13.78,13.0,10.0,26.0,98.622,1.3780000000000001,90,1.52
random,pool100,N19,0.05,100,50,21.01,71.01,71.0,57.0,88.0,92.899,1.4202,100,2.73
random,original,N19,0.05,100,50,18.92,68.92,68.5,57.0,85.0,93.108,1.3784,100,2.64
random,pool100,N19,0.1,100,100,42.69,142.69,141.0,113.0,190.0,85.731,1.4269,100,3.2
random,original,N19,0.1,100,100,40.75,140.75,140.0,118.0,166.0,85.925,1.4075,100,3.2
random,pool100,N19,0.2,100,200,88.35,288.35,286.0,245.0,329.0,71.165,1.44175,100,3.65
random,original,N19,0.2,100,200,84.85,284.85,285.0,251.0,325.0,71.515,1.42425,100,3.7
random,pool100,N20,0.01,100,10,3.92,13.92,13.0,10.0,33.0,98.608,1.392,88,1.61
random,original,N20,0.01,100,10,3.99,13.99,13.0,10.0,27.0,98.601,1.399,92,1.59
random,pool100,N20,0.05,100,50,19.52,69.52,70.0,57.0,88.0,93.048,1.3904,100,2.98
random,original,N20,0.05,100,50,19.4,69.4,69.0,57.0,91.0,93.06,1.388,100,2.53
random,pool100,N20,0.1,100,100,39.26,139.26,139.0,116.0,169.0,86.074,1.3926,100,3.19
random,original,N20,0.1,100,100,41.03,141.03,141.0,122.0,165.0,85.897,1.4103,100,3.16
random,pool100,N20,0.2,100,200,82.17,282.17,280.5,255.0,315.0,71.783,1.41085,100,3.68
random,original,N20,0.2,100,200,80.57,280.57,280.0,249.0,316.0,71.943,1.40285,100,3.47
targeted_original_out_degree,pool100,N01,0.01,100,10,2.38,12.38,12.0,11.0,16.0,98.762,1.238,100,1.24
targeted_original_out_degree,original,N01,0.01,100,10,16.39,26.39,26.0,20.0,33.0,97.361,2.6390000000000002,100,3.07
targeted_original_out_degree,pool100,N01,0.05,100,50,19.64,69.64,69.0,62.0,79.0,93.036,1.3928,100,2.27
targeted_original_out_degree,original,N01,0.05,100,50,84.68,134.68,135.0,120.0,154.0,86.532,2.6936,100,3.5
targeted_original_out_degree,pool100,N01,0.1,100,100,40.79,140.79,140.0,138.0,151.0,85.92099999999999,1.4079,100,3.05
targeted_original_out_degree,original,N01,0.1,100,100,170.34,270.34,270.0,267.0,277.0,72.966,2.7034000000000002,100,4.0
targeted_original_out_degree,pool100,N01,0.2,100,200,149.98,349.98,350.0,320.0,385.0,65.002,1.7499,100,3.9
targeted_original_out_degree,original,N01,0.2,100,200,277.73,477.73,477.0,448.0,502.0,52.227,2.38865,100,4.0
targeted_original_out_degree,pool100,N02,0.01,100,10,3.88,13.88,14.0,12.0,15.0,98.612,1.388,100,1.0
targeted_original_out_degree,original,N02,0.01,100,10,18.82,28.82,31.0,22.0,34.0,97.118,2.882,100,3.0
targeted_original_out_degree,pool100,N02,0.05,100,50,22.01,72.01,70.0,68.0,86.0,92.799,1.4402,100,2.31
targeted_original_out_degree,original,N02,0.05,100,50,92.75,142.75,143.0,136.0,150.0,85.725,2.855,100,3.9
targeted_original_out_degree,pool100,N02,0.1,100,100,60.64,160.64,161.0,138.0,174.0,83.93599999999999,1.6064,100,3.74
targeted_original_out_degree,original,N02,0.1,100,100,155.23,255.23,255.0,237.0,276.0,74.477,2.5523,100,3.89
targeted_original_out_degree,pool100,N02,0.2,100,200,107.43,307.43,307.0,291.0,322.0,69.257,1.53715,100,4.0
targeted_original_out_degree,original,N02,0.2,100,200,296.56,496.56,496.0,460.0,529.0,50.344,2.4828,100,4.0
targeted_original_out_degree,pool100,N03,0.01,100,10,1.56,11.56,12.0,10.0,14.0,98.844,1.156,86,0.86
targeted_original_out_degree,original,N03,0.01,100,10,12.52,22.52,22.0,18.0,28.0,97.748,2.2520000000000002,100,2.34
targeted_original_out_degree,pool100,N03,0.05,100,50,23.97,73.97,74.0,72.0,79.0,92.603,1.4794,100,2.0
targeted_original_out_degree,original,N03,0.05,100,50,70.68,120.68,121.0,117.0,126.0,87.932,2.4135999999999997,100,4.0
targeted_original_out_degree,pool100,N03,0.1,100,100,43.46,143.46,143.0,137.0,150.0,85.654,1.4345999999999999,100,2.0
targeted_original_out_degree,original,N03,0.1,100,100,150.72,250.72,250.0,237.0,267.0,74.928,2.5072,100,4.0
targeted_original_out_degree,pool100,N03,0.2,100,200,96.9,296.9,296.0,275.0,325.0,70.31,1.4845,100,3.54
targeted_original_out_degree,original,N03,0.2,100,200,310.04,510.04,509.5,477.0,546.0,48.996,2.5502,100,4.0
targeted_original_out_degree,pool100,N04,0.01,100,10,5.17,15.17,15.0,13.0,18.0,98.483,1.517,100,2.0
targeted_original_out_degree,original,N04,0.01,100,10,16.34,26.34,27.0,21.0,33.0,97.366,2.634,100,2.94
targeted_original_out_degree,pool100,N04,0.05,100,50,25.55,75.55,75.0,72.0,80.0,92.445,1.5110000000000001,100,3.08
targeted_original_out_degree,original,N04,0.05,100,50,64.03,114.03,114.0,106.0,123.0,88.597,2.2805999999999997,100,4.0
targeted_original_out_degree,pool100,N04,0.1,100,100,49.01,149.01,149.0,140.0,159.0,85.099,1.4901,100,3.86
targeted_original_out_degree,original,N04,0.1,100,100,143.21,243.21,244.0,225.0,258.0,75.679,2.4321,100,4.0
targeted_original_out_degree,pool100,N04,0.2,100,200,102.54,302.54,302.0,283.0,329.0,69.746,1.5127,100,4.0
targeted_original_out_degree,original,N04,0.2,100,200,271.58,471.58,471.0,435.0,501.0,52.842,2.3579,100,4.0
targeted_original_out_degree,pool100,N05,0.01,100,10,6.16,16.16,17.0,13.0,17.0,98.384,1.6159999999999999,100,2.58
targeted_original_out_degree,original,N05,0.01,100,10,13.31,23.31,23.5,19.0,26.0,97.669,2.331,100,2.79
targeted_original_out_degree,pool100,N05,0.05,100,50,18.52,68.52,67.0,64.0,76.0,93.148,1.3704,100,3.0
targeted_original_out_degree,original,N05,0.05,100,50,62.08,112.08,111.5,104.0,122.0,88.792,2.2416,100,3.21
targeted_original_out_degree,pool100,N05,0.1,100,100,43.73,143.73,144.0,135.0,148.0,85.627,1.4373,100,3.0
targeted_original_out_degree,original,N05,0.1,100,100,130.26,230.26,231.0,221.0,241.0,76.974,2.3026,100,4.0
targeted_original_out_degree,pool100,N05,0.2,100,200,93.89,293.89,294.0,277.0,310.0,70.611,1.46945,100,3.2
targeted_original_out_degree,original,N05,0.2,100,200,282.59,482.59,482.0,456.0,515.0,51.741,2.41295,100,4.0
targeted_original_out_degree,pool100,N06,0.01,100,10,3.59,13.59,14.0,10.0,19.0,98.641,1.359,81,1.55
targeted_original_out_degree,original,N06,0.01,100,10,16.03,26.03,26.0,21.0,32.0,97.397,2.603,100,3.06
targeted_original_out_degree,pool100,N06,0.05,100,50,19.81,69.81,69.0,66.0,78.0,93.019,1.3961999999999999,100,3.0
targeted_original_out_degree,original,N06,0.05,100,50,73.69,123.69,123.0,114.0,136.0,87.631,2.4737999999999998,100,3.92
targeted_original_out_degree,pool100,N06,0.1,100,100,46.26,146.26,147.0,137.0,153.0,85.374,1.4626,100,3.0
targeted_original_out_degree,original,N06,0.1,100,100,142.0,242.0,242.5,222.0,259.0,75.8,2.42,100,3.96
targeted_original_out_degree,pool100,N06,0.2,100,200,103.92,303.92,303.0,288.0,329.0,69.608,1.5196,100,3.45
targeted_original_out_degree,original,N06,0.2,100,200,282.13,482.13,483.0,452.0,511.0,51.787,2.41065,100,4.0
targeted_original_out_degree,pool100,N07,0.01,100,10,3.0,13.0,13.0,13.0,13.0,98.7,1.3,100,1.0
targeted_original_out_degree,original,N07,0.01,100,10,14.0,24.0,24.0,24.0,24.0,97.6,2.4,100,3.0
targeted_original_out_degree,pool100,N07,0.05,100,50,22.46,72.46,72.0,70.0,79.0,92.754,1.4492,100,2.1
targeted_original_out_degree,original,N07,0.05,100,50,81.08,131.08,131.0,124.0,141.0,86.892,2.6216,100,4.0
targeted_original_out_degree,pool100,N07,0.1,100,100,39.83,139.83,141.0,126.0,151.0,86.017,1.3983,100,2.9
targeted_original_out_degree,original,N07,0.1,100,100,149.12,249.12,250.0,228.0,267.0,75.088,2.4912,100,4.0
targeted_original_out_degree,pool100,N07,0.2,100,200,111.36,311.36,312.0,283.0,338.0,68.864,1.5568,100,3.86
targeted_original_out_degree,original,N07,0.2,100,200,276.64,476.64,476.0,441.0,500.0,52.336,2.3832,100,4.0
targeted_original_out_degree,pool100,N08,0.01,100,10,6.75,16.75,17.0,12.0,21.0,98.325,1.675,100,2.53
targeted_original_out_degree,original,N08,0.01,100,10,16.47,26.47,26.5,18.0,34.0,97.353,2.6470000000000002,100,3.01
targeted_original_out_degree,pool100,N08,0.05,100,50,23.14,73.14,74.0,68.0,75.0,92.68599999999999,1.4627999999999999,100,2.06
targeted_original_out_degree,original,N08,0.05,100,50,76.0,126.0,127.0,117.0,130.0,87.4,2.52,100,4.0
targeted_original_out_degree,pool100,N08,0.1,100,100,51.8,151.8,153.0,133.0,164.0,84.82,1.518,100,3.53
targeted_original_out_degree,original,N08,0.1,100,100,143.47,243.47,244.0,219.0,258.0,75.653,2.4347,100,4.0
targeted_original_out_degree,pool100,N08,0.2,100,200,107.32,307.32,306.0,282.0,334.0,69.268,1.5366,100,3.72
targeted_original_out_degree,original,N08,0.2,100,200,271.05,471.05,470.0,443.0,503.0,52.895,2.35525,100,4.0
targeted_original_out_degree,pool100,N09,0.01,100,10,1.78,11.78,12.0,11.0,12.0,98.822,1.178,100,1.0
targeted_original_out_degree,original,N09,0.01,100,10,16.81,26.81,27.0,24.0,30.0,97.319,2.681,100,2.0
targeted_original_out_degree,pool100,N09,0.05,100,50,15.01,65.01,65.0,60.0,75.0,93.499,1.3002,100,1.57
targeted_original_out_degree,original,N09,0.05,100,50,78.59,128.59,128.0,118.0,146.0,87.141,2.5718,100,3.94
targeted_original_out_degree,pool100,N09,0.1,100,100,41.81,141.81,142.0,130.0,152.0,85.819,1.4181,100,2.0
targeted_original_out_degree,original,N09,0.1,100,100,154.99,254.99,254.0,227.0,275.0,74.501,2.5499,100,3.98
targeted_original_out_degree,pool100,N09,0.2,100,200,103.11,303.11,302.0,280.0,331.0,69.68900000000001,1.51555,100,3.74
targeted_original_out_degree,original,N09,0.2,100,200,308.6,508.6,508.5,480.0,536.0,49.14,2.543,100,4.0
targeted_original_out_degree,pool100,N10,0.01,100,10,2.08,12.08,12.0,11.0,15.0,98.792,1.208,100,1.17
targeted_original_out_degree,original,N10,0.01,100,10,19.65,29.65,29.0,28.0,33.0,97.035,2.965,100,4.0
targeted_original_out_degree,pool100,N10,0.05,100,50,41.95,91.95,91.0,89.0,98.0,90.805,1.839,100,3.0
targeted_original_out_degree,original,N10,0.05,100,50,70.05,120.05,119.5,113.0,132.0,87.995,2.401,100,3.97
targeted_original_out_degree,pool100,N10,0.1,100,100,72.22,172.22,173.0,159.0,185.0,82.778,1.7222,100,3.0
targeted_original_out_degree,original,N10,0.1,100,100,165.86,265.86,267.0,243.0,288.0,73.414,2.6586,100,3.98
targeted_original_out_degree,pool100,N10,0.2,100,200,133.89,333.89,333.0,318.0,363.0,66.611,1.66945,100,3.99
targeted_original_out_degree,original,N10,0.2,100,200,311.43,511.43,511.0,483.0,536.0,48.857,2.55715,100,4.0
targeted_original_out_degree,pool100,N11,0.01,100,10,6.57,16.57,16.5,14.0,19.0,98.343,1.657,100,2.0
targeted_original_out_degree,original,N11,0.01,100,10,22.62,32.62,33.0,29.0,37.0,96.738,3.262,100,3.22
targeted_original_out_degree,pool100,N11,0.05,100,50,19.43,69.43,69.0,66.0,79.0,93.057,1.3886,100,2.14
targeted_original_out_degree,original,N11,0.05,100,50,89.23,139.23,139.0,126.0,151.0,86.077,2.7845999999999997,100,4.0
targeted_original_out_degree,pool100,N11,0.1,100,100,31.91,131.91,132.0,127.0,135.0,86.809,1.3191000000000002,100,2.92
targeted_original_out_degree,original,N11,0.1,100,100,165.67,265.67,266.0,254.0,275.0,73.43299999999999,2.6567,100,4.0
targeted_original_out_degree,pool100,N11,0.2,100,200,94.29,294.29,293.5,271.0,321.0,70.571,1.47145,100,3.41
targeted_original_out_degree,original,N11,0.2,100,200,309.64,509.64,510.0,465.0,549.0,49.036,2.5482,100,4.0
targeted_original_out_degree,pool100,N12,0.01,100,10,0.77,10.77,11.0,10.0,11.0,98.923,1.077,77,0.77
targeted_original_out_degree,original,N12,0.01,100,10,14.46,24.46,24.0,22.0,26.0,97.554,2.446,100,2.0
targeted_original_out_degree,pool100,N12,0.05,100,50,26.61,76.61,76.0,68.0,88.0,92.339,1.5322,100,4.0
targeted_original_out_degree,original,N12,0.05,100,50,73.23,123.23,122.5,110.0,143.0,87.677,2.4646,100,4.0
targeted_original_out_degree,pool100,N12,0.1,100,100,53.03,153.03,154.0,146.0,157.0,84.697,1.5303,100,4.0
targeted_original_out_degree,original,N12,0.1,100,100,149.41,249.41,249.0,237.0,259.0,75.059,2.4941,100,4.0
targeted_original_out_degree,pool100,N12,0.2,100,200,109.53,309.53,310.0,286.0,334.0,69.047,1.54765,100,3.95
targeted_original_out_degree,original,N12,0.2,100,200,283.47,483.47,485.0,442.0,510.0,51.653,2.41735,100,4.0
targeted_original_out_degree,pool100,N13,0.01,100,10,1.45,11.45,11.0,11.0,14.0,98.855,1.145,100,1.03
targeted_original_out_degree,original,N13,0.01,100,10,20.87,30.87,31.0,29.0,34.0,96.913,3.087,100,3.0
targeted_original_out_degree,pool100,N13,0.05,100,50,22.97,72.97,72.0,67.0,80.0,92.703,1.4594,100,3.0
targeted_original_out_degree,original,N13,0.05,100,50,69.42,119.42,119.0,108.0,137.0,88.058,2.3884,100,3.56
targeted_original_out_degree,pool100,N13,0.1,100,100,49.52,149.52,149.5,142.0,156.0,85.048,1.4952,100,3.08
targeted_original_out_degree,original,N13,0.1,100,100,145.45,245.45,246.5,227.0,257.0,75.455,2.4545,100,4.0
targeted_original_out_degree,pool100,N13,0.2,100,200,92.11,292.11,292.0,274.0,310.0,70.789,1.46055,100,3.83
targeted_original_out_degree,original,N13,0.2,100,200,295.32,495.32,496.0,455.0,530.0,50.468,2.4766,100,4.0
targeted_original_out_degree,pool100,N14,0.01,100,10,2.33,12.33,13.0,10.0,13.0,98.767,1.233,97,0.97
targeted_original_out_degree,original,N14,0.01,100,10,14.12,24.12,24.0,21.0,27.0,97.588,2.412,100,2.79
targeted_original_out_degree,pool100,N14,0.05,100,50,19.46,69.46,70.0,66.0,71.0,93.054,1.3892,100,2.96
targeted_original_out_degree,original,N14,0.05,100,50,69.72,119.72,120.0,115.0,122.0,88.028,2.3944,100,3.96
targeted_original_out_degree,pool100,N14,0.1,100,100,38.54,138.54,139.0,131.0,142.0,86.146,1.3854,100,3.0
targeted_original_out_degree,original,N14,0.1,100,100,133.44,233.44,234.0,225.0,244.0,76.656,2.3344,100,3.88
targeted_original_out_degree,pool100,N14,0.2,100,200,89.42,289.42,289.0,272.0,310.0,71.05799999999999,1.4471,100,3.6
targeted_original_out_degree,original,N14,0.2,100,200,293.9,493.9,493.5,469.0,524.0,50.61,2.4695,100,4.0
targeted_original_out_degree,pool100,N15,0.01,100,10,7.08,17.08,16.0,14.0,25.0,98.292,1.708,100,1.54
targeted_original_out_degree,original,N15,0.01,100,10,15.01,25.01,25.0,22.0,29.0,97.499,2.501,100,3.0
targeted_original_out_degree,pool100,N15,0.05,100,50,30.19,80.19,80.0,73.0,92.0,91.981,1.6038000000000001,100,3.03
targeted_original_out_degree,original,N15,0.05,100,50,62.46,112.46,112.0,100.0,130.0,88.754,2.2492,100,3.57
targeted_original_out_degree,pool100,N15,0.1,100,100,56.05,156.05,156.0,146.0,163.0,84.395,1.5605,100,3.73
targeted_original_out_degree,original,N15,0.1,100,100,151.29,251.29,252.0,224.0,267.0,74.871,2.5129,100,3.99
targeted_original_out_degree,pool100,N15,0.2,100,200,99.06,299.06,299.0,283.0,320.0,70.094,1.4953,100,4.0
targeted_original_out_degree,original,N15,0.2,100,200,295.91,495.91,497.0,454.0,527.0,50.409,2.47955,100,4.0
targeted_original_out_degree,pool100,N16,0.01,100,10,1.0,11.0,11.0,11.0,11.0,98.9,1.1,100,1.0
targeted_original_out_degree,original,N16,0.01,100,10,13.95,23.95,24.0,23.0,25.0,97.605,2.395,100,2.0
targeted_original_out_degree,pool100,N16,0.05,100,50,21.25,71.25,70.0,67.0,84.0,92.875,1.425,100,3.12
targeted_original_out_degree,original,N16,0.05,100,50,58.62,108.62,109.0,99.0,119.0,89.138,2.1724,100,2.91
targeted_original_out_degree,pool100,N16,0.1,100,100,52.8,152.8,153.0,142.0,159.0,84.72,1.528,100,3.81
targeted_original_out_degree,original,N16,0.1,100,100,137.31,237.31,238.0,222.0,251.0,76.269,2.3731,100,3.96
targeted_original_out_degree,pool100,N16,0.2,100,200,113.76,313.76,313.0,289.0,343.0,68.624,1.5688,100,3.88
targeted_original_out_degree,original,N16,0.2,100,200,271.1,471.1,471.5,430.0,504.0,52.89,2.3555,100,4.0
targeted_original_out_degree,pool100,N17,0.01,100,10,3.86,13.86,13.0,12.0,20.0,98.614,1.386,100,1.15
targeted_original_out_degree,original,N17,0.01,100,10,22.6,32.6,33.0,28.0,41.0,96.74,3.26,100,2.37
targeted_original_out_degree,pool100,N17,0.05,100,50,22.39,72.39,72.5,63.0,86.0,92.761,1.4478,100,2.83
targeted_original_out_degree,original,N17,0.05,100,50,78.34,128.34,128.0,114.0,141.0,87.166,2.5668,100,3.09
targeted_original_out_degree,pool100,N17,0.1,100,100,46.57,146.57,146.0,145.0,154.0,85.343,1.4657,100,4.0
targeted_original_out_degree,original,N17,0.1,100,100,152.71,252.71,252.0,250.0,263.0,74.729,2.5271,100,3.99
targeted_original_out_degree,pool100,N17,0.2,100,200,111.06,311.06,309.0,291.0,335.0,68.894,1.5553,100,3.73
targeted_original_out_degree,original,N17,0.2,100,200,314.66,514.66,516.0,478.0,547.0,48.534,2.5733,100,4.0
targeted_original_out_degree,pool100,N18,0.01,100,10,2.92,12.92,13.0,11.0,16.0,98.708,1.292,100,1.37
targeted_original_out_degree,original,N18,0.01,100,10,15.1,25.1,25.0,21.0,30.0,97.49,2.51,100,2.42
targeted_original_out_degree,pool100,N18,0.05,100,50,20.98,70.98,71.5,67.0,72.0,92.902,1.4196,100,2.0
targeted_original_out_degree,original,N18,0.05,100,50,61.47,111.47,112.0,107.0,115.0,88.853,2.2294,100,3.0
targeted_original_out_degree,pool100,N18,0.1,100,100,62.9,162.9,164.0,145.0,175.0,83.71,1.629,100,3.62
targeted_original_out_degree,original,N18,0.1,100,100,136.65,236.65,236.5,216.0,255.0,76.335,2.3665,100,3.97
targeted_original_out_degree,pool100,N18,0.2,100,200,144.16,344.16,344.5,318.0,372.0,65.584,1.7208,100,4.0
targeted_original_out_degree,original,N18,0.2,100,200,296.56,496.56,497.0,462.0,524.0,50.344,2.4828,100,4.0
targeted_original_out_degree,pool100,N19,0.01,100,10,4.0,14.0,14.0,14.0,14.0,98.6,1.4,100,1.0
targeted_original_out_degree,original,N19,0.01,100,10,14.0,24.0,24.0,24.0,24.0,97.6,2.4,100,3.0
targeted_original_out_degree,pool100,N19,0.05,100,50,32.13,82.13,82.0,72.0,97.0,91.78699999999999,1.6426,100,3.11
targeted_original_out_degree,original,N19,0.05,100,50,67.11,117.11,117.0,102.0,131.0,88.289,2.3422,100,4.0
targeted_original_out_degree,pool100,N19,0.1,100,100,74.84,174.84,176.0,160.0,185.0,82.516,1.7484,100,3.08
targeted_original_out_degree,original,N19,0.1,100,100,150.73,250.73,252.0,234.0,265.0,74.927,2.5073,100,4.0
targeted_original_out_degree,pool100,N19,0.2,100,200,156.06,356.06,356.0,318.0,378.0,64.394,1.7803,100,3.99
targeted_original_out_degree,original,N19,0.2,100,200,320.36,520.36,521.0,486.0,553.0,47.964,2.6018,100,4.0
targeted_original_out_degree,pool100,N20,0.01,100,10,7.68,17.68,18.0,12.0,22.0,98.232,1.768,100,1.55
targeted_original_out_degree,original,N20,0.01,100,10,24.26,34.26,37.0,24.0,41.0,96.574,3.426,100,3.32
targeted_original_out_degree,pool100,N20,0.05,100,50,19.23,69.23,69.0,65.0,80.0,93.077,1.3846,100,2.34
targeted_original_out_degree,original,N20,0.05,100,50,94.4,144.4,144.0,131.0,163.0,85.56,2.888,100,3.73
targeted_original_out_degree,pool100,N20,0.1,100,100,37.48,137.48,138.0,129.0,143.0,86.252,1.3748,100,2.83
targeted_original_out_degree,original,N20,0.1,100,100,169.93,269.93,271.0,253.0,283.0,73.007,2.6993,100,4.0
targeted_original_out_degree,pool100,N20,0.2,100,200,99.67,299.67,301.0,279.0,317.0,70.033,1.49835,100,3.02
targeted_original_out_degree,original,N20,0.2,100,200,299.99,499.99,501.0,469.0,530.0,50.001,2.49995,100,4.0
random,pool150,N01,0.01,100,10,3.25,13.25,13.0,10.0,26.0,98.675,1.325,89,1.37
random,pool150,N01,0.05,100,50,19.09,69.09,69.5,58.0,81.0,93.091,1.3818,100,2.72
random,pool150,N01,0.1,100,100,38.51,138.51,138.0,117.0,159.0,86.149,1.3851,100,3.03
random,pool150,N01,0.2,100,200,81.79,281.79,279.0,254.0,329.0,71.821,1.40895,100,3.62
random,pool150,N02,0.01,100,10,3.53,13.53,13.0,10.0,22.0,98.647,1.353,93,1.62
random,pool150,N02,0.05,100,50,18.92,68.92,68.0,54.0,88.0,93.108,1.3784,100,2.77
random,pool150,N02,0.1,100,100,37.81,137.81,136.0,118.0,163.0,86.219,1.3781,100,3.11
random,pool150,N02,0.2,100,200,78.47,278.47,277.0,244.0,308.0,72.153,1.39235,100,3.66
random,pool150,N03,0.01,100,10,3.08,13.08,13.0,10.0,23.0,98.69200000000001,1.308,87,1.3
random,pool150,N03,0.05,100,50,17.64,67.64,67.0,58.0,82.0,93.236,1.3528,100,2.59
random,pool150,N03,0.1,100,100,35.5,135.5,134.5,118.0,153.0,86.45,1.355,100,2.95
random,pool150,N03,0.2,100,200,76.13,276.13,277.0,243.0,306.0,72.387,1.38065,100,3.52
random,pool150,N04,0.01,100,10,3.12,13.12,13.0,10.0,22.0,98.688,1.312,94,1.43
random,pool150,N04,0.05,100,50,15.99,65.99,65.0,56.0,83.0,93.401,1.3198,100,2.33
random,pool150,N04,0.1,100,100,34.42,134.42,133.5,118.0,162.0,86.558,1.3442,100,2.87
random,pool150,N04,0.2,100,200,68.97,268.97,267.0,249.0,310.0,73.103,1.34485,100,3.43
random,pool150,N05,0.01,100,10,3.51,13.51,13.0,10.0,22.0,98.649,1.351,90,1.39
random,pool150,N05,0.05,100,50,18.9,68.9,69.0,57.0,91.0,93.11,1.378,100,2.46
random,pool150,N05,0.1,100,100,38.24,138.24,138.0,119.0,161.0,86.176,1.3824,100,2.95
random,pool150,N05,0.2,100,200,79.89,279.89,278.5,245.0,305.0,72.011,1.39945,100,3.59
random,pool150,N06,0.01,100,10,3.84,13.84,13.0,10.0,22.0,98.616,1.384,95,1.54
random,pool150,N06,0.05,100,50,17.28,67.28,67.0,56.0,81.0,93.272,1.3456,100,2.51
random,pool150,N06,0.1,100,100,33.64,133.64,132.5,116.0,152.0,86.636,1.3364,100,2.96
random,pool150,N06,0.2,100,200,71.93,271.93,271.5,242.0,301.0,72.807,1.35965,100,3.45
random,pool150,N07,0.01,100,10,4.08,14.08,13.0,10.0,28.0,98.592,1.408,90,1.71
random,pool150,N07,0.05,100,50,18.03,68.03,68.0,56.0,85.0,93.197,1.3606,100,2.69
random,pool150,N07,0.1,100,100,37.9,137.9,135.5,123.0,173.0,86.21,1.379,100,3.21
random,pool150,N07,0.2,100,200,74.35,274.35,271.0,252.0,300.0,72.565,1.37175,100,3.59
random,pool150,N08,0.01,100,10,3.44,13.44,13.0,10.0,22.0,98.656,1.344,91,1.5
random,pool150,N08,0.05,100,50,15.49,65.49,65.0,55.0,78.0,93.451,1.3098,100,2.32
random,pool150,N08,0.1,100,100,33.02,133.02,133.0,119.0,156.0,86.698,1.3302,100,3.03
random,pool150,N08,0.2,100,200,67.57,267.57,266.0,239.0,293.0,73.243,1.33785,100,3.35
random,pool150,N09,0.01,100,10,3.31,13.31,13.0,10.0,24.0,98.669,1.331,86,1.37
random,pool150,N09,0.05,100,50,17.72,67.72,67.0,56.0,82.0,93.228,1.3544,100,2.48
random,pool150,N09,0.1,100,100,36.57,136.57,136.0,119.0,165.0,86.343,1.3657,100,2.89
random,pool150,N09,0.2,100,200,76.67,276.67,276.5,251.0,304.0,72.333,1.38335,100,3.51
random,pool150,N10,0.01,100,10,3.97,13.97,13.0,10.0,29.0,98.603,1.397,83,1.42
random,pool150,N10,0.05,100,50,17.85,67.85,66.5,57.0,88.0,93.215,1.357,100,2.4
random,pool150,N10,0.1,100,100,36.93,136.93,136.0,113.0,168.0,86.307,1.3693,100,2.85
random,pool150,N10,0.2,100,200,77.46,277.46,280.0,243.0,310.0,72.254,1.3873,100,3.55
random,pool150,N11,0.01,100,10,3.67,13.67,13.0,10.0,20.0,98.633,1.367,95,1.5
random,pool150,N11,0.05,100,50,18.33,68.33,68.0,57.0,81.0,93.167,1.3666,100,2.47
random,pool150,N11,0.1,100,100,39.29,139.29,139.0,121.0,165.0,86.071,1.3929,100,2.87
random,pool150,N11,0.2,100,200,77.54,277.54,277.0,247.0,330.0,72.246,1.3877,100,3.45
random,pool150,N12,0.01,100,10,3.52,13.52,13.0,10.0,23.0,98.648,1.352,90,1.41
random,pool150,N12,0.05,100,50,17.09,67.09,67.0,55.0,80.0,93.291,1.3418,100,2.47
random,pool150,N12,0.1,100,100,36.3,136.3,136.0,118.0,157.0,86.37,1.363,100,2.97
random,pool150,N12,0.2,100,200,77.18,277.18,278.0,246.0,321.0,72.282,1.3859,100,3.58
random,pool150,N13,0.01,100,10,3.52,13.52,14.0,10.0,20.0,98.648,1.352,96,1.41
random,pool150,N13,0.05,100,50,18.02,68.02,68.0,57.0,94.0,93.198,1.3604,100,2.25
random,pool150,N13,0.1,100,100,37.0,137.0,138.0,120.0,161.0,86.3,1.3699999999999999,100,2.84
random,pool150,N13,0.2,100,200,81.12,281.12,281.0,253.0,309.0,71.888,1.4056,100,3.46
random,pool150,N14,0.01,100,10,3.37,13.37,13.0,10.0,24.0,98.663,1.337,90,1.41
random,pool150,N14,0.05,100,50,16.29,66.29,66.0,54.0,84.0,93.371,1.3258,100,2.41
random,pool150,N14,0.1,100,100,33.45,133.45,132.0,118.0,154.0,86.655,1.3345,100,2.97
random,pool150,N14,0.2,100,200,73.39,273.39,272.0,247.0,304.0,72.661,1.36695,100,3.64
random,pool150,N15,0.01,100,10,2.84,12.84,12.0,10.0,18.0,98.716,1.284,90,1.35
random,pool150,N15,0.05,100,50,16.59,66.59,66.0,57.0,85.0,93.341,1.3318,100,2.3
random,pool150,N15,0.1,100,100,34.38,134.38,134.5,112.0,157.0,86.562,1.3438,100,2.78
random,pool150,N15,0.2,100,200,74.35,274.35,272.0,241.0,309.0,72.565,1.37175,100,3.39
random,pool150,N16,0.01,100,10,3.46,13.46,13.0,10.0,25.0,98.654,1.346,91,1.32
random,pool150,N16,0.05,100,50,17.65,67.65,67.0,57.0,89.0,93.235,1.353,100,2.26
random,pool150,N16,0.1,100,100,36.09,136.09,136.0,119.0,155.0,86.391,1.3609,100,2.89
random,pool150,N16,0.2,100,200,75.89,275.89,274.0,246.0,314.0,72.411,1.37945,100,3.6
random,pool150,N17,0.01,100,10,3.44,13.44,13.0,10.0,20.0,98.656,1.344,94,1.47
random,pool150,N17,0.05,100,50,18.43,68.43,68.0,56.0,84.0,93.157,1.3686,100,2.51
random,pool150,N17,0.1,100,100,38.65,138.65,139.0,119.0,168.0,86.135,1.3865,100,2.97
random,pool150,N17,0.2,100,200,78.02,278.02,277.5,248.0,307.0,72.198,1.3901000000000001,100,3.47
random,pool150,N18,0.01,100,10,3.08,13.08,13.0,10.0,20.0,98.69200000000001,1.308,87,1.37
random,pool150,N18,0.05,100,50,15.52,65.52,65.0,54.0,81.0,93.448,1.3104,100,2.25
random,pool150,N18,0.1,100,100,31.99,131.99,132.0,113.0,156.0,86.801,1.3199,100,2.76
random,pool150,N18,0.2,100,200,65.6,265.6,266.5,235.0,293.0,73.44,1.328,100,3.23
random,pool150,N19,0.01,100,10,4.28,14.28,14.0,10.0,24.0,98.572,1.428,94,1.64
random,pool150,N19,0.05,100,50,19.77,69.77,69.0,58.0,90.0,93.023,1.3954,100,2.55
random,pool150,N19,0.1,100,100,39.94,139.94,138.0,124.0,165.0,86.006,1.3994,100,3.05
random,pool150,N19,0.2,100,200,82.79,282.79,282.5,246.0,330.0,71.721,1.41395,100,3.57
random,pool150,N20,0.01,100,10,4.18,14.18,14.0,10.0,22.0,98.582,1.418,98,1.6
random,pool150,N20,0.05,100,50,19.24,69.24,68.0,54.0,87.0,93.076,1.3848,100,2.52
random,pool150,N20,0.1,100,100,37.79,137.79,137.5,119.0,163.0,86.221,1.3779,100,2.91
random,pool150,N20,0.2,100,200,81.35,281.35,281.0,254.0,332.0,71.865,1.40675,100,3.47
targeted_original_out_degree,pool150,N01,0.01,100,10,2.02,12.02,12.0,11.0,16.0,98.798,1.202,100,1.13
targeted_original_out_degree,pool150,N01,0.05,100,50,18.43,68.43,68.0,60.0,78.0,93.157,1.3686,100,2.61
targeted_original_out_degree,pool150,N01,0.1,100,100,50.9,150.9,150.0,149.0,156.0,84.91,1.509,100,3.02
targeted_original_out_degree,pool150,N01,0.2,100,200,106.39,306.39,306.0,285.0,330.0,69.361,1.53195,100,3.7
targeted_original_out_degree,pool150,N02,0.01,100,10,2.78,12.78,13.0,11.0,14.0,98.722,1.278,100,1
targeted_original_out_degree,pool150,N02,0.05,100,50,25.94,75.94,76.0,72.0,84.0,92.406,1.5188,100,3.79
targeted_original_out_degree,pool150,N02,0.1,100,100,47.67,147.67,148.0,137.0,158.0,85.233,1.4767,100,3.43
targeted_original_out_degree,pool150,N02,0.2,100,200,99.63,299.63,300.0,281.0,316.0,70.037,1.49815,100,4
targeted_original_out_degree,pool150,N03,0.01,100,10,5.67,15.67,15.5,12.0,20.0,98.43299999999999,1.567,100,2
targeted_original_out_degree,pool150,N03,0.05,100,50,19.68,69.68,69.0,68.0,75.0,93.032,1.3936,100,3
targeted_original_out_degree,pool150,N03,0.1,100,100,39.94,139.94,140.0,131.0,148.0,86.006,1.3994,100,3
targeted_original_out_degree,pool150,N03,0.2,100,200,90.86,290.86,290.0,271.0,311.0,70.914,1.4543,100,3.9
targeted_original_out_degree,pool150,N04,0.01,100,10,1.43,11.43,11.0,10.0,13.0,98.857,1.143,89,0.89
targeted_original_out_degree,pool150,N04,0.05,100,50,18.71,68.71,68.5,67.0,76.0,93.129,1.3742,100,4
targeted_original_out_degree,pool150,N04,0.1,100,100,35.4,135.4,135.0,127.0,144.0,86.46,1.354,100,4
targeted_original_out_degree,pool150,N04,0.2,100,200,87.57,287.57,287.0,269.0,309.0,71.243,1.43785,100,3.94
targeted_original_out_degree,pool150,N05,0.01,100,10,4.46,14.46,14.5,13.0,15.0,98.554,1.446,100,1
targeted_original_out_degree,pool150,N05,0.05,100,50,21.5,71.5,71.0,65.0,80.0,92.85,1.43,100,2.46
targeted_original_out_degree,pool150,N05,0.1,100,100,58.12,158.12,158.0,146.0,166.0,84.188,1.5812,100,3
targeted_original_out_degree,pool150,N05,0.2,100,200,111.87,311.87,312.0,292.0,333.0,68.813,1.55935,100,4
targeted_original_out_degree,pool150,N06,0.01,100,10,5.79,15.79,13.0,11.0,22.0,98.421,1.579,100,1.92
targeted_original_out_degree,pool150,N06,0.05,100,50,31.78,81.78,81.0,78.0,88.0,91.822,1.6356,100,3
targeted_original_out_degree,pool150,N06,0.1,100,100,56.95,156.95,157.0,148.0,163.0,84.305,1.5695000000000001,100,3
targeted_original_out_degree,pool150,N06,0.2,100,200,103.57,303.57,304.0,287.0,317.0,69.643,1.51785,100,3.46
targeted_original_out_degree,pool150,N07,0.01,100,10,4.0,14.0,14.0,14.0,14.0,98.6,1.4,100,2
targeted_original_out_degree,pool150,N07,0.05,100,50,15.93,65.93,65.0,64.0,76.0,93.407,1.3186,100,2.06
targeted_original_out_degree,pool150,N07,0.1,100,100,40.09,140.09,140.0,129.0,148.0,85.991,1.4009,100,2.83
targeted_original_out_degree,pool150,N07,0.2,100,200,89.27,289.27,288.5,270.0,308.0,71.073,1.44635,100,3.7
targeted_original_out_degree,pool150,N08,0.01,100,10,2.21,12.21,12.0,10.0,14.0,98.779,1.221,97,0.97
targeted_original_out_degree,pool150,N08,0.05,100,50,16.26,66.26,66.5,64.0,68.0,93.374,1.3252000000000002,100,2
targeted_original_out_degree,pool150,N08,0.1,100,100,41.13,141.13,141.0,132.0,152.0,85.887,1.4113,100,3.15
targeted_original_out_degree,pool150,N08,0.2,100,200,108.25,308.25,309.0,285.0,326.0,69.175,1.54125,100,4
targeted_original_out_degree,pool150,N09,0.01,100,10,0.73,10.73,11.0,10.0,11.0,98.927,1.073,73,0.73
targeted_original_out_degree,pool150,N09,0.05,100,50,41.2,91.2,90.0,87.0,101.0,90.88,1.824,100,3
targeted_original_out_degree,pool150,N09,0.1,100,100,58.12,158.12,159.0,146.0,166.0,84.188,1.5812,100,3
targeted_original_out_degree,pool150,N09,0.2,100,200,119.88,319.88,319.0,298.0,340.0,68.012,1.5994,100,3.97
targeted_original_out_degree,pool150,N10,0.01,100,10,4.0,14.0,14.0,14.0,14.0,98.6,1.4,100,1
targeted_original_out_degree,pool150,N10,0.05,100,50,17.42,67.42,67.0,64.0,75.0,93.258,1.3484,100,2.06
targeted_original_out_degree,pool150,N10,0.1,100,100,39.63,139.63,140.0,129.0,148.0,86.037,1.3962999999999999,100,2.71
targeted_original_out_degree,pool150,N10,0.2,100,200,109.66,309.66,310.0,282.0,337.0,69.034,1.5483,100,3.74
targeted_original_out_degree,pool150,N11,0.01,100,10,6.71,16.71,17.0,12.0,21.0,98.32900000000001,1.671,100,2.53
targeted_original_out_degree,pool150,N11,0.05,100,50,28.01,78.01,78.0,73.0,86.0,92.199,1.5602,100,4
targeted_original_out_degree,pool150,N11,0.1,100,100,53.77,153.77,154.0,143.0,159.0,84.623,1.5377,100,4
targeted_original_out_degree,pool150,N11,0.2,100,200,113.14,313.14,313.0,290.0,339.0,68.68599999999999,1.5657,100,4
targeted_original_out_degree,pool150,N12,0.01,100,10,1.54,11.54,12.0,10.0,12.0,98.846,1.154,77,0.77
targeted_original_out_degree,pool150,N12,0.05,100,50,13.23,63.23,63.0,56.0,72.0,93.677,1.2646,100,2.38
targeted_original_out_degree,pool150,N12,0.1,100,100,46.83,146.83,147.0,140.0,151.0,85.317,1.4683,100,3.82
targeted_original_out_degree,pool150,N12,0.2,100,200,113.59,313.59,313.5,290.0,344.0,68.641,1.56795,100,3.99
targeted_original_out_degree,pool150,N13,0.01,100,10,4.66,14.66,14.0,14.0,18.0,98.53399999999999,1.466,100,1.16
targeted_original_out_degree,pool150,N13,0.05,100,50,27.94,77.94,78.0,71.0,86.0,92.206,1.5588,100,2.14
targeted_original_out_degree,pool150,N13,0.1,100,100,56.12,156.12,156.0,146.0,163.0,84.388,1.5612000000000001,100,2.87
targeted_original_out_degree,pool150,N13,0.2,100,200,127.02,327.02,328.5,290.0,354.0,67.298,1.6351,100,3.96
targeted_original_out_degree,pool150,N14,0.01,100,10,2.59,12.59,13.0,11.0,13.0,98.741,1.2590000000000001,100,1
targeted_original_out_degree,pool150,N14,0.05,100,50,34.22,84.22,84.0,78.0,85.0,91.578,1.6844,100,3
targeted_original_out_degree,pool150,N14,0.1,100,100,53.57,153.57,154.0,146.0,159.0,84.643,1.5357,100,3.1
targeted_original_out_degree,pool150,N14,0.2,100,200,114.51,314.51,314.0,292.0,339.0,68.549,1.57255,100,3.98
targeted_original_out_degree,pool150,N15,0.01,100,10,9.46,19.46,19.0,18.0,25.0,98.054,1.946,100,3
targeted_original_out_degree,pool150,N15,0.05,100,50,23.34,73.34,73.0,67.0,82.0,92.666,1.4667999999999999,100,3.07
targeted_original_out_degree,pool150,N15,0.1,100,100,34.63,134.63,135.0,126.0,141.0,86.537,1.3463,100,3.72
targeted_original_out_degree,pool150,N15,0.2,100,200,91.31,291.31,291.0,274.0,310.0,70.869,1.45655,100,3.84
targeted_original_out_degree,pool150,N16,0.01,100,10,5.74,15.74,15.0,13.0,17.0,98.426,1.574,100,2
targeted_original_out_degree,pool150,N16,0.05,100,50,19.68,69.68,68.0,64.0,84.0,93.032,1.3936,100,2.4
targeted_original_out_degree,pool150,N16,0.1,100,100,52.26,152.26,153.5,135.0,161.0,84.774,1.5226,100,3.96
targeted_original_out_degree,pool150,N16,0.2,100,200,117.75,317.75,317.0,295.0,339.0,68.225,1.58875,100,4
targeted_original_out_degree,pool150,N17,0.01,100,10,8.64,18.64,18.0,16.0,26.0,98.136,1.864,100,2.22
targeted_original_out_degree,pool150,N17,0.05,100,50,35.73,85.73,85.0,79.0,94.0,91.427,1.7146,100,3.27
targeted_original_out_degree,pool150,N17,0.1,100,100,60.56,160.56,160.0,159.0,165.0,83.944,1.6056000000000001,100,4
targeted_original_out_degree,pool150,N17,0.2,100,200,134.19,334.19,334.5,314.0,353.0,66.581,1.67095,100,4
targeted_original_out_degree,pool150,N18,0.01,100,10,0.36,10.36,10.0,10.0,11.0,98.964,1.036,36,0.36
targeted_original_out_degree,pool150,N18,0.05,100,50,19.0,69.0,69.0,66.0,70.0,93.1,1.38,100,2
targeted_original_out_degree,pool150,N18,0.1,100,100,47.06,147.06,147.5,132.0,156.0,85.294,1.4706,100,3.69
targeted_original_out_degree,pool150,N18,0.2,100,200,108.47,308.47,309.0,293.0,339.0,69.153,1.54235,100,3.84
targeted_original_out_degree,pool150,N19,0.01,100,10,4.0,14.0,14.0,14.0,14.0,98.6,1.4,100,1
targeted_original_out_degree,pool150,N19,0.05,100,50,19.9,69.9,69.0,62.0,85.0,93.01,1.398,100,2.75
targeted_original_out_degree,pool150,N19,0.1,100,100,53.92,153.92,154.0,142.0,161.0,84.608,1.5392000000000001,100,3.86
targeted_original_out_degree,pool150,N19,0.2,100,200,129.05,329.05,329.5,306.0,352.0,67.095,1.64525,100,4
targeted_original_out_degree,pool150,N20,0.01,100,10,6.44,16.44,17.0,14.0,18.0,98.356,1.644,100,2
targeted_original_out_degree,pool150,N20,0.05,100,50,36.19,86.19,86.0,78.0,96.0,91.381,1.7238,100,2.92
targeted_original_out_degree,pool150,N20,0.1,100,100,75.43,175.43,176.0,163.0,186.0,82.457,1.7543,100,3.77
targeted_original_out_degree,pool150,N20,0.2,100,200,138.61,338.61,339.0,319.0,358.0,66.139,1.69305,100,4
