version,strategy,network_id,shock_fraction,cases,fragmentation_defined_cases,mean_active_firms,mean_weak_components,mean_largest_component,mean_largest_component_fraction_original,mean_fragmentation
original,random,N01,0.01,100,100,986.18,23.56,963.47,0.9634699999999999,0.0455488235301692
original,random,N01,0.05,100,100,930.73,25.64,905,0.905,0.05454516338760322
original,random,N01,0.1,100,100,862.04,27.98,833.11,0.83311,0.06601736925896647
original,random,N01,0.2,100,100,720.58,33.32,683.63,0.68363,0.09991171070474734
original,random,N02,0.01,100,100,985.93,28.52,958.26,0.95826,0.05536798723847552
original,random,N02,0.05,100,100,931.39,29.76,901.88,0.90188,0.06239070795110276
original,random,N02,0.1,100,100,863.53,32.21,830.81,0.8308099999999999,0.0743863111812593
original,random,N02,0.2,100,100,721.02,36.03,682.11,0.68211,0.10502750433855394
original,random,N03,0.01,100,100,986.38,33.24,952.99,0.95299,0.06658657866757776
original,random,N03,0.05,100,100,930.37,34.67,894.81,0.89481,0.07501984637634415
original,random,N03,0.1,100,100,863.15,36.79,824.7,0.8247,0.08715085449355306
original,random,N03,0.2,100,100,721.78,40.21,677.49,0.67749,0.1190006110498216
original,random,N04,0.01,100,100,986.38,37.11,948.28,0.9482799999999999,0.07579208560520578
original,random,N04,0.05,100,100,933.31,37.45,894.84,0.89484,0.08077198155301
original,random,N04,0.1,100,100,865.33,38.56,825.59,0.8255899999999999,0.08977871519173061
original,random,N04,0.2,100,100,724.2,40.72,680.97,0.68097,0.11588045620260692
original,random,N05,0.01,100,100,986.01,29.28,954.68,0.95468,0.06256286485928185
original,random,N05,0.05,100,100,931.41,30.4,898.87,0.8988700000000001,0.0686764926675221
original,random,N05,0.1,100,100,861.64,32.02,826.82,0.82682,0.07921369368448498
original,random,N05,0.2,100,100,721.28,36.16,680.5,0.6805,0.1098969057228883
original,random,N06,0.01,100,100,986.73,27.28,959.39,0.95939,0.054672553648162196
original,random,N06,0.05,100,100,932.78,28.42,903.75,0.90375,0.061299147395530273
original,random,N06,0.1,100,100,863.7,29.54,832.94,0.83294,0.06998306177290328
original,random,N06,0.2,100,100,723.68,33.13,687.71,0.68771,0.09698509001925233
original,random,N07,0.01,100,100,986.25,27.49,957.62,0.9576199999999999,0.0572395842948995
original,random,N07,0.05,100,100,931.88,29.4,900.74,0.90074,0.06573751160707898
original,random,N07,0.1,100,100,862.86,32.56,827.24,0.82724,0.08087061644549505
original,random,N07,0.2,100,100,723.34,36.44,681.45,0.68145,0.11252078147949383
original,random,N08,0.01,100,100,987.07,31.08,956.91,0.9569099999999999,0.060206531028448064
original,random,N08,0.05,100,100,934.66,32.13,903.02,0.90302,0.06658892038541496
original,random,N08,0.1,100,100,870,33.66,836.42,0.8364199999999999,0.07574264545266504
original,random,N08,0.2,100,100,735.08,36.4,696.89,0.69689,0.10124503479495627
original,random,N09,0.01,100,100,986.75,33.22,951.47,0.9514699999999999,0.07025596881908379
original,random,N09,0.05,100,100,932.79,33.96,896.61,0.89661,0.07609989696343755
original,random,N09,0.1,100,100,864.25,35.39,825.6,0.8256,0.08746525402274125
original,random,N09,0.2,100,100,725.68,38.63,681.49,0.68149,0.11812611865386685
original,random,N10,0.01,100,100,986.02,33.26,950.68,0.95068,0.0704251114570127
original,random,N10,0.05,100,100,931.47,34.51,894.44,0.89444,0.07796147232820003
original,random,N10,0.1,100,100,862.8,36.72,822.79,0.82279,0.09062643142461246
original,random,N10,0.2,100,100,721.67,39.85,677.05,0.67705,0.1198914482519237
original,random,N11,0.01,100,100,986.11,33.22,952.73,0.95273,0.06658446785274422
original,random,N11,0.05,100,100,931.77,34.57,896.48,0.89648,0.07434763232649519
original,random,N11,0.1,100,100,861.33,35.95,823.78,0.82378,0.0853209806606357
original,random,N11,0.2,100,100,719.52,39.65,676.21,0.67621,0.11686706857196767
original,random,N12,0.01,100,100,986.11,31.58,952.32,0.9523199999999999,0.06738159351636146
original,random,N12,0.05,100,100,932.3,33.05,896.07,0.89607,0.07623060074868929
original,random,N12,0.1,100,100,860.72,35.75,820.47,0.8204699999999999,0.0913443023947685
original,random,N12,0.2,100,100,720.11,40.12,672.34,0.67234,0.12821408841834644
original,random,N13,0.01,100,100,986.52,30.41,952.12,0.95212,0.06854005162459131
original,random,N13,0.05,100,100,931.42,31.57,895.87,0.89587,0.07489301564747891
original,random,N13,0.1,100,100,861.54,33.25,823.98,0.8239799999999999,0.08530328991878697
original,random,N13,0.2,100,100,721.4,35.97,679.28,0.67928,0.11343941030741958
original,random,N14,0.01,100,100,987.07,35.38,952.55,0.95255,0.06875368134694497
original,random,N14,0.05,100,100,933.85,36.17,897.52,0.89752,0.07632041463580445
original,random,N14,0.1,100,100,865.85,37.58,826.88,0.82688,0.08801109189889664
original,random,N14,0.2,100,100,727.5,40.47,683.89,0.68389,0.11633105789960625
original,random,N15,0.01,100,100,986.48,30.23,953.23,0.9532299999999999,0.06629675178675926
original,random,N15,0.05,100,100,933.57,31.67,898.84,0.89884,0.0730373594421423
original,random,N15,0.1,100,100,864.18,33.78,826.98,0.8269799999999999,0.08427738161847267
original,random,N15,0.2,100,100,722.32,37.89,679.02,0.6790200000000001,0.11641744120022146
original,random,N16,0.01,100,100,986.48,31.39,951.82,0.95182,0.06904786608999587
original,random,N16,0.05,100,100,932.8,32.99,895.95,0.89595,0.0774633601658591
original,random,N16,0.1,100,100,863.1,35.24,823.44,0.82344,0.08978909858932117
original,random,N16,0.2,100,100,723.73,40.4,676.54,0.67654,0.12619867508257387
original,random,N17,0.01,100,100,985.93,29.31,955.38,0.95538,0.06103646183259818
original,random,N17,0.05,100,100,931.24,30.65,898.36,0.89836,0.06939508066952772
original,random,N17,0.1,100,100,859.55,32.38,824.26,0.82426,0.08045633957253324
original,random,N17,0.2,100,100,719.21,36.03,678.45,0.67845,0.11018935345223392
original,random,N18,0.01,100,100,987.41,24.28,963.1,0.9631,0.048655841308051354
original,random,N18,0.05,100,100,935.01,25.58,909.33,0.9093300000000001,0.05419346822505327
original,random,N18,0.1,100,100,870.1,27.38,842.3,0.8422999999999999,0.06290943331636298
original,random,N18,0.2,100,100,731.1,31.68,696.93,0.6969299999999999,0.09132244476463837
original,random,N19,0.01,100,100,986.22,27.54,959.47,0.9594699999999999,0.053538470156173516
original,random,N19,0.05,100,100,931.08,29.1,901.99,0.9019900000000001,0.061536972023532935
original,random,N19,0.1,100,100,859.25,31.75,826.3,0.8262999999999999,0.07525809337126611
original,random,N19,0.2,100,100,715.15,36.54,673.83,0.67383,0.11221898056830247
original,random,N20,0.01,100,100,986.01,29.27,954.81,0.9548099999999999,0.062306965524673394
original,random,N20,0.05,100,100,930.6,30.25,898.26,0.8982600000000001,0.06832072802525764
original,random,N20,0.1,100,100,858.97,32.87,823.45,0.82345,0.0810352943539172
original,random,N20,0.2,100,100,719.43,35.19,680.22,0.68022,0.10610003484779744
original,targeted_original_out_degree,N01,0.01,100,100,973.61,23.21,951.4,0.9513999999999999,0.04512662416627667
original,targeted_original_out_degree,N01,0.05,100,100,865.32,27.08,837.2,0.8371999999999999,0.06396194388177948
original,targeted_original_out_degree,N01,0.1,100,100,729.66,35.4,685.9,0.6859000000000001,0.11634760372130673
original,targeted_original_out_degree,N01,0.2,100,100,522.27,62.99,391.99,0.39199,0.43332135629997515
original,targeted_original_out_degree,N02,0.01,100,100,971.18,28,944.18,0.9441799999999999,0.05485823684807284
original,targeted_original_out_degree,N02,0.05,100,100,857.25,30.81,826.94,0.82694,0.06950063142001742
original,targeted_original_out_degree,N02,0.1,100,100,744.77,39.33,701.08,0.7010799999999999,0.11394580109360382
original,targeted_original_out_degree,N02,0.2,100,100,503.44,57.11,410.9,0.4109,0.3326102575825139
original,targeted_original_out_degree,N03,0.01,100,100,977.48,35.05,942.43,0.94243,0.0704641142564123
original,targeted_original_out_degree,N03,0.05,100,100,879.32,42.08,835.15,0.83515,0.0979843963485683
original,targeted_original_out_degree,N03,0.1,100,100,749.28,46.59,697.48,0.69748,0.13355049768423594
original,targeted_original_out_degree,N03,0.2,100,100,489.96,73.65,360.55,0.36055,0.45602426851120254
original,targeted_original_out_degree,N04,0.01,100,100,973.66,38.93,933.73,0.9337300000000001,0.080371719915384
original,targeted_original_out_degree,N04,0.05,100,100,885.97,43.5,840.23,0.8402299999999999,0.10063407984895262
original,targeted_original_out_degree,N04,0.1,100,100,756.79,48.19,702.85,0.70285,0.13753339923551966
original,targeted_original_out_degree,N04,0.2,100,100,528.42,68.17,419.62,0.41962,0.3681885800867633
original,targeted_original_out_degree,N05,0.01,100,100,976.69,30,942.69,0.9426899999999999,0.0684331336173548
original,targeted_original_out_degree,N05,0.05,100,100,887.92,34.03,848.25,0.84825,0.08738405924233729
original,targeted_original_out_degree,N05,0.1,100,100,769.74,40.05,720.23,0.7202299999999999,0.12454042186392268
original,targeted_original_out_degree,N05,0.2,100,100,517.41,62.54,397.88,0.39788,0.40629444176358265
original,targeted_original_out_degree,N06,0.01,100,100,973.97,27,946.97,0.94697,0.05470069999374955
original,targeted_original_out_degree,N06,0.05,100,100,876.31,29.8,844.34,0.84434,0.07166653208126544
original,targeted_original_out_degree,N06,0.1,100,100,758,38.74,714.85,0.71485,0.11067758871988935
original,targeted_original_out_degree,N06,0.2,100,100,517.87,61.5,405.2,0.4052,0.3857950194578128
original,targeted_original_out_degree,N07,0.01,100,100,976,28,947,0.947,0.05856872635561161
original,targeted_original_out_degree,N07,0.05,100,100,868.92,30.83,836.4,0.8363999999999999,0.07348237108120892
original,targeted_original_out_degree,N07,0.1,100,100,750.88,40.76,699.78,0.69978,0.1314710978419957
original,targeted_original_out_degree,N07,0.2,100,100,523.36,66.74,389.77,0.38977,0.4417720638773543
original,targeted_original_out_degree,N08,0.01,100,100,973.53,32,941.53,0.94153,0.06469144389282143
original,targeted_original_out_degree,N08,0.05,100,100,874,34.76,838.31,0.83831,0.0800436986145344
original,targeted_original_out_degree,N08,0.1,100,100,756.53,39.89,712.78,0.71278,0.11238684449485117
original,targeted_original_out_degree,N08,0.2,100,100,528.95,55.43,439.52,0.43952,0.30888308571600975
original,targeted_original_out_degree,N09,0.01,100,100,973.19,33,938.19,0.93819,0.07066444393395283
original,targeted_original_out_degree,N09,0.05,100,100,871.41,36.99,831,0.831,0.09063474698488536
original,targeted_original_out_degree,N09,0.1,100,100,745.01,45.15,689.88,0.6898799999999999,0.14254586885524423
original,targeted_original_out_degree,N09,0.2,100,100,491.4,69.63,351.73,0.35173,0.4817222124631666
original,targeted_original_out_degree,N10,0.01,100,100,970.35,34,933.35,0.93335,0.07483452569222943
original,targeted_original_out_degree,N10,0.05,100,100,879.95,37.39,837.22,0.83722,0.09479077253077692
original,targeted_original_out_degree,N10,0.1,100,100,734.14,42.52,680.24,0.6802400000000001,0.14144171821015447
original,targeted_original_out_degree,N10,0.2,100,100,488.57,69.27,336.36,0.33636,0.5205485204591432
original,targeted_original_out_degree,N11,0.01,100,100,967.38,33,934.38,0.9343800000000001,0.06709400931003301
original,targeted_original_out_degree,N11,0.05,100,100,860.77,37.89,818.25,0.8182499999999999,0.09638749989282146
original,targeted_original_out_degree,N11,0.1,100,100,734.33,47.88,678.75,0.6787500000000001,0.1457033685079758
original,targeted_original_out_degree,N11,0.2,100,100,490.36,73.95,348.54,0.34854,0.4916001296957545
original,targeted_original_out_degree,N12,0.01,100,100,975.54,31.81,941.73,0.94173,0.06814053427062979
original,targeted_original_out_degree,N12,0.05,100,100,876.77,34.69,839.78,0.83978,0.08263339759932455
original,targeted_original_out_degree,N12,0.1,100,100,750.59,37.67,709,0.709,0.107797391850852
original,targeted_original_out_degree,N12,0.2,100,100,516.53,59.15,396.13,0.39613,0.40705003276782953
original,targeted_original_out_degree,N13,0.01,100,100,969.13,32,931.13,0.93113,0.0768989452573041
original,targeted_original_out_degree,N13,0.05,100,100,880.58,32.62,841.37,0.84137,0.08708779070480437
original,targeted_original_out_degree,N13,0.1,100,100,754.55,35.99,703.55,0.70355,0.13049535495052586
original,targeted_original_out_degree,N13,0.2,100,100,504.68,60.35,374.71,0.37471,0.4459835041264682
original,targeted_original_out_degree,N14,0.01,100,100,975.88,38.12,938.76,0.9387599999999999,0.07466372717688989
original,targeted_original_out_degree,N14,0.05,100,100,880.28,39.96,841.32,0.84132,0.08660675436264316
original,targeted_original_out_degree,N14,0.1,100,100,766.56,44.05,722.67,0.7226699999999999,0.11130263247448703
original,targeted_original_out_degree,N14,0.2,100,100,506.1,63.54,397.22,0.39722,0.38243003500606504
original,targeted_original_out_degree,N15,0.01,100,100,974.99,31.15,940.84,0.9408399999999999,0.06884982016138384
original,targeted_original_out_degree,N15,0.05,100,100,887.54,33.15,850.98,0.85098,0.08072852832150655
original,targeted_original_out_degree,N15,0.1,100,100,748.71,36.87,703.77,0.70377,0.11647019008877801
original,targeted_original_out_degree,N15,0.2,100,100,504.09,61.13,391.26,0.39126,0.39523721519409516
original,targeted_original_out_degree,N16,0.01,100,100,976.05,32.79,940.26,0.94026,0.07200696289929409
original,targeted_original_out_degree,N16,0.05,100,100,891.38,38.3,847.56,0.84756,0.09591294086671612
original,targeted_original_out_degree,N16,0.1,100,100,762.69,45.44,708.77,0.70877,0.13642584300998747
original,targeted_original_out_degree,N16,0.2,100,100,528.9,66.39,406.14,0.40614,0.40722261985058456
original,targeted_original_out_degree,N17,0.01,100,100,967.4,29.3,936.65,0.93665,0.06258913512080645
original,targeted_original_out_degree,N17,0.05,100,100,871.66,32.97,832.73,0.83273,0.08735075737127794
original,targeted_original_out_degree,N17,0.1,100,100,747.29,38.13,698.06,0.6980599999999999,0.127425560097685
original,targeted_original_out_degree,N17,0.2,100,100,485.34,57.24,374.96,0.37496,0.39962783932170415
original,targeted_original_out_degree,N18,0.01,100,100,974.9,24,950.9,0.9509,0.04865250596347785
original,targeted_original_out_degree,N18,0.05,100,100,888.53,29.67,856.06,0.8560599999999999,0.07177761119287608
original,targeted_original_out_degree,N18,0.1,100,100,763.35,35.06,723.82,0.72382,0.10094394775434247
original,targeted_original_out_degree,N18,0.2,100,100,503.44,54.87,395.47,0.39547,0.379811875869829
original,targeted_original_out_degree,N19,0.01,100,100,976,30,947,0.947,0.058572929802438
original,targeted_original_out_degree,N19,0.05,100,100,882.89,33.46,848.04,0.84804,0.07741510604545108
original,targeted_original_out_degree,N19,0.1,100,100,749.27,40.97,700.33,0.70033,0.1264061964913152
original,targeted_original_out_degree,N19,0.2,100,100,479.64,71.74,307.85,0.30785,0.5734432065611065
original,targeted_original_out_degree,N20,0.01,100,100,965.74,30.84,932.9,0.9329000000000001,0.06687997201428786
original,targeted_original_out_degree,N20,0.05,100,100,855.6,33.55,819.05,0.81905,0.08365016715931492
original,targeted_original_out_degree,N20,0.1,100,100,730.07,36.29,690.78,0.69078,0.10479801088656526
original,targeted_original_out_degree,N20,0.2,100,100,500.01,63.68,356.92,0.35692,0.48566671790336563
pool100,random,N01,0.01,100,100,986.67,101.05,885.64,0.88564,0.19439715729823326
pool100,random,N01,0.05,100,100,931.04,97.32,833.52,0.8335199999999999,0.19861409216877504
pool100,random,N01,0.1,100,100,859.16,93.22,765.42,0.76542,0.2064348103907945
pool100,random,N01,0.2,100,100,717.66,84.89,631.02,0.63102,0.22706676698251158
pool100,random,N02,0.01,100,100,985.78,103.05,883.69,0.88369,0.19649626018021257
pool100,random,N02,0.05,100,100,932.11,99.24,833.67,0.8336699999999999,0.2001732328519248
pool100,random,N02,0.1,100,100,863.49,95.26,768.69,0.76869,0.20765635632856583
pool100,random,N02,0.2,100,100,724.12,86.79,636.82,0.63682,0.22677706691810753
pool100,random,N03,0.01,100,100,985.82,104.23,881.52,0.88152,0.2005021053303838
pool100,random,N03,0.05,100,100,931.38,100.48,830.68,0.83068,0.2046521858193316
pool100,random,N03,0.1,100,100,861,96.69,763.4,0.7634,0.21399442481085298
pool100,random,N03,0.2,100,100,726.97,87.49,637.51,0.63751,0.2311574459351737
pool100,random,N04,0.01,100,100,986.64,103.09,882.52,0.88252,0.2000143466636629
pool100,random,N04,0.05,100,100,934.07,98.89,833.95,0.83395,0.2029871038901936
pool100,random,N04,0.1,100,100,868.23,94.53,772.14,0.77214,0.20921803321620855
pool100,random,N04,0.2,100,100,729.48,86.2,640.62,0.64062,0.22896881762592897
pool100,random,N05,0.01,100,100,986.24,104.06,882.1,0.8821,0.20012949118364
pool100,random,N05,0.05,100,100,930.6,100.62,829.53,0.82953,0.20552726016487116
pool100,random,N05,0.1,100,100,862.83,95.52,766.42,0.76642,0.21110277603756458
pool100,random,N05,0.2,100,100,719.68,88.26,629.11,0.6291100000000001,0.23606889561173447
pool100,random,N06,0.01,100,100,986.5,101.25,886.04,0.88604,0.1933916906217857
pool100,random,N06,0.05,100,100,931.42,97.66,834.33,0.83433,0.1977155469709683
pool100,random,N06,0.1,100,100,863.16,93.05,770.57,0.77057,0.20314173226520124
pool100,random,N06,0.2,100,100,728.39,84.28,643.35,0.64335,0.22002003752853022
pool100,random,N07,0.01,100,100,986.48,101.85,885.59,0.88559,0.19417843522208733
pool100,random,N07,0.05,100,100,931.05,98.67,832.78,0.83278,0.20006366004862075
pool100,random,N07,0.1,100,100,862.54,94.66,767.83,0.76783,0.20767434775094795
pool100,random,N07,0.2,100,100,725.1,86.05,638.11,0.6381100000000001,0.22570389723303183
pool100,random,N08,0.01,100,100,987,103.11,884.84,0.88484,0.196392253333496
pool100,random,N08,0.05,100,100,933.28,99.12,835.01,0.8350099999999999,0.19960556922763245
pool100,random,N08,0.1,100,100,868.06,95.03,773.54,0.77354,0.2060368430951891
pool100,random,N08,0.2,100,100,730.51,86.29,643.95,0.64395,0.22313540299618348
pool100,random,N09,0.01,100,100,986.67,102.27,884.37,0.88437,0.19670672644283863
pool100,random,N09,0.05,100,100,932,98.44,833.4,0.8333999999999999,0.20049322589394414
pool100,random,N09,0.1,100,100,864.18,93.78,770.23,0.77023,0.20573549592927784
pool100,random,N09,0.2,100,100,722.03,86.66,634.28,0.63428,0.22853270439328036
pool100,random,N10,0.01,100,100,986.15,103.27,881.76,0.88176,0.2005986462875575
pool100,random,N10,0.05,100,100,930.96,100.19,829.35,0.8293499999999999,0.20648052649523774
pool100,random,N10,0.1,100,100,861.02,96.38,762.55,0.7625500000000001,0.21577809394543326
pool100,random,N10,0.2,100,100,717.57,87.99,626.22,0.62622,0.23864673678633486
pool100,random,N11,0.01,100,100,986,101.16,885.78,0.88578,0.19304960342408348
pool100,random,N11,0.05,100,100,931.9,97.7,834.73,0.83473,0.19777572813509095
pool100,random,N11,0.1,100,100,862.46,93.48,768.95,0.76895,0.205216979114551
pool100,random,N11,0.2,100,100,722.22,85.11,635.73,0.63573,0.22539395242242846
pool100,random,N12,0.01,100,100,986.53,103,883.53,0.88353,0.19800547245473588
pool100,random,N12,0.05,100,100,931.72,99.35,831.94,0.83194,0.20281795930740992
pool100,random,N12,0.1,100,100,861.33,94.57,765.54,0.76554,0.2101631489941382
pool100,random,N12,0.2,100,100,716.43,86.9,626.63,0.62663,0.23517301336639942
pool100,random,N13,0.01,100,100,986.12,102.08,885.01,0.88501,0.19464727917580565
pool100,random,N13,0.05,100,100,932.82,98.3,835.3,0.8352999999999999,0.1982584521309711
pool100,random,N13,0.1,100,100,864.6,93.38,771.86,0.77186,0.20316475839554599
pool100,random,N13,0.2,100,100,722.39,84.98,637.17,0.63717,0.2222286365708679
pool100,random,N14,0.01,100,100,986.66,100.19,887.43,0.88743,0.19112073775424518
pool100,random,N14,0.05,100,100,932.84,96.59,836.99,0.83699,0.1950501474925283
pool100,random,N14,0.1,100,100,865.27,92.25,773.27,0.77327,0.20147075597544462
pool100,random,N14,0.2,100,100,728.05,83.24,644.03,0.64403,0.21771297167969977
pool100,random,N15,0.01,100,100,986.7,105,878.74,0.87874,0.20694372464807095
pool100,random,N15,0.05,100,100,933.05,101.36,828.85,0.82885,0.21097939739154284
pool100,random,N15,0.1,100,100,865.31,96.97,765.53,0.76553,0.21742318996821836
pool100,random,N15,0.2,100,100,726.86,88.42,635.26,0.63526,0.23634287458582107
pool100,random,N16,0.01,100,100,986.13,102.95,882.15,0.88215,0.1998579226785961
pool100,random,N16,0.05,100,100,931.66,99.58,830.74,0.8307399999999999,0.2050173376562783
pool100,random,N16,0.1,100,100,861.72,95.95,763.55,0.7635500000000001,0.21498333128390226
pool100,random,N16,0.2,100,100,720.71,87.6,629.23,0.62923,0.23790384558056857
pool100,random,N17,0.01,100,100,986.17,101.19,884.95,0.88495,0.19483557288305403
pool100,random,N17,0.05,100,100,929.29,97.4,831.59,0.8315899999999999,0.19932372422045463
pool100,random,N17,0.1,100,100,856.41,92.83,762.84,0.76284,0.20670718860147683
pool100,random,N17,0.2,100,100,716.1,83.81,630.24,0.63024,0.2256596806987721
pool100,random,N18,0.01,100,100,986.89,101.18,886.68,0.88668,0.1928651793849789
pool100,random,N18,0.05,100,100,934.6,97.15,838.37,0.83837,0.19542690946917274
pool100,random,N18,0.1,100,100,868.58,92.58,776.65,0.7766500000000001,0.20058709376328546
pool100,random,N18,0.2,100,100,732.02,83.89,648.18,0.64818,0.21616327471051652
pool100,random,N19,0.01,100,100,986.03,104.09,881.74,0.88174,0.20044393925978596
pool100,random,N19,0.05,100,100,928.99,100.53,827.72,0.82772,0.20624701184190586
pool100,random,N19,0.1,100,100,857.31,96.09,759.99,0.75999,0.21429217935797715
pool100,random,N19,0.2,100,100,711.65,88.13,620.31,0.62031,0.2405661512724278
pool100,random,N20,0.01,100,100,986.08,104.23,880.84,0.88084,0.20215529300282717
pool100,random,N20,0.05,100,100,930.48,100.52,829.02,0.82902,0.2062975740858106
pool100,random,N20,0.1,100,100,860.74,95.97,763.78,0.76378,0.2127372016936883
pool100,random,N20,0.2,100,100,717.83,86.56,629.83,0.62983,0.23035107183692308
pool100,targeted_original_out_degree,N01,0.01,100,100,987.62,100.91,886.71,0.88671,0.19400131302573334
pool100,targeted_original_out_degree,N01,0.05,100,100,930.36,99.22,830.3,0.8302999999999999,0.20362453932309146
pool100,targeted_original_out_degree,N01,0.1,100,100,859.21,95.82,760.39,0.76039,0.21690464310365976
pool100,targeted_original_out_degree,N01,0.2,100,100,650.02,90.95,554.13,0.55413,0.27351038360242647
pool100,targeted_original_out_degree,N02,0.01,100,100,986.12,102.87,884.25,0.88425,0.19603019551005543
pool100,targeted_original_out_degree,N02,0.05,100,100,927.99,92.87,836.12,0.83612,0.18829741342285725
pool100,targeted_original_out_degree,N02,0.1,100,100,839.36,90.65,749.71,0.74971,0.20233766054846428
pool100,targeted_original_out_degree,N02,0.2,100,100,692.57,81.76,610.94,0.61094,0.22197810063517012
pool100,targeted_original_out_degree,N03,0.01,100,100,988.44,103.7,885.09,0.88509,0.19827831983394278
pool100,targeted_original_out_degree,N03,0.05,100,100,926.03,100.57,826.43,0.82643,0.20364730012111654
pool100,targeted_original_out_degree,N03,0.1,100,100,856.54,90.57,766.21,0.7662100000000001,0.1999043542298316
pool100,targeted_original_out_degree,N03,0.2,100,100,703.1,79.7,622.3,0.6223,0.2168008418190245
pool100,targeted_original_out_degree,N04,0.01,100,100,984.83,104.58,878.25,0.87825,0.2048235966988326
pool100,targeted_original_out_degree,N04,0.05,100,100,924.45,102.25,819.29,0.81929,0.21466853129381136
pool100,targeted_original_out_degree,N04,0.1,100,100,850.99,96.6,752.11,0.7521100000000001,0.21900229412188799
pool100,targeted_original_out_degree,N04,0.2,100,100,697.46,89.3,601.76,0.60176,0.25576339257839253
pool100,targeted_original_out_degree,N05,0.01,100,100,983.84,104.31,879.53,0.87953,0.20090046073760773
pool100,targeted_original_out_degree,N05,0.05,100,100,931.48,101.74,830.57,0.8305699999999999,0.20503405078227405
pool100,targeted_original_out_degree,N05,0.1,100,100,856.27,94.14,762.18,0.76218,0.20780603862893618
pool100,targeted_original_out_degree,N05,0.2,100,100,706.11,80.81,622.03,0.62203,0.22411402308449224
pool100,targeted_original_out_degree,N06,0.01,100,100,986.41,100,887.41,0.88741,0.19074790167027245
pool100,targeted_original_out_degree,N06,0.05,100,100,930.19,96.67,834.52,0.8345199999999999,0.19522198184778716
pool100,targeted_original_out_degree,N06,0.1,100,100,853.74,93.56,761.18,0.76118,0.2051953109998118
pool100,targeted_original_out_degree,N06,0.2,100,100,696.08,82.57,612.17,0.61217,0.2267458858362339
pool100,targeted_original_out_degree,N07,0.01,100,100,987,104,882,0.882,0.20153886939955734
pool100,targeted_original_out_degree,N07,0.05,100,100,927.54,100.64,825.79,0.8257899999999999,0.20746135966559576
pool100,targeted_original_out_degree,N07,0.1,100,100,860.17,97.74,759.34,0.75934,0.22080925012704258
pool100,targeted_original_out_degree,N07,0.2,100,100,688.64,93.49,588.89,0.58889,0.26887551574737883
pool100,targeted_original_out_degree,N08,0.01,100,100,983.25,101.33,882.92,0.88292,0.19376122938528267
pool100,targeted_original_out_degree,N08,0.05,100,100,926.86,95.16,832.7,0.8327,0.1929588263276222
pool100,targeted_original_out_degree,N08,0.1,100,100,848.2,90.95,758.25,0.75825,0.20097617132886525
pool100,targeted_original_out_degree,N08,0.2,100,100,692.68,80.17,613.51,0.61351,0.2157351038641833
pool100,targeted_original_out_degree,N09,0.01,100,100,988.22,101,887.22,0.88722,0.1940532019349176
pool100,targeted_original_out_degree,N09,0.05,100,100,934.99,95.2,839.59,0.83959,0.193752391684143
pool100,targeted_original_out_degree,N09,0.1,100,100,858.19,89.7,767.08,0.76708,0.20116883496161359
pool100,targeted_original_out_degree,N09,0.2,100,100,696.89,79.04,614.07,0.61407,0.22372081886984363
pool100,targeted_original_out_degree,N10,0.01,100,100,987.92,100.8,886.12,0.88612,0.19555913112396903
pool100,targeted_original_out_degree,N10,0.05,100,100,908.05,99.46,806.3,0.8063,0.21164906627007632
pool100,targeted_original_out_degree,N10,0.1,100,100,827.78,93.91,729.57,0.7295699999999999,0.22331247104442856
pool100,targeted_original_out_degree,N10,0.2,100,100,666.11,82,579.66,0.57966,0.24289814478840668
pool100,targeted_original_out_degree,N11,0.01,100,100,983.43,98.29,886.14,0.88614,0.18816244723605144
pool100,targeted_original_out_degree,N11,0.05,100,100,930.57,94.75,834.82,0.83482,0.19529440402786508
pool100,targeted_original_out_degree,N11,0.1,100,100,868.09,94.12,772.97,0.77297,0.2072465849198398
pool100,targeted_original_out_degree,N11,0.2,100,100,705.71,88.48,612.85,0.61285,0.24600060819284958
pool100,targeted_original_out_degree,N12,0.01,100,100,989.23,104.8,884.43,0.88443,0.20075213530489994
pool100,targeted_original_out_degree,N12,0.05,100,100,923.39,102.66,817.92,0.81792,0.21549019603868197
pool100,targeted_original_out_degree,N12,0.1,100,100,846.97,98.32,744.75,0.74475,0.2269189055577724
pool100,targeted_original_out_degree,N12,0.2,100,100,690.47,89.21,593.15,0.59315,0.26219842625975204
pool100,targeted_original_out_degree,N13,0.01,100,100,988.55,102.89,886.66,0.88666,0.19561056192950743
pool100,targeted_original_out_degree,N13,0.05,100,100,927.03,98.99,829.04,0.82904,0.20033720490460843
pool100,targeted_original_out_degree,N13,0.1,100,100,850.48,93.06,758.42,0.75842,0.20488708892140303
pool100,targeted_original_out_degree,N13,0.2,100,100,707.89,80.66,627.56,0.62756,0.21422793843283872
pool100,targeted_original_out_degree,N14,0.01,100,100,987.67,99.22,888.66,0.88866,0.1905323193541935
pool100,targeted_original_out_degree,N14,0.05,100,100,930.54,94.09,836.45,0.8364499999999999,0.19209843569305166
pool100,targeted_original_out_degree,N14,0.1,100,100,861.46,85.43,776.03,0.77603,0.18860485142755665
pool100,targeted_original_out_degree,N14,0.2,100,100,710.58,77.39,632.64,0.63264,0.20751353909885928
pool100,targeted_original_out_degree,N15,0.01,100,100,982.92,105.03,874.89,0.87489,0.20782129916946923
pool100,targeted_original_out_degree,N15,0.05,100,100,919.81,102.67,814.36,0.81436,0.21624101698741235
pool100,targeted_original_out_degree,N15,0.1,100,100,843.95,96.35,745.52,0.74552,0.21977187211630791
pool100,targeted_original_out_degree,N15,0.2,100,100,700.94,85.81,612,0.612,0.23781424850296104
pool100,targeted_original_out_degree,N16,0.01,100,100,989,103.32,884.68,0.88468,0.19992361318634533
pool100,targeted_original_out_degree,N16,0.05,100,100,928.75,99.17,826.48,0.82648,0.208199368649371
pool100,targeted_original_out_degree,N16,0.1,100,100,847.2,94.66,748.06,0.74806,0.22044786119791182
pool100,targeted_original_out_degree,N16,0.2,100,100,686.24,86.72,593.09,0.59309,0.2531967953990889
pool100,targeted_original_out_degree,N17,0.01,100,100,986.14,101.65,884.49,0.88449,0.19562498827239627
pool100,targeted_original_out_degree,N17,0.05,100,100,927.61,97.53,829.78,0.82978,0.19991527324018732
pool100,targeted_original_out_degree,N17,0.1,100,100,853.43,94.84,755.58,0.75558,0.21627015209504666
pool100,targeted_original_out_degree,N17,0.2,100,100,688.94,84.02,599.65,0.59965,0.24257398849895567
pool100,targeted_original_out_degree,N18,0.01,100,100,987.08,98.26,889.82,0.88982,0.18744728475770006
pool100,targeted_original_out_degree,N18,0.05,100,100,929.02,90.38,839.64,0.8396399999999999,0.18325567692540168
pool100,targeted_original_out_degree,N18,0.1,100,100,837.1,86.06,752.04,0.75204,0.19302343814049747
pool100,targeted_original_out_degree,N18,0.2,100,100,655.84,77.5,577.7,0.5777,0.22430209964025027
pool100,targeted_original_out_degree,N19,0.01,100,100,986,105,881,0.881,0.20173597883053096
pool100,targeted_original_out_degree,N19,0.05,100,100,917.87,101.8,816.08,0.81608,0.20960843691282144
pool100,targeted_original_out_degree,N19,0.1,100,100,825.16,95.73,729.44,0.72944,0.21867484655557476
pool100,targeted_original_out_degree,N19,0.2,100,100,643.94,86.29,557.65,0.55765,0.2503090802071273
pool100,targeted_original_out_degree,N20,0.01,100,100,982.32,105.56,875.2,0.8752,0.20629775745234125
pool100,targeted_original_out_degree,N20,0.05,100,100,930.77,99.21,829.56,0.82956,0.20575110360148796
pool100,targeted_original_out_degree,N20,0.1,100,100,862.52,92.5,768.02,0.76802,0.2072279032963626
pool100,targeted_original_out_degree,N20,0.2,100,100,700.33,81.16,617.17,0.61717,0.22354443069156196
pool150,random,N01,0.01,100,100,986.75,69.7,916,0.916,0.1383226769395933
pool150,random,N01,0.05,100,100,930.91,68.26,861.35,0.86135,0.14393142663170835
pool150,random,N01,0.1,100,100,861.49,67,792.71,0.79271,0.1533832442867381
pool150,random,N01,0.2,100,100,718.21,63.72,650.54,0.65054,0.1796569397419283
pool150,random,N02,0.01,100,100,986.47,69.67,917.61,0.91761,0.13480048391403235
pool150,random,N02,0.05,100,100,931.08,67.92,863.62,0.8636199999999999,0.13973131411206013
pool150,random,N02,0.1,100,100,862.19,66.84,794.97,0.7949700000000001,0.14994010444140912
pool150,random,N02,0.2,100,100,721.53,63.28,656.15,0.65615,0.17310954762005168
pool150,random,N03,0.01,100,100,986.92,66.49,917.41,0.9174100000000001,0.13595967869363906
pool150,random,N03,0.05,100,100,932.36,65.55,863.71,0.86371,0.14190334782441733
pool150,random,N03,0.1,100,100,864.5,64.14,797.11,0.79711,0.149905953500813
pool150,random,N03,0.2,100,100,723.87,61.3,658.15,0.65815,0.17340725732326465
pool150,random,N04,0.01,100,100,986.88,67.54,916.44,0.91644,0.1377146835501614
pool150,random,N04,0.05,100,100,934.01,65.75,865.18,0.86518,0.142017594389339
pool150,random,N04,0.1,100,100,865.58,64.14,798.32,0.79832,0.14944320769049443
pool150,random,N04,0.2,100,100,731.03,61.14,666.36,0.6663600000000001,0.16923690742065603
pool150,random,N05,0.01,100,100,986.49,63.62,921.79,0.92179,0.12692854714304666
pool150,random,N05,0.05,100,100,931.1,62.56,867.14,0.86714,0.13273037398382986
pool150,random,N05,0.1,100,100,861.76,60.86,799.09,0.7990900000000001,0.1402414652645856
pool150,random,N05,0.2,100,100,720.11,59.13,657.65,0.6576500000000001,0.16606182864528246
pool150,random,N06,0.01,100,100,986.16,57.78,929.31,0.9293100000000001,0.11202683638920335
pool150,random,N06,0.05,100,100,932.72,56.54,877.02,0.87702,0.11592887393074985
pool150,random,N06,0.1,100,100,866.36,55.1,811.54,0.81154,0.12262477993622507
pool150,random,N06,0.2,100,100,728.07,54.04,672.62,0.67262,0.14661512638108742
pool150,random,N07,0.01,100,100,985.92,66.55,918.36,0.9183600000000001,0.13241527685787985
pool150,random,N07,0.05,100,100,931.97,64.9,865.87,0.86587,0.13688833895272193
pool150,random,N07,0.1,100,100,862.1,63.39,797.32,0.79732,0.14472251342663597
pool150,random,N07,0.2,100,100,725.65,59.8,662.78,0.66278,0.16589849069859847
pool150,random,N08,0.01,100,100,986.56,60.75,925.74,0.92574,0.11955349633997218
pool150,random,N08,0.05,100,100,934.51,60.15,874.03,0.87403,0.1253074570628058
pool150,random,N08,0.1,100,100,866.98,58.89,807.15,0.80715,0.13331846963023486
pool150,random,N08,0.2,100,100,732.43,56.78,673.56,0.67356,0.1543862701999364
pool150,random,N09,0.01,100,100,986.69,58.81,927.81,0.92781,0.11584380261077341
pool150,random,N09,0.05,100,100,932.28,58.15,873.66,0.87366,0.1218691407256455
pool150,random,N09,0.1,100,100,863.43,56.5,806.03,0.80603,0.1286150626065341
pool150,random,N09,0.2,100,100,723.33,55.63,665.31,0.6653100000000001,0.15407013532832486
pool150,random,N10,0.01,100,100,986.03,62.78,922.2,0.9222,0.1253355794949779
pool150,random,N10,0.05,100,100,932.15,61.93,868.92,0.86892,0.13113149326846404
pool150,random,N10,0.1,100,100,863.07,60.72,800.16,0.80016,0.1405567879377137
pool150,random,N10,0.2,100,100,722.54,58.9,659.63,0.65963,0.16666786114925078
pool150,random,N11,0.01,100,100,986.33,67.51,915.71,0.91571,0.1381262675978073
pool150,random,N11,0.05,100,100,931.67,66.46,862.15,0.86215,0.14373171936334386
pool150,random,N11,0.1,100,100,860.71,64.81,792.42,0.79242,0.15246639838140683
pool150,random,N11,0.2,100,100,722.46,62.42,655.5,0.6555,0.1769005382437344
pool150,random,N12,0.01,100,100,986.48,65.01,919.18,0.91918,0.13184653222473502
pool150,random,N12,0.05,100,100,932.91,64.2,865.51,0.86551,0.13933108136633876
pool150,random,N12,0.1,100,100,863.7,63.7,795.14,0.7951400000000001,0.15249887373168144
pool150,random,N12,0.2,100,100,722.82,63.04,653.06,0.65306,0.18375856890150472
pool150,random,N13,0.01,100,100,986.48,62.65,921.84,0.92184,0.12681083295481763
pool150,random,N13,0.05,100,100,931.98,61.76,868.22,0.86822,0.13220553320037964
pool150,random,N13,0.1,100,100,863,60.21,800.4,0.8004,0.13989229923248941
pool150,random,N13,0.2,100,100,718.88,59.03,656.36,0.65636,0.1664382869712899
pool150,random,N14,0.01,100,100,986.63,58.88,925.63,0.9256300000000001,0.11988018313842563
pool150,random,N14,0.05,100,100,933.71,58.33,873.06,0.87306,0.12574497508805738
pool150,random,N14,0.1,100,100,866.55,57.29,806.56,0.80656,0.1337371004537618
pool150,random,N14,0.2,100,100,726.61,55.83,665.27,0.66527,0.16176531575439093
pool150,random,N15,0.01,100,100,987.16,57.62,927.51,0.9275100000000001,0.1172509566394296
pool150,random,N15,0.05,100,100,933.41,57.36,873.68,0.87368,0.12394038329130695
pool150,random,N15,0.1,100,100,865.62,56.13,806.67,0.80667,0.13163957930872475
pool150,random,N15,0.2,100,100,725.65,54.71,665.95,0.66595,0.15786548913154366
pool150,random,N16,0.01,100,100,986.54,67.61,915.86,0.91586,0.13820805182911855
pool150,random,N16,0.05,100,100,932.35,66.39,862.72,0.86272,0.1438438068617373
pool150,random,N16,0.1,100,100,863.91,64.85,795.45,0.79545,0.15226360530355418
pool150,random,N16,0.2,100,100,724.11,62.35,656.48,0.6564800000000001,0.17819908531551235
pool150,random,N17,0.01,100,100,986.56,66.81,919.5,0.9195,0.13138658512849463
pool150,random,N17,0.05,100,100,931.57,65.16,865.83,0.86583,0.13622135958395334
pool150,random,N17,0.1,100,100,861.35,64.19,795.61,0.79561,0.14689477579192003
pool150,random,N17,0.2,100,100,721.98,61,657.79,0.65779,0.17002767421140372
pool150,random,N18,0.01,100,100,986.92,58.88,926.96,0.92696,0.11786926793252982
pool150,random,N18,0.05,100,100,934.48,57.43,875.88,0.87588,0.12154363032577352
pool150,random,N18,0.1,100,100,868.01,56.15,810.05,0.81005,0.12914771268361855
pool150,random,N18,0.2,100,100,734.4,54.18,677.02,0.6770200000000001,0.15023508314121578
pool150,random,N19,0.01,100,100,985.72,60.93,924.72,0.9247200000000001,0.11999448019748865
pool150,random,N19,0.05,100,100,930.23,59.79,869.56,0.86956,0.12623996114138675
pool150,random,N19,0.1,100,100,860.06,59.36,799.03,0.79903,0.13694346675991168
pool150,random,N19,0.2,100,100,717.21,58.18,654.87,0.6548700000000001,0.16641424065949761
pool150,random,N20,0.01,100,100,985.82,64.91,918.91,0.91891,0.13119557437718046
pool150,random,N20,0.05,100,100,930.76,63.93,864.52,0.86452,0.13732941560655226
pool150,random,N20,0.1,100,100,862.21,62.52,796.88,0.79688,0.1458564370966341
pool150,random,N20,0.2,100,100,718.65,60.72,651.54,0.65154,0.1781015663086402
pool150,targeted_original_out_degree,N01,0.01,100,100,987.98,69.18,916.66,0.91666,0.13922503629353838
pool150,targeted_original_out_degree,N01,0.05,100,100,931.57,68.59,859.23,0.8592299999999999,0.14934304817524416
pool150,targeted_original_out_degree,N01,0.1,100,100,849.1,67.91,775.22,0.77522,0.16651494940602524
pool150,targeted_original_out_degree,N01,0.2,100,100,693.61,67.48,614.69,0.61469,0.2146570911289168
pool150,targeted_original_out_degree,N02,0.01,100,100,987.22,69.86,917.36,0.9173600000000001,0.13658566200453792
pool150,targeted_original_out_degree,N02,0.05,100,100,924.06,66.15,856.63,0.85663,0.14068475504360817
pool150,targeted_original_out_degree,N02,0.1,100,100,852.33,66.86,781.99,0.7819900000000001,0.15832001054867414
pool150,targeted_original_out_degree,N02,0.2,100,100,700.37,65.23,630.46,0.63046,0.1897917991680636
pool150,targeted_original_out_degree,N03,0.01,100,100,984.33,67.85,913.48,0.9134800000000001,0.1388363921380458
pool150,targeted_original_out_degree,N03,0.05,100,100,930.32,67.91,859.35,0.85935,0.14681792634750135
pool150,targeted_original_out_degree,N03,0.1,100,100,860.06,64.63,791.01,0.79101,0.15419377161222092
pool150,targeted_original_out_degree,N03,0.2,100,100,709.14,58.37,643.04,0.6430400000000001,0.17780847278995016
pool150,targeted_original_out_degree,N04,0.01,100,100,988.57,67.97,917.6,0.9176000000000001,0.13848443643661237
pool150,targeted_original_out_degree,N04,0.05,100,100,931.29,68.53,857.76,0.85776,0.1517359004099199
pool150,targeted_original_out_degree,N04,0.1,100,100,864.6,64.68,794.92,0.7949200000000001,0.15475570178761172
pool150,targeted_original_out_degree,N04,0.2,100,100,712.43,61.08,648.1,0.6481,0.1725425002427203
pool150,targeted_original_out_degree,N05,0.01,100,100,985.54,65.01,919.53,0.9195300000000001,0.12952986179817036
pool150,targeted_original_out_degree,N05,0.05,100,100,928.5,65.66,861.88,0.86188,0.13842111689988
pool150,targeted_original_out_degree,N05,0.1,100,100,841.88,63.97,774.75,0.77475,0.15319465954293765
pool150,targeted_original_out_degree,N05,0.2,100,100,688.13,56.85,628.46,0.62846,0.16603484422622164
pool150,targeted_original_out_degree,N06,0.01,100,100,984.21,56.58,928.63,0.9286300000000001,0.10981024168357162
pool150,targeted_original_out_degree,N06,0.05,100,100,918.22,54.98,864.16,0.86416,0.11434346393966832
pool150,targeted_original_out_degree,N06,0.1,100,100,843.05,54.81,788.42,0.78842,0.12547158048026
pool150,targeted_original_out_degree,N06,0.2,100,100,696.43,54.99,636.6,0.6366,0.16451815683352364
pool150,targeted_original_out_degree,N07,0.01,100,100,986,66,919,0.919,0.13134543507583318
pool150,targeted_original_out_degree,N07,0.05,100,100,934.07,64.69,868.52,0.86852,0.1354953165570741
pool150,targeted_original_out_degree,N07,0.1,100,100,859.91,59.99,799.69,0.79969,0.13523208248076887
pool150,targeted_original_out_degree,N07,0.2,100,100,710.73,62.11,642.57,0.64257,0.18269808694674317
pool150,targeted_original_out_degree,N08,0.01,100,100,987.79,62,925.79,0.92579,0.12165047485488525
pool150,targeted_original_out_degree,N08,0.05,100,100,933.74,61.97,871.77,0.87177,0.12839457543445248
pool150,targeted_original_out_degree,N08,0.1,100,100,858.87,60.51,797.78,0.79778,0.13726877305868881
pool150,targeted_original_out_degree,N08,0.2,100,100,691.75,60,628.59,0.62859,0.1743709461546688
pool150,targeted_original_out_degree,N09,0.01,100,100,989.27,59.72,929.55,0.9295500000000001,0.11714631204567878
pool150,targeted_original_out_degree,N09,0.05,100,100,908.8,60.87,847.72,0.84772,0.1299680837088072
pool150,targeted_original_out_degree,N09,0.1,100,100,841.88,59.87,779.75,0.77975,0.1422169283111532
pool150,targeted_original_out_degree,N09,0.2,100,100,680.12,58.82,615.21,0.61521,0.18183670293754808
pool150,targeted_original_out_degree,N10,0.01,100,100,986,64,920,0.92,0.12945089115639252
pool150,targeted_original_out_degree,N10,0.05,100,100,932.58,64.6,866.9,0.8669,0.13596152884354934
pool150,targeted_original_out_degree,N10,0.1,100,100,860.37,61.24,796.08,0.79608,0.14392569112807693
pool150,targeted_original_out_degree,N10,0.2,100,100,690.34,56.66,630.15,0.63015,0.16689127847003563
pool150,targeted_original_out_degree,N11,0.01,100,100,983.29,68,912.29,0.91229,0.13925575627286366
pool150,targeted_original_out_degree,N11,0.05,100,100,921.99,65.34,854.22,0.85422,0.14166823700021952
pool150,targeted_original_out_degree,N11,0.1,100,100,846.23,65.93,776.39,0.77639,0.15832484322499904
pool150,targeted_original_out_degree,N11,0.2,100,100,686.86,61.95,620.46,0.62046,0.18415159602184913
pool150,targeted_original_out_degree,N12,0.01,100,100,988.46,65,921.46,0.9214600000000001,0.1310258681424076
pool150,targeted_original_out_degree,N12,0.05,100,100,936.77,64.44,864.79,0.86479,0.14780615205467804
pool150,targeted_original_out_degree,N12,0.1,100,100,853.17,62.9,781.38,0.7813800000000001,0.16124473995125221
pool150,targeted_original_out_degree,N12,0.2,100,100,686.41,61.45,615.82,0.61582,0.19516529700115282
pool150,targeted_original_out_degree,N13,0.01,100,100,985.34,62.9,920.44,0.92044,0.12744732960374258
pool150,targeted_original_out_degree,N13,0.05,100,100,922.06,59.73,860.33,0.86033,0.12947279346060903
pool150,targeted_original_out_degree,N13,0.1,100,100,843.88,56.55,785.33,0.7853300000000001,0.1340167961943208
pool150,targeted_original_out_degree,N13,0.2,100,100,672.98,56.12,613.94,0.61394,0.16790110901468777
pool150,targeted_original_out_degree,N14,0.01,100,100,987.41,59.79,925.62,0.92562,0.12129074288317133
pool150,targeted_original_out_degree,N14,0.05,100,100,915.78,61.92,849.93,0.84993,0.13869997170747528
pool150,targeted_original_out_degree,N14,0.1,100,100,846.43,58.52,783.87,0.7838700000000001,0.14242225852467696
pool150,targeted_original_out_degree,N14,0.2,100,100,685.49,58.97,619.69,0.61969,0.18288839378244337
pool150,targeted_original_out_degree,N15,0.01,100,100,980.54,59,919.54,0.91954,0.12060463172265395
pool150,targeted_original_out_degree,N15,0.05,100,100,926.66,58.12,866,0.866,0.12669727937159206
pool150,targeted_original_out_degree,N15,0.1,100,100,865.37,54.81,807.51,0.8075100000000001,0.1293159679030472
pool150,targeted_original_out_degree,N15,0.2,100,100,708.69,50.95,653.55,0.6535500000000001,0.149648980634543
pool150,targeted_original_out_degree,N16,0.01,100,100,984.26,67.22,914.04,0.9140400000000001,0.13764922736728954
pool150,targeted_original_out_degree,N16,0.05,100,100,930.32,64.32,862.44,0.86244,0.14066359648144036
pool150,targeted_original_out_degree,N16,0.1,100,100,847.74,59.67,782.57,0.78257,0.14790442879547414
pool150,targeted_original_out_degree,N16,0.2,100,100,682.25,58.38,616.08,0.61608,0.1846629766493771
pool150,targeted_original_out_degree,N17,0.01,100,100,981.36,67.16,913.91,0.91391,0.13279873443810045
pool150,targeted_original_out_degree,N17,0.05,100,100,914.27,65.22,846.93,0.84693,0.1419500766850359
pool150,targeted_original_out_degree,N17,0.1,100,100,839.44,61.94,773.44,0.77344,0.15113207838227627
pool150,targeted_original_out_degree,N17,0.2,100,100,665.81,61.31,593.12,0.59312,0.20649504699746968
pool150,targeted_original_out_degree,N18,0.01,100,100,989.64,56.73,931.91,0.93191,0.11331478356139098
pool150,targeted_original_out_degree,N18,0.05,100,100,931,54.97,875.92,0.87592,0.11488138561665089
pool150,targeted_original_out_degree,N18,0.1,100,100,852.94,54.57,796.44,0.79644,0.12815697269502366
pool150,targeted_original_out_degree,N18,0.2,100,100,691.53,49.6,639.19,0.63919,0.14575659795620924
pool150,targeted_original_out_degree,N19,0.01,100,100,986,62,924,0.924,0.12186447833115388
pool150,targeted_original_out_degree,N19,0.05,100,100,930.1,62.15,867.54,0.86754,0.1300632215403776
pool150,targeted_original_out_degree,N19,0.1,100,100,846.08,61.89,780.7,0.7807000000000001,0.14864430843767984
pool150,targeted_original_out_degree,N19,0.2,100,100,670.95,60.67,602.18,0.6021799999999999,0.19458147807954784
pool150,targeted_original_out_degree,N20,0.01,100,100,983.56,64.9,916.66,0.91666,0.13146779032363837
pool150,targeted_original_out_degree,N20,0.05,100,100,913.81,62.3,848.45,0.8484499999999999,0.13799771618277157
pool150,targeted_original_out_degree,N20,0.1,100,100,824.57,59.8,761.72,0.7617200000000001,0.1467120771227614
pool150,targeted_original_out_degree,N20,0.2,100,100,661.39,56.81,597.22,0.59722,0.1846997393728637
redundant,random,N01,0.01,100,100,989.98,10.36,980.57,0.9805699999999999,0.018928594203353414
redundant,random,N01,0.05,100,100,949.19,11.25,938.78,0.93878,0.021821882159220058
redundant,random,N01,0.1,100,100,897.13,12.4,885.42,0.88542,0.025940896859818537
redundant,random,N01,0.2,100,100,787.52,15.21,772.67,0.77267,0.037368430997795604
redundant,random,N02,0.01,100,100,989.98,11.28,979.62,0.9796199999999999,0.02082950334512255
redundant,random,N02,0.05,100,100,949.34,12.11,938.06,0.93806,0.023631434224760692
redundant,random,N02,0.1,100,100,897.05,13.64,884.09,0.88409,0.02869275625182618
redundant,random,N02,0.2,100,100,788.12,16.19,772.35,0.77235,0.03962221833223764
redundant,random,N03,0.01,100,100,989.98,17.02,973.96,0.9739599999999999,0.032118137528599947
redundant,random,N03,0.05,100,100,949.31,17.67,932.64,0.93264,0.03482766402386215
redundant,random,N03,0.1,100,100,897.04,18.39,879.65,0.87965,0.03841340998887028
redundant,random,N03,0.2,100,100,787.54,20.81,767.63,0.76763,0.04993954458837067
redundant,random,N04,0.01,100,100,989.96,15.14,975.79,0.9757899999999999,0.028436176421807815
redundant,random,N04,0.05,100,100,949.3,16.19,933.83,0.93383,0.032337713711627164
redundant,random,N04,0.1,100,100,897.4,17.34,880.67,0.88067,0.036948291874842665
redundant,random,N04,0.2,100,100,789.19,19.44,770.12,0.77012,0.04774760582777412
redundant,random,N05,0.01,100,100,989.97,10.15,980.79,0.9807899999999999,0.018468911182124972
redundant,random,N05,0.05,100,100,949.4,11.03,939.33,0.93933,0.021109811198606943
redundant,random,N05,0.1,100,100,897.2,12.05,886.08,0.88608,0.024642277607292137
redundant,random,N05,0.2,100,100,787.55,15.25,772.97,0.77297,0.03668386429053041
redundant,random,N06,0.01,100,100,989.98,10.13,980.85,0.98085,0.018368658358121414
redundant,random,N06,0.05,100,100,949.18,10.68,939.5,0.9395,0.0203014381117407
redundant,random,N06,0.1,100,100,897.7,11.84,886.81,0.88681,0.024123037095587843
redundant,random,N06,0.2,100,100,788.34,14,775.07,0.77507,0.033389687464108926
redundant,random,N07,0.01,100,100,989.97,12.08,978.89,0.9788899999999999,0.022269952630284726
redundant,random,N07,0.05,100,100,949.35,12.99,937.34,0.93734,0.02515214052490588
redundant,random,N07,0.1,100,100,897.22,14.53,883.61,0.88361,0.03011819991470915
redundant,random,N07,0.2,100,100,788.46,17.09,772.06,0.77206,0.041176748159939436
redundant,random,N08,0.01,100,100,989.97,14.12,976.85,0.97685,0.026343036560055363
redundant,random,N08,0.05,100,100,949.49,14.69,935.8,0.9358000000000001,0.028641313283165343
redundant,random,N08,0.1,100,100,897.63,15.47,883.16,0.8831600000000001,0.03199302700789532
redundant,random,N08,0.2,100,100,789.15,17.18,772.88,0.77288,0.040819654674361196
redundant,random,N09,0.01,100,100,989.98,10.18,980.8,0.9808,0.018468851390569252
redundant,random,N09,0.05,100,100,949.16,10.87,939.23,0.93923,0.02082394153062706
redundant,random,N09,0.1,100,100,897.32,11.68,886.51,0.88651,0.02395682875226396
redundant,random,N09,0.2,100,100,788.06,14.15,774.49,0.77449,0.03415004880257813
redundant,random,N10,0.01,100,100,989.99,11.16,979.83,0.97983,0.02042996004344525
redundant,random,N10,0.05,100,100,949.21,11.92,938.29,0.93829,0.022885821817307108
redundant,random,N10,0.1,100,100,896.99,13.1,884.86,0.88486,0.026873089775045635
redundant,random,N10,0.2,100,100,787.6,15.09,773.4,0.7734,0.03574894272645384
redundant,random,N11,0.01,100,100,989.95,15.07,975.88,0.97588,0.02823754325015564
redundant,random,N11,0.05,100,100,949.31,15.59,934.67,0.93467,0.030619551885407607
redundant,random,N11,0.1,100,100,897.06,16.1,881.92,0.88192,0.03348332406897884
redundant,random,N11,0.2,100,100,787.9,18.51,770.07,0.77007,0.04475554177792424
redundant,random,N12,0.01,100,100,989.97,10.22,980.75,0.98075,0.0185491265160788
redundant,random,N12,0.05,100,100,949.42,11,939.41,0.93941,0.020984189976478752
redundant,random,N12,0.1,100,100,896.72,12.6,885.08,0.88508,0.025802297642205853
redundant,random,N12,0.2,100,100,788.53,15.13,774.19,0.77419,0.036045721674313864
redundant,random,N13,0.01,100,100,989.97,10.13,980.82,0.98082,0.018408774935942215
redundant,random,N13,0.05,100,100,949.36,11.02,939.18,0.9391799999999999,0.021339178957588193
redundant,random,N13,0.1,100,100,897.22,12.33,885.53,0.88553,0.025896264045063903
redundant,random,N13,0.2,100,100,787.96,14.6,773.87,0.7738700000000001,0.035461376529009436
redundant,random,N14,0.01,100,100,989.99,15.18,975.81,0.97581,0.028455389400363025
redundant,random,N14,0.05,100,100,949.27,15.48,934.77,0.9347700000000001,0.030329699047359222
redundant,random,N14,0.1,100,100,896.92,16.86,881.02,0.88102,0.03515603414146103
redundant,random,N14,0.2,100,100,788.88,18.9,770.85,0.77085,0.04519777052911219
redundant,random,N15,0.01,100,100,989.95,9.26,981.69,0.98169,0.016625868688398614
redundant,random,N15,0.05,100,100,949.34,10.21,940.11,0.94011,0.01935838644751591
redundant,random,N15,0.1,100,100,897.27,11.45,886.77,0.8867700000000001,0.023275966107022157
redundant,random,N15,0.2,100,100,788.39,14.42,774.83,0.77483,0.03411628291847057
redundant,random,N16,0.01,100,100,989.98,13.21,977.76,0.97776,0.024546899384002258
redundant,random,N16,0.05,100,100,949.27,14.28,935.89,0.93589,0.028003945089386792
redundant,random,N16,0.1,100,100,897.26,15.52,882.67,0.88267,0.032267507714016166
redundant,random,N16,0.2,100,100,788.18,18.52,770.31,0.77031,0.04484456247517584
redundant,random,N17,0.01,100,100,989.97,10.22,980.75,0.98075,0.01854910608936474
redundant,random,N17,0.05,100,100,949.39,10.79,939.6,0.9396,0.020525986187921848
redundant,random,N17,0.1,100,100,896.97,12.02,885.9,0.8859,0.024537722984867526
redundant,random,N17,0.2,100,100,787.8,14.95,773.55,0.7735500000000001,0.03585525585735434
redundant,random,N18,0.01,100,100,989.99,10.16,980.83,0.98083,0.018428571399036
redundant,random,N18,0.05,100,100,949.38,10.78,939.59,0.9395899999999999,0.020526236790568895
redundant,random,N18,0.1,100,100,897.69,11.64,887.05,0.88705,0.023574286539965815
redundant,random,N18,0.2,100,100,789.17,13.96,776.19,0.77619,0.03263668318032009
redundant,random,N19,0.01,100,100,989.99,7.36,983.62,0.9836199999999999,0.0128333276064105
redundant,random,N19,0.05,100,100,949.42,8.5,941.71,0.9417099999999999,0.01618023986251952
redundant,random,N19,0.1,100,100,897.01,10.68,886.97,0.88697,0.022265670797831174
redundant,random,N19,0.2,100,100,787.22,13.62,773.82,0.7738200000000001,0.03375466421059894
redundant,random,N20,0.01,100,100,989.97,6.32,984.65,0.98465,0.010723798738646312
redundant,random,N20,0.05,100,100,949.36,7.41,942.85,0.94285,0.013671869128515486
redundant,random,N20,0.1,100,100,896.79,9.07,888.52,0.88852,0.018361689674940587
redundant,random,N20,0.2,100,100,787.33,12.59,775.3,0.7753,0.030325726343620244
redundant,targeted_original_out_degree,N01,0.01,100,100,989.96,10.1,980.86,0.98086,0.01830919321632963
redundant,targeted_original_out_degree,N01,0.05,100,100,946.46,13.05,933.93,0.93393,0.026310780206701818
redundant,targeted_original_out_degree,N01,0.1,100,100,888.71,17.15,870.49,0.87049,0.04059756995075845
redundant,targeted_original_out_degree,N01,0.2,100,100,745.57,25.27,717.86,0.7178599999999999,0.07298242651432163
redundant,targeted_original_out_degree,N02,0.01,100,100,990,11,980,0.98,0.02011009998876534
redundant,targeted_original_out_degree,N02,0.05,100,100,944.45,11.49,933.78,0.93378,0.022477435494887458
redundant,targeted_original_out_degree,N02,0.1,100,100,884.46,17.09,865.33,0.86533,0.04279725909603723
redundant,targeted_original_out_degree,N02,0.2,100,100,739.13,26.48,708.01,0.7080099999999999,0.0824350517895899
redundant,targeted_original_out_degree,N03,0.01,100,100,990,19.04,971.96,0.9719599999999999,0.03612895384583956
redundant,targeted_original_out_degree,N03,0.05,100,100,947.92,23.01,925.91,0.92591,0.04592333044717538
redundant,targeted_original_out_degree,N03,0.1,100,100,887.79,23.71,865.08,0.86508,0.05053430494943225
redundant,targeted_original_out_degree,N03,0.2,100,100,736.5,30.66,705.87,0.70587,0.08149714742112932
redundant,targeted_original_out_degree,N04,0.01,100,100,990,15,976,0.976,0.02809694518491279
redundant,targeted_original_out_degree,N04,0.05,100,100,948.31,17.7,931.43,0.9314300000000001,0.03529945423280255
redundant,targeted_original_out_degree,N04,0.1,100,100,887.58,21.97,865.17,0.86517,0.04987695107401622
redundant,targeted_original_out_degree,N04,0.2,100,100,741.29,31.62,706.15,0.7061499999999999,0.09258562741462188
redundant,targeted_original_out_degree,N05,0.01,100,100,990,10.79,980.21,0.98021,0.019689718213479618
redundant,targeted_original_out_degree,N05,0.05,100,100,945.88,11.38,935.5,0.9355,0.021838404479247172
redundant,targeted_original_out_degree,N05,0.1,100,100,885.17,12.78,873.39,0.87339,0.02645359128779193
redundant,targeted_original_out_degree,N05,0.2,100,100,748.13,17.9,731.23,0.7312299999999999,0.044698573268954225
redundant,targeted_original_out_degree,N06,0.01,100,100,990,10.51,980.49,0.98049,0.019129209179765322
redundant,targeted_original_out_degree,N06,0.05,100,100,942.94,12.26,931.68,0.9316800000000001,0.02375251915390375
redundant,targeted_original_out_degree,N06,0.1,100,100,882.31,13.71,869.6,0.8696,0.028619457929522765
redundant,targeted_original_out_degree,N06,0.2,100,100,753.4,19.2,734.24,0.73424,0.050233891627366765
redundant,targeted_original_out_degree,N07,0.01,100,100,990,12,979,0.979,0.022109875294910708
redundant,targeted_original_out_degree,N07,0.05,100,100,946.82,13.19,934.63,0.9346300000000001,0.025596831531569095
redundant,targeted_original_out_degree,N07,0.1,100,100,890.83,15.73,876.1,0.8761,0.032814786883851636
redundant,targeted_original_out_degree,N07,0.2,100,100,743.61,24.29,718.37,0.71837,0.06677261927055637
redundant,targeted_original_out_degree,N08,0.01,100,100,988.48,14,975.48,0.97548,0.026143198281399355
redundant,targeted_original_out_degree,N08,0.05,100,100,945.3,15.89,930.41,0.9304100000000001,0.031271597255268714
redundant,targeted_original_out_degree,N08,0.1,100,100,887.8,16,872.8,0.8728,0.03352480773601279
redundant,targeted_original_out_degree,N08,0.2,100,100,745.8,20.44,725.68,0.72568,0.05324946721545671
redundant,targeted_original_out_degree,N09,0.01,100,100,989.43,10,980.43,0.98043,0.018118676066097707
redundant,targeted_original_out_degree,N09,0.05,100,100,947.27,10.26,938.01,0.93801,0.019465288855986324
redundant,targeted_original_out_degree,N09,0.1,100,100,888.45,11.87,877.58,0.87758,0.024333866051161432
redundant,targeted_original_out_degree,N09,0.2,100,100,736.73,24.42,712.05,0.71205,0.06590160798075428
redundant,targeted_original_out_degree,N10,0.01,100,100,989.98,11,979.98,0.97998,0.02011050480158035
redundant,targeted_original_out_degree,N10,0.05,100,100,944.47,14.14,930.33,0.9303300000000001,0.029731814010850934
redundant,targeted_original_out_degree,N10,0.1,100,100,882.17,16.12,866.05,0.86605,0.03622845253004632
redundant,targeted_original_out_degree,N10,0.2,100,100,742.22,22.6,718.96,0.7189599999999999,0.06172882441693846
redundant,targeted_original_out_degree,N11,0.01,100,100,990,15,976,0.976,0.02809694518491279
redundant,targeted_original_out_degree,N11,0.05,100,100,949.05,16.27,933.76,0.93376,0.03197848988258067
redundant,targeted_original_out_degree,N11,0.1,100,100,881.67,19.44,862.41,0.86241,0.04323339002489291
redundant,targeted_original_out_degree,N11,0.2,100,100,729.3,29.68,698.32,0.6983199999999999,0.08317768259533972
redundant,targeted_original_out_degree,N12,0.01,100,100,990,10,981,0.981,0.018108282011214283
redundant,targeted_original_out_degree,N12,0.05,100,100,947.35,11.34,937.01,0.93701,0.021721187204614776
redundant,targeted_original_out_degree,N12,0.1,100,100,888.15,12.83,876.32,0.87632,0.02647673476699081
redundant,targeted_original_out_degree,N12,0.2,100,100,755.71,19.97,735.53,0.73553,0.052720056558421206
redundant,targeted_original_out_degree,N13,0.01,100,100,989,11,979,0.979,0.020130340629515797
redundant,targeted_original_out_degree,N13,0.05,100,100,945.65,11,935.65,0.9356500000000001,0.021048765563899313
redundant,targeted_original_out_degree,N13,0.1,100,100,885.48,11,875.48,0.87548,0.022471785703479616
redundant,targeted_original_out_degree,N13,0.2,100,100,738.7,19.94,717.47,0.7174699999999999,0.05668456072519289
redundant,targeted_original_out_degree,N14,0.01,100,100,990,15.77,975.23,0.9752299999999999,0.02963048074271529
redundant,targeted_original_out_degree,N14,0.05,100,100,948.06,16,933.06,0.93306,0.031409681859808705
redundant,targeted_original_out_degree,N14,0.1,100,100,886.08,18.4,867.91,0.86791,0.04061124150177662
redundant,targeted_original_out_degree,N14,0.2,100,100,742.05,23.76,717.36,0.71736,0.0654648817879915
redundant,targeted_original_out_degree,N15,0.01,100,100,990,10,981,0.981,0.018108282011214283
redundant,targeted_original_out_degree,N15,0.05,100,100,948.73,11.28,938.45,0.93845,0.021564791378961747
redundant,targeted_original_out_degree,N15,0.1,100,100,893.65,11.88,882.77,0.88277,0.02421482804529305
redundant,targeted_original_out_degree,N15,0.2,100,100,747.39,21.69,726.46,0.72646,0.05523639384118793
redundant,targeted_original_out_degree,N16,0.01,100,100,990,14.69,976.31,0.97631,0.02747891452441502
redundant,targeted_original_out_degree,N16,0.05,100,100,948.82,17.71,932.11,0.9321100000000001,0.03493001056048678
redundant,targeted_original_out_degree,N16,0.1,100,100,890.84,21.29,870.55,0.87055,0.045058536928702715
redundant,targeted_original_out_degree,N16,0.2,100,100,754.26,31.74,720.95,0.72095,0.08640912986328439
redundant,targeted_original_out_degree,N17,0.01,100,100,989.99,10.15,980.84,0.9808399999999999,0.018408737059687
redundant,targeted_original_out_degree,N17,0.05,100,100,946.67,11.88,935.79,0.93579,0.022865114648959274
redundant,targeted_original_out_degree,N17,0.1,100,100,885.61,14.06,872.5,0.8725,0.029403203781996456
redundant,targeted_original_out_degree,N17,0.2,100,100,731.69,23.44,703.23,0.70323,0.0762684911328766
redundant,targeted_original_out_degree,N18,0.01,100,100,990,10,981,0.981,0.018108282011214283
redundant,targeted_original_out_degree,N18,0.05,100,100,948.17,11.93,937.24,0.9372400000000001,0.022934011945606902
redundant,targeted_original_out_degree,N18,0.1,100,100,891.34,15.57,876.77,0.87677,0.03244196602910147
redundant,targeted_original_out_degree,N18,0.2,100,100,739.53,21.64,717.66,0.71766,0.058295275225970535
redundant,targeted_original_out_degree,N19,0.01,100,100,990,10,981,0.981,0.018108282011214283
redundant,targeted_original_out_degree,N19,0.05,100,100,945.78,11.13,935.38,0.93538,0.021880612978195643
redundant,targeted_original_out_degree,N19,0.1,100,100,886.94,14.51,872.49,0.87249,0.03233348417966567
redundant,targeted_original_out_degree,N19,0.2,100,100,736.31,22.94,710.57,0.7105699999999999,0.06872691720475693
redundant,targeted_original_out_degree,N20,0.01,100,100,990,7.84,983.16,0.98316,0.013776654308504683
redundant,targeted_original_out_degree,N20,0.05,100,100,947.23,10.8,937.43,0.93743,0.02059445554846408
redundant,targeted_original_out_degree,N20,0.1,100,100,882.68,13.33,870.35,0.87035,0.02775651736634964
redundant,targeted_original_out_degree,N20,0.2,100,100,732.53,20.26,711.1,0.7111,0.05768618131641075
