group_by,value,cases,mean_total_failures,mean_additional_failures,max_total_failures,cascade_frequency_pct
size,1,6629,1.3522401568864082,0.3522401568864082,12,22.567506411223412
size,2,6686,1.354771163625486,0.3547711636254861,13,23.362249476518098
size,4,6685,1.3461480927449514,0.3461480927449514,10,22.348541510845177
out_degree,0,6095,1,0,1,0.0
out_degree,1,4292,1.228331780055918,0.22833178005591798,8,17.24137931034483
out_degree,2,4452,1.4047619047619047,0.40476190476190477,8,28.818508535489666
out_degree,3,2915,1.6521440823327616,0.6521440823327616,8,42.5728987993139
out_degree,4,1421,1.9021815622800844,0.9021815622800844,8,53.20197044334975
out_degree,5,566,2.1678445229681977,1.167844522968198,13,59.89399293286219
out_degree,6,185,2.362162162162162,1.3621621621621622,12,70.8108108108108
out_degree,7,56,2.9107142857142856,1.9107142857142858,8,78.57142857142857
out_degree,8,15,3.1333333333333333,2.1333333333333333,5,100.0
out_degree,9,1,2,1,2,100.0
out_degree,10,2,2.5,1.5,3,100.0
