network_id,cases,mean_total_failures,mean_additional_failures,max_total_failures,cascade_frequency_pct
N01,1000,1.367,0.367,7,23.2
N02,1000,1.367,0.367,13,22.0
N03,1000,1.362,0.362,7,24.2
N04,1000,1.333,0.333,7,21.1
N05,1000,1.374,0.374,7,24.2
N06,1000,1.349,0.349,8,22.2
N07,1000,1.356,0.356,9,22.2
N08,1000,1.292,0.292,9,20.6
N09,1000,1.329,0.329,7,22.8
N10,1000,1.368,0.368,8,23.2
N11,1000,1.359,0.359,8,23.0
N12,1000,1.368,0.368,8,22.9
N13,1000,1.362,0.362,6,24.4
N14,1000,1.313,0.313,6,21.3
N15,1000,1.336,0.336,6,22.1
N16,1000,1.347,0.347,7,23.3
N17,1000,1.386,0.386,8,23.3
N18,1000,1.281,0.281,5,20.2
N19,1000,1.392,0.392,7,24.8
N20,1000,1.38,0.38,12,24.2
