network_id,shock_fraction,shock_seed,repetitions,initial_failures,mean_additional_failures,mean_total_failures,median_total_failures,min_total_failures,max_total_failures,mean_functional_firms_pct,mean_amplification,shocks_with_cascade
N01,0.01,3000,100,10,3.82,13.82,14.0,10.0,20.0,98.618,1.382,91
N01,0.05,3001,100,50,19.27,69.27,69.0,57.0,85.0,93.073,1.3854,100
N01,0.1,3002,100,100,37.96,137.96,137.0,121.0,173.0,86.204,1.3796,100
N01,0.2,3003,100,200,79.42,279.42,279.5,244.0,310.0,72.05799999999999,1.3971,100
N02,0.01,3004,100,10,4.07,14.07,13.0,10.0,25.0,98.593,1.407,94
N02,0.05,3005,100,50,18.61,68.61,68.0,54.0,90.0,93.139,1.3722,100
N02,0.1,3006,100,100,36.47,136.47,136.0,120.0,156.0,86.353,1.3647,100
N02,0.2,3007,100,200,78.98,278.98,279.0,253.0,327.0,72.102,1.3949,100
N03,0.01,3008,100,10,3.62,13.62,13.0,10.0,20.0,98.638,1.362,93
N03,0.05,3009,100,50,19.63,69.63,69.0,58.0,90.0,93.037,1.3926,100
N03,0.1,3010,100,100,36.85,136.85,135.5,115.0,156.0,86.315,1.3685,100
N03,0.2,3011,100,200,78.22,278.22,277.5,256.0,306.0,72.178,1.3911,100
N04,0.01,3012,100,10,3.62,13.62,13.0,10.0,21.0,98.638,1.362,95
N04,0.05,3013,100,50,16.69,66.69,66.0,55.0,80.0,93.331,1.3338,100
N04,0.1,3014,100,100,34.67,134.67,134.0,116.0,153.0,86.533,1.3467,100
N04,0.2,3015,100,200,75.8,275.8,274.0,252.0,306.0,72.42,1.379,100
N05,0.01,3016,100,10,3.99,13.99,14.0,10.0,21.0,98.601,1.399,97
N05,0.05,3017,100,50,18.59,68.59,68.0,56.0,90.0,93.141,1.3718,100
N05,0.1,3018,100,100,38.36,138.36,138.0,121.0,158.0,86.164,1.3836,100
N05,0.2,3019,100,200,78.72,278.72,280.0,254.0,304.0,72.128,1.3936,100
N06,0.01,3020,100,10,3.27,13.27,13.0,10.0,20.0,98.673,1.327,94
N06,0.05,3021,100,50,17.22,67.22,67.0,57.0,79.0,93.278,1.3444,100
N06,0.1,3022,100,100,36.3,136.3,136.0,117.0,166.0,86.37,1.363,100
N06,0.2,3023,100,200,76.32,276.32,275.0,249.0,313.0,72.368,1.3816,100
N07,0.01,3024,100,10,3.75,13.75,13.0,10.0,24.0,98.625,1.375,91
N07,0.05,3025,100,50,18.12,68.12,68.0,56.0,84.0,93.188,1.3624,100
N07,0.1,3026,100,100,37.14,137.14,136.0,119.0,167.0,86.286,1.3714,100
N07,0.2,3027,100,200,76.66,276.66,277.5,249.0,323.0,72.334,1.3833,100
N08,0.01,3028,100,10,2.93,12.93,12.5,10.0,23.0,98.707,1.293,88
N08,0.05,3029,100,50,15.34,65.34,65.0,54.0,85.0,93.466,1.3068,100
N08,0.1,3030,100,100,30.0,130.0,128.0,113.0,149.0,87.0,1.3,100
N08,0.2,3031,100,200,64.92,264.92,265.0,237.0,286.0,73.508,1.3246,100
N09,0.01,3032,100,10,3.25,13.25,13.0,10.0,20.0,98.675,1.325,95
N09,0.05,3033,100,50,17.21,67.21,67.0,56.0,83.0,93.279,1.3442,100
N09,0.1,3034,100,100,35.75,135.75,134.0,118.0,165.0,86.425,1.3575,100
N09,0.2,3035,100,200,74.32,274.32,274.0,244.0,306.0,72.568,1.3716,100
N10,0.01,3036,100,10,3.98,13.98,14.0,10.0,27.0,98.602,1.398,91
N10,0.05,3037,100,50,18.53,68.53,68.0,56.0,95.0,93.147,1.3706,100
N10,0.1,3038,100,100,37.2,137.2,136.0,119.0,156.0,86.28,1.372,100
N10,0.2,3039,100,200,78.33,278.33,278.0,253.0,321.0,72.167,1.39165,100
N11,0.01,3040,100,10,3.89,13.89,13.0,10.0,25.0,98.611,1.389,95
N11,0.05,3041,100,50,18.23,68.23,68.0,54.0,87.0,93.177,1.3646,100
N11,0.1,3042,100,100,38.67,138.67,138.5,121.0,165.0,86.133,1.3867,100
N11,0.2,3043,100,200,80.48,280.48,280.0,246.0,314.0,71.952,1.4024,100
N12,0.01,3044,100,10,3.89,13.89,14.0,10.0,22.0,98.611,1.389,89
N12,0.05,3045,100,50,17.7,67.7,67.0,56.0,81.0,93.23,1.354,100
N12,0.1,3046,100,100,39.28,139.28,140.0,117.0,161.0,86.072,1.3928,100
N12,0.2,3047,100,200,79.89,279.89,279.0,250.0,312.0,72.011,1.39945,100
N13,0.01,3048,100,10,3.48,13.48,13.0,10.0,23.0,98.652,1.348,92
N13,0.05,3049,100,50,18.58,68.58,68.0,58.0,86.0,93.142,1.3716,100
N13,0.1,3050,100,100,38.46,138.46,138.0,121.0,159.0,86.154,1.3846,100
N13,0.2,3051,100,200,78.6,278.6,279.0,254.0,311.0,72.14,1.393,100
N14,0.01,3052,100,10,2.93,12.93,13.0,10.0,18.0,98.70700000000001,1.293,91
N14,0.05,3053,100,50,16.15,66.15,66.0,54.0,80.0,93.385,1.323,100
N14,0.1,3054,100,100,34.15,134.15,133.5,114.0,160.0,86.585,1.3415,100
N14,0.2,3055,100,200,72.5,272.5,270.0,241.0,308.0,72.75,1.3625,100
N15,0.01,3056,100,10,3.52,13.52,13.0,10.0,21.0,98.648,1.352,94
N15,0.05,3057,100,50,16.43,66.43,66.0,55.0,78.0,93.357,1.3286,100
N15,0.1,3058,100,100,35.82,135.82,137.0,120.0,158.0,86.418,1.3582,100
N15,0.2,3059,100,200,77.68,277.68,276.5,250.0,315.0,72.232,1.3884,100
N16,0.01,3060,100,10,3.52,13.52,13.0,10.0,20.0,98.648,1.352,94
N16,0.05,3061,100,50,17.2,67.2,66.5,58.0,84.0,93.28,1.344,100
N16,0.1,3062,100,100,36.9,136.9,136.0,116.0,161.0,86.31,1.369,100
N16,0.2,3063,100,200,76.27,276.27,275.0,253.0,325.0,72.373,1.38135,100
N17,0.01,3064,100,10,4.07,14.07,14.0,10.0,26.0,98.593,1.407,95
N17,0.05,3065,100,50,18.76,68.76,68.5,57.0,91.0,93.124,1.3752,100
N17,0.1,3066,100,100,40.45,140.45,140.0,122.0,168.0,85.955,1.4045,100
N17,0.2,3067,100,200,80.79,280.79,280.0,260.0,313.0,71.921,1.40395,100
N18,0.01,3068,100,10,2.59,12.59,12.0,10.0,22.0,98.741,1.259,86
N18,0.05,3069,100,50,14.99,64.99,64.5,53.0,78.0,93.501,1.2998,100
N18,0.1,3070,100,100,29.9,129.9,129.0,114.0,149.0,87.01,1.299,100
N18,0.2,3071,100,200,68.9,268.9,269.0,242.0,301.0,73.11,1.3445,100
N19,0.01,3072,100,10,3.78,13.78,13.0,10.0,26.0,98.622,1.3780000000000001,90
N19,0.05,3073,100,50,18.92,68.92,68.5,57.0,85.0,93.108,1.3784,100
N19,0.1,3074,100,100,40.75,140.75,140.0,118.0,166.0,85.925,1.4075,100
N19,0.2,3075,100,200,84.85,284.85,285.0,251.0,325.0,71.515,1.42425,100
N20,0.01,3076,100,10,3.99,13.99,13.0,10.0,27.0,98.601,1.399,92
N20,0.05,3077,100,50,19.4,69.4,69.0,57.0,91.0,93.06,1.388,100
N20,0.1,3078,100,100,41.03,141.03,141.0,122.0,165.0,85.897,1.4103,100
N20,0.2,3079,100,200,80.57,280.57,280.0,249.0,316.0,71.943,1.40285,100
