network_id,firm,layer,size,active
N01,E000,0,2,True
N01,E001,0,1,True
N01,E002,0,2,True
N01,E003,0,2,True
N01,E004,0,4,True
N01,E005,0,1,True
N01,E006,0,4,True
N01,E007,0,4,True
N01,E008,0,1,True
N01,E009,0,2,True
N01,E010,0,1,True
N01,E011,0,4,True
N01,E012,0,1,True
N01,E013,0,4,True
N01,E014,0,4,True
N01,E015,0,4,True
N01,E016,0,4,True
N01,E017,0,2,True
N01,E018,0,2,True
N01,E019,0,4,True
N01,E020,1,2,True
N01,E021,1,1,True
N01,E022,1,1,True
N01,E023,1,4,True
N01,E024,1,1,True
N01,E025,1,4,True
N01,E026,1,4,True
N01,E027,1,4,True
N01,E028,1,4,True
N01,E029,1,2,True
N01,E030,1,1,True
N01,E031,1,1,True
N01,E032,1,4,True
N01,E033,1,1,True
N01,E034,1,1,True
N01,E035,1,4,True
N01,E036,1,2,True
N01,E037,1,4,True
N01,E038,1,1,True
N01,E039,1,4,True
N01,E040,2,4,True
N01,E041,2,1,True
N01,E042,2,4,True
N01,E043,2,1,True
N01,E044,2,2,True
N01,E045,2,2,True
N01,E046,2,2,True
N01,E047,2,1,True
N01,E048,2,2,True
N01,E049,2,4,True
N01,E050,2,1,True
N01,E051,2,1,True
N01,E052,2,2,True
N01,E053,2,2,True
N01,E054,2,4,True
N01,E055,2,1,True
N01,E056,2,1,True
N01,E057,2,2,True
N01,E058,2,1,True
N01,E059,2,4,True
N01,E060,3,2,True
N01,E061,3,4,True
N01,E062,3,4,True
N01,E063,3,1,True
N01,E064,3,1,True
N01,E065,3,1,True
N01,E066,3,1,True
N01,E067,3,1,True
N01,E068,3,4,True
N01,E069,3,2,True
N01,E070,3,1,True
N01,E071,3,1,True
N01,E072,3,1,True
N01,E073,3,4,True
N01,E074,3,1,True
N01,E075,3,1,True
N01,E076,3,1,True
N01,E077,3,1,True
N01,E078,3,4,True
N01,E079,3,1,True
N01,E080,4,2,True
N01,E081,4,1,True
N01,E082,4,4,True
N01,E083,4,4,True
N01,E084,4,1,True
N01,E085,4,4,True
N01,E086,4,4,True
N01,E087,4,4,True
N01,E088,4,4,True
N01,E089,4,4,True
N01,E090,4,1,True
N01,E091,4,1,True
N01,E092,4,4,True
N01,E093,4,1,True
N01,E094,4,2,True
N01,E095,4,2,True
N01,E096,4,1,True
N01,E097,4,2,True
N01,E098,4,1,True
N01,E099,4,1,True
N02,E000,0,4,True
N02,E001,0,1,True
N02,E002,0,2,True
N02,E003,0,1,True
N02,E004,0,1,True
N02,E005,0,4,True
N02,E006,0,4,True
N02,E007,0,4,True
N02,E008,0,1,True
N02,E009,0,4,True
N02,E010,0,4,True
N02,E011,0,4,True
N02,E012,0,4,True
N02,E013,0,1,True
N02,E014,0,4,True
N02,E015,0,1,True
N02,E016,0,2,True
N02,E017,0,2,True
N02,E018,0,1,True
N02,E019,0,1,True
N02,E020,1,4,True
N02,E021,1,2,True
N02,E022,1,1,True
N02,E023,1,2,True
N02,E024,1,1,True
N02,E025,1,2,True
N02,E026,1,2,True
N02,E027,1,4,True
N02,E028,1,2,True
N02,E029,1,2,True
N02,E030,1,2,True
N02,E031,1,2,True
N02,E032,1,1,True
N02,E033,1,2,True
N02,E034,1,2,True
N02,E035,1,2,True
N02,E036,1,4,True
N02,E037,1,4,True
N02,E038,1,1,True
N02,E039,1,2,True
N02,E040,2,2,True
N02,E041,2,1,True
N02,E042,2,4,True
N02,E043,2,4,True
N02,E044,2,2,True
N02,E045,2,1,True
N02,E046,2,1,True
N02,E047,2,4,True
N02,E048,2,1,True
N02,E049,2,2,True
N02,E050,2,1,True
N02,E051,2,1,True
N02,E052,2,4,True
N02,E053,2,2,True
N02,E054,2,4,True
N02,E055,2,2,True
N02,E056,2,4,True
N02,E057,2,2,True
N02,E058,2,4,True
N02,E059,2,1,True
N02,E060,3,1,True
N02,E061,3,2,True
N02,E062,3,2,True
N02,E063,3,1,True
N02,E064,3,4,True
N02,E065,3,4,True
N02,E066,3,4,True
N02,E067,3,2,True
N02,E068,3,4,True
N02,E069,3,2,True
N02,E070,3,4,True
N02,E071,3,4,True
N02,E072,3,2,True
N02,E073,3,2,True
N02,E074,3,1,True
N02,E075,3,2,True
N02,E076,3,1,True
N02,E077,3,1,True
N02,E078,3,2,True
N02,E079,3,2,True
N02,E080,4,4,True
N02,E081,4,4,True
N02,E082,4,2,True
N02,E083,4,2,True
N02,E084,4,1,True
N02,E085,4,1,True
N02,E086,4,4,True
N02,E087,4,4,True
N02,E088,4,2,True
N02,E089,4,1,True
N02,E090,4,2,True
N02,E091,4,4,True
N02,E092,4,1,True
N02,E093,4,2,True
N02,E094,4,1,True
N02,E095,4,2,True
N02,E096,4,1,True
N02,E097,4,1,True
N02,E098,4,4,True
N02,E099,4,1,True
N03,E000,0,4,True
N03,E001,0,1,True
N03,E002,0,4,True
N03,E003,0,2,True
N03,E004,0,4,True
N03,E005,0,4,True
N03,E006,0,1,True
N03,E007,0,2,True
N03,E008,0,2,True
N03,E009,0,4,True
N03,E010,0,1,True
N03,E011,0,1,True
N03,E012,0,2,True
N03,E013,0,4,True
N03,E014,0,2,True
N03,E015,0,1,True
N03,E016,0,1,True
N03,E017,0,2,True
N03,E018,0,2,True
N03,E019,0,2,True
N03,E020,1,1,True
N03,E021,1,2,True
N03,E022,1,1,True
N03,E023,1,1,True
N03,E024,1,4,True
N03,E025,1,2,True
N03,E026,1,2,True
N03,E027,1,4,True
N03,E028,1,4,True
N03,E029,1,4,True
N03,E030,1,4,True
N03,E031,1,4,True
N03,E032,1,2,True
N03,E033,1,4,True
N03,E034,1,1,True
N03,E035,1,2,True
N03,E036,1,4,True
N03,E037,1,1,True
N03,E038,1,2,True
N03,E039,1,2,True
N03,E040,2,4,True
N03,E041,2,4,True
N03,E042,2,2,True
N03,E043,2,4,True
N03,E044,2,1,True
N03,E045,2,4,True
N03,E046,2,2,True
N03,E047,2,2,True
N03,E048,2,2,True
N03,E049,2,2,True
N03,E050,2,2,True
N03,E051,2,4,True
N03,E052,2,1,True
N03,E053,2,1,True
N03,E054,2,2,True
N03,E055,2,4,True
N03,E056,2,2,True
N03,E057,2,2,True
N03,E058,2,2,True
N03,E059,2,2,True
N03,E060,3,1,True
N03,E061,3,4,True
N03,E062,3,1,True
N03,E063,3,1,True
N03,E064,3,1,True
N03,E065,3,4,True
N03,E066,3,1,True
N03,E067,3,4,True
N03,E068,3,4,True
N03,E069,3,4,True
N03,E070,3,2,True
N03,E071,3,1,True
N03,E072,3,1,True
N03,E073,3,1,True
N03,E074,3,4,True
N03,E075,3,4,True
N03,E076,3,4,True
N03,E077,3,2,True
N03,E078,3,2,True
N03,E079,3,1,True
N03,E080,4,1,True
N03,E081,4,1,True
N03,E082,4,1,True
N03,E083,4,1,True
N03,E084,4,4,True
N03,E085,4,4,True
N03,E086,4,2,True
N03,E087,4,2,True
N03,E088,4,2,True
N03,E089,4,4,True
N03,E090,4,4,True
N03,E091,4,2,True
N03,E092,4,1,True
N03,E093,4,4,True
N03,E094,4,4,True
N03,E095,4,1,True
N03,E096,4,4,True
N03,E097,4,4,True
N03,E098,4,4,True
N03,E099,4,4,True
N04,E000,0,1,True
N04,E001,0,4,True
N04,E002,0,4,True
N04,E003,0,4,True
N04,E004,0,1,True
N04,E005,0,2,True
N04,E006,0,2,True
N04,E007,0,4,True
N04,E008,0,2,True
N04,E009,0,4,True
N04,E010,0,4,True
N04,E011,0,1,True
N04,E012,0,4,True
N04,E013,0,1,True
N04,E014,0,2,True
N04,E015,0,2,True
N04,E016,0,1,True
N04,E017,0,2,True
N04,E018,0,2,True
N04,E019,0,4,True
N04,E020,1,1,True
N04,E021,1,4,True
N04,E022,1,2,True
N04,E023,1,4,True
N04,E024,1,2,True
N04,E025,1,2,True
N04,E026,1,1,True
N04,E027,1,1,True
N04,E028,1,2,True
N04,E029,1,4,True
N04,E030,1,2,True
N04,E031,1,4,True
N04,E032,1,2,True
N04,E033,1,2,True
N04,E034,1,2,True
N04,E035,1,4,True
N04,E036,1,1,True
N04,E037,1,4,True
N04,E038,1,2,True
N04,E039,1,2,True
N04,E040,2,4,True
N04,E041,2,4,True
N04,E042,2,4,True
N04,E043,2,1,True
N04,E044,2,1,True
N04,E045,2,2,True
N04,E046,2,2,True
N04,E047,2,2,True
N04,E048,2,1,True
N04,E049,2,1,True
N04,E050,2,1,True
N04,E051,2,1,True
N04,E052,2,2,True
N04,E053,2,1,True
N04,E054,2,2,True
N04,E055,2,4,True
N04,E056,2,1,True
N04,E057,2,4,True
N04,E058,2,4,True
N04,E059,2,1,True
N04,E060,3,4,True
N04,E061,3,1,True
N04,E062,3,4,True
N04,E063,3,2,True
N04,E064,3,2,True
N04,E065,3,4,True
N04,E066,3,1,True
N04,E067,3,1,True
N04,E068,3,4,True
N04,E069,3,2,True
N04,E070,3,2,True
N04,E071,3,4,True
N04,E072,3,4,True
N04,E073,3,4,True
N04,E074,3,1,True
N04,E075,3,1,True
N04,E076,3,2,True
N04,E077,3,4,True
N04,E078,3,4,True
N04,E079,3,2,True
N04,E080,4,4,True
N04,E081,4,2,True
N04,E082,4,1,True
N04,E083,4,2,True
N04,E084,4,4,True
N04,E085,4,1,True
N04,E086,4,1,True
N04,E087,4,1,True
N04,E088,4,1,True
N04,E089,4,4,True
N04,E090,4,2,True
N04,E091,4,2,True
N04,E092,4,1,True
N04,E093,4,2,True
N04,E094,4,1,True
N04,E095,4,4,True
N04,E096,4,2,True
N04,E097,4,4,True
N04,E098,4,4,True
N04,E099,4,1,True
N05,E000,0,4,True
N05,E001,0,1,True
N05,E002,0,4,True
N05,E003,0,1,True
N05,E004,0,2,True
N05,E005,0,1,True
N05,E006,0,4,True
N05,E007,0,4,True
N05,E008,0,4,True
N05,E009,0,4,True
N05,E010,0,1,True
N05,E011,0,2,True
N05,E012,0,1,True
N05,E013,0,1,True
N05,E014,0,4,True
N05,E015,0,1,True
N05,E016,0,2,True
N05,E017,0,4,True
N05,E018,0,4,True
N05,E019,0,2,True
N05,E020,1,2,True
N05,E021,1,1,True
N05,E022,1,4,True
N05,E023,1,2,True
N05,E024,1,1,True
N05,E025,1,2,True
N05,E026,1,4,True
N05,E027,1,2,True
N05,E028,1,4,True
N05,E029,1,1,True
N05,E030,1,2,True
N05,E031,1,2,True
N05,E032,1,1,True
N05,E033,1,1,True
N05,E034,1,1,True
N05,E035,1,1,True
N05,E036,1,4,True
N05,E037,1,1,True
N05,E038,1,4,True
N05,E039,1,1,True
N05,E040,2,2,True
N05,E041,2,4,True
N05,E042,2,4,True
N05,E043,2,2,True
N05,E044,2,4,True
N05,E045,2,4,True
N05,E046,2,1,True
N05,E047,2,4,True
N05,E048,2,4,True
N05,E049,2,2,True
N05,E050,2,4,True
N05,E051,2,4,True
N05,E052,2,2,True
N05,E053,2,1,True
N05,E054,2,2,True
N05,E055,2,1,True
N05,E056,2,4,True
N05,E057,2,2,True
N05,E058,2,4,True
N05,E059,2,1,True
N05,E060,3,4,True
N05,E061,3,2,True
N05,E062,3,2,True
N05,E063,3,1,True
N05,E064,3,2,True
N05,E065,3,4,True
N05,E066,3,1,True
N05,E067,3,2,True
N05,E068,3,1,True
N05,E069,3,2,True
N05,E070,3,4,True
N05,E071,3,2,True
N05,E072,3,4,True
N05,E073,3,4,True
N05,E074,3,1,True
N05,E075,3,2,True
N05,E076,3,4,True
N05,E077,3,4,True
N05,E078,3,2,True
N05,E079,3,2,True
N05,E080,4,2,True
N05,E081,4,2,True
N05,E082,4,1,True
N05,E083,4,2,True
N05,E084,4,2,True
N05,E085,4,2,True
N05,E086,4,4,True
N05,E087,4,1,True
N05,E088,4,4,True
N05,E089,4,2,True
N05,E090,4,4,True
N05,E091,4,4,True
N05,E092,4,2,True
N05,E093,4,4,True
N05,E094,4,4,True
N05,E095,4,2,True
N05,E096,4,4,True
N05,E097,4,2,True
N05,E098,4,2,True
N05,E099,4,4,True
N06,E000,0,2,True
N06,E001,0,1,True
N06,E002,0,1,True
N06,E003,0,2,True
N06,E004,0,1,True
N06,E005,0,2,True
N06,E006,0,4,True
N06,E007,0,2,True
N06,E008,0,1,True
N06,E009,0,1,True
N06,E010,0,2,True
N06,E011,0,2,True
N06,E012,0,2,True
N06,E013,0,1,True
N06,E014,0,2,True
N06,E015,0,1,True
N06,E016,0,1,True
N06,E017,0,4,True
N06,E018,0,2,True
N06,E019,0,1,True
N06,E020,1,2,True
N06,E021,1,1,True
N06,E022,1,1,True
N06,E023,1,1,True
N06,E024,1,2,True
N06,E025,1,1,True
N06,E026,1,2,True
N06,E027,1,1,True
N06,E028,1,1,True
N06,E029,1,2,True
N06,E030,1,4,True
N06,E031,1,2,True
N06,E032,1,1,True
N06,E033,1,2,True
N06,E034,1,1,True
N06,E035,1,2,True
N06,E036,1,4,True
N06,E037,1,2,True
N06,E038,1,2,True
N06,E039,1,2,True
N06,E040,2,1,True
N06,E041,2,4,True
N06,E042,2,2,True
N06,E043,2,1,True
N06,E044,2,2,True
N06,E045,2,2,True
N06,E046,2,4,True
N06,E047,2,4,True
N06,E048,2,4,True
N06,E049,2,4,True
N06,E050,2,4,True
N06,E051,2,1,True
N06,E052,2,2,True
N06,E053,2,1,True
N06,E054,2,4,True
N06,E055,2,2,True
N06,E056,2,4,True
N06,E057,2,1,True
N06,E058,2,1,True
N06,E059,2,1,True
N06,E060,3,4,True
N06,E061,3,1,True
N06,E062,3,2,True
N06,E063,3,1,True
N06,E064,3,4,True
N06,E065,3,1,True
N06,E066,3,1,True
N06,E067,3,4,True
N06,E068,3,1,True
N06,E069,3,2,True
N06,E070,3,4,True
N06,E071,3,4,True
N06,E072,3,4,True
N06,E073,3,2,True
N06,E074,3,2,True
N06,E075,3,4,True
N06,E076,3,2,True
N06,E077,3,1,True
N06,E078,3,4,True
N06,E079,3,4,True
N06,E080,4,1,True
N06,E081,4,1,True
N06,E082,4,2,True
N06,E083,4,1,True
N06,E084,4,1,True
N06,E085,4,2,True
N06,E086,4,1,True
N06,E087,4,1,True
N06,E088,4,4,True
N06,E089,4,4,True
N06,E090,4,2,True
N06,E091,4,1,True
N06,E092,4,2,True
N06,E093,4,1,True
N06,E094,4,1,True
N06,E095,4,4,True
N06,E096,4,4,True
N06,E097,4,2,True
N06,E098,4,1,True
N06,E099,4,4,True
N07,E000,0,4,True
N07,E001,0,2,True
N07,E002,0,1,True
N07,E003,0,4,True
N07,E004,0,1,True
N07,E005,0,2,True
N07,E006,0,4,True
N07,E007,0,4,True
N07,E008,0,4,True
N07,E009,0,1,True
N07,E010,0,4,True
N07,E011,0,1,True
N07,E012,0,1,True
N07,E013,0,2,True
N07,E014,0,2,True
N07,E015,0,1,True
N07,E016,0,1,True
N07,E017,0,4,True
N07,E018,0,2,True
N07,E019,0,1,True
N07,E020,1,4,True
N07,E021,1,1,True
N07,E022,1,1,True
N07,E023,1,2,True
N07,E024,1,2,True
N07,E025,1,4,True
N07,E026,1,2,True
N07,E027,1,2,True
N07,E028,1,1,True
N07,E029,1,2,True
N07,E030,1,2,True
N07,E031,1,2,True
N07,E032,1,1,True
N07,E033,1,4,True
N07,E034,1,1,True
N07,E035,1,2,True
N07,E036,1,4,True
N07,E037,1,2,True
N07,E038,1,4,True
N07,E039,1,4,True
N07,E040,2,4,True
N07,E041,2,1,True
N07,E042,2,1,True
N07,E043,2,4,True
N07,E044,2,1,True
N07,E045,2,2,True
N07,E046,2,1,True
N07,E047,2,4,True
N07,E048,2,2,True
N07,E049,2,4,True
N07,E050,2,4,True
N07,E051,2,4,True
N07,E052,2,4,True
N07,E053,2,1,True
N07,E054,2,4,True
N07,E055,2,4,True
N07,E056,2,2,True
N07,E057,2,4,True
N07,E058,2,4,True
N07,E059,2,4,True
N07,E060,3,2,True
N07,E061,3,4,True
N07,E062,3,1,True
N07,E063,3,1,True
N07,E064,3,4,True
N07,E065,3,1,True
N07,E066,3,2,True
N07,E067,3,2,True
N07,E068,3,2,True
N07,E069,3,4,True
N07,E070,3,1,True
N07,E071,3,2,True
N07,E072,3,4,True
N07,E073,3,4,True
N07,E074,3,4,True
N07,E075,3,1,True
N07,E076,3,1,True
N07,E077,3,4,True
N07,E078,3,4,True
N07,E079,3,1,True
N07,E080,4,4,True
N07,E081,4,1,True
N07,E082,4,2,True
N07,E083,4,2,True
N07,E084,4,4,True
N07,E085,4,4,True
N07,E086,4,2,True
N07,E087,4,4,True
N07,E088,4,2,True
N07,E089,4,4,True
N07,E090,4,1,True
N07,E091,4,4,True
N07,E092,4,1,True
N07,E093,4,4,True
N07,E094,4,1,True
N07,E095,4,1,True
N07,E096,4,1,True
N07,E097,4,1,True
N07,E098,4,4,True
N07,E099,4,4,True
N08,E000,0,1,True
N08,E001,0,4,True
N08,E002,0,1,True
N08,E003,0,2,True
N08,E004,0,4,True
N08,E005,0,4,True
N08,E006,0,2,True
N08,E007,0,1,True
N08,E008,0,4,True
N08,E009,0,4,True
N08,E010,0,1,True
N08,E011,0,4,True
N08,E012,0,1,True
N08,E013,0,1,True
N08,E014,0,2,True
N08,E015,0,2,True
N08,E016,0,2,True
N08,E017,0,4,True
N08,E018,0,2,True
N08,E019,0,1,True
N08,E020,1,1,True
N08,E021,1,4,True
N08,E022,1,2,True
N08,E023,1,4,True
N08,E024,1,4,True
N08,E025,1,4,True
N08,E026,1,4,True
N08,E027,1,4,True
N08,E028,1,2,True
N08,E029,1,2,True
N08,E030,1,2,True
N08,E031,1,2,True
N08,E032,1,1,True
N08,E033,1,1,True
N08,E034,1,1,True
N08,E035,1,1,True
N08,E036,1,2,True
N08,E037,1,1,True
N08,E038,1,2,True
N08,E039,1,2,True
N08,E040,2,4,True
N08,E041,2,1,True
N08,E042,2,1,True
N08,E043,2,1,True
N08,E044,2,4,True
N08,E045,2,1,True
N08,E046,2,1,True
N08,E047,2,1,True
N08,E048,2,4,True
N08,E049,2,2,True
N08,E050,2,4,True
N08,E051,2,1,True
N08,E052,2,4,True
N08,E053,2,1,True
N08,E054,2,1,True
N08,E055,2,2,True
N08,E056,2,4,True
N08,E057,2,2,True
N08,E058,2,4,True
N08,E059,2,1,True
N08,E060,3,1,True
N08,E061,3,1,True
N08,E062,3,2,True
N08,E063,3,2,True
N08,E064,3,4,True
N08,E065,3,4,True
N08,E066,3,1,True
N08,E067,3,2,True
N08,E068,3,4,True
N08,E069,3,2,True
N08,E070,3,2,True
N08,E071,3,4,True
N08,E072,3,1,True
N08,E073,3,1,True
N08,E074,3,1,True
N08,E075,3,4,True
N08,E076,3,1,True
N08,E077,3,1,True
N08,E078,3,2,True
N08,E079,3,4,True
N08,E080,4,4,True
N08,E081,4,2,True
N08,E082,4,1,True
N08,E083,4,1,True
N08,E084,4,4,True
N08,E085,4,1,True
N08,E086,4,4,True
N08,E087,4,2,True
N08,E088,4,1,True
N08,E089,4,1,True
N08,E090,4,2,True
N08,E091,4,1,True
N08,E092,4,2,True
N08,E093,4,2,True
N08,E094,4,1,True
N08,E095,4,2,True
N08,E096,4,2,True
N08,E097,4,2,True
N08,E098,4,4,True
N08,E099,4,2,True
N09,E000,0,1,True
N09,E001,0,4,True
N09,E002,0,2,True
N09,E003,0,1,True
N09,E004,0,1,True
N09,E005,0,4,True
N09,E006,0,2,True
N09,E007,0,2,True
N09,E008,0,2,True
N09,E009,0,1,True
N09,E010,0,2,True
N09,E011,0,2,True
N09,E012,0,1,True
N09,E013,0,1,True
N09,E014,0,4,True
N09,E015,0,4,True
N09,E016,0,4,True
N09,E017,0,2,True
N09,E018,0,4,True
N09,E019,0,4,True
N09,E020,1,1,True
N09,E021,1,2,True
N09,E022,1,1,True
N09,E023,1,2,True
N09,E024,1,1,True
N09,E025,1,4,True
N09,E026,1,4,True
N09,E027,1,4,True
N09,E028,1,4,True
N09,E029,1,4,True
N09,E030,1,4,True
N09,E031,1,4,True
N09,E032,1,1,True
N09,E033,1,4,True
N09,E034,1,2,True
N09,E035,1,2,True
N09,E036,1,2,True
N09,E037,1,2,True
N09,E038,1,4,True
N09,E039,1,1,True
N09,E040,2,4,True
N09,E041,2,2,True
N09,E042,2,1,True
N09,E043,2,2,True
N09,E044,2,2,True
N09,E045,2,4,True
N09,E046,2,1,True
N09,E047,2,1,True
N09,E048,2,2,True
N09,E049,2,1,True
N09,E050,2,2,True
N09,E051,2,4,True
N09,E052,2,4,True
N09,E053,2,1,True
N09,E054,2,1,True
N09,E055,2,2,True
N09,E056,2,2,True
N09,E057,2,4,True
N09,E058,2,2,True
N09,E059,2,1,True
N09,E060,3,4,True
N09,E061,3,1,True
N09,E062,3,1,True
N09,E063,3,2,True
N09,E064,3,2,True
N09,E065,3,1,True
N09,E066,3,2,True
N09,E067,3,4,True
N09,E068,3,1,True
N09,E069,3,1,True
N09,E070,3,1,True
N09,E071,3,2,True
N09,E072,3,4,True
N09,E073,3,1,True
N09,E074,3,4,True
N09,E075,3,2,True
N09,E076,3,4,True
N09,E077,3,1,True
N09,E078,3,2,True
N09,E079,3,2,True
N09,E080,4,1,True
N09,E081,4,4,True
N09,E082,4,2,True
N09,E083,4,2,True
N09,E084,4,1,True
N09,E085,4,2,True
N09,E086,4,4,True
N09,E087,4,1,True
N09,E088,4,1,True
N09,E089,4,2,True
N09,E090,4,1,True
N09,E091,4,1,True
N09,E092,4,2,True
N09,E093,4,4,True
N09,E094,4,4,True
N09,E095,4,1,True
N09,E096,4,2,True
N09,E097,4,1,True
N09,E098,4,1,True
N09,E099,4,1,True
N10,E000,0,2,True
N10,E001,0,4,True
N10,E002,0,4,True
N10,E003,0,4,True
N10,E004,0,1,True
N10,E005,0,2,True
N10,E006,0,1,True
N10,E007,0,4,True
N10,E008,0,4,True
N10,E009,0,2,True
N10,E010,0,1,True
N10,E011,0,2,True
N10,E012,0,4,True
N10,E013,0,1,True
N10,E014,0,1,True
N10,E015,0,1,True
N10,E016,0,1,True
N10,E017,0,4,True
N10,E018,0,1,True
N10,E019,0,4,True
N10,E020,1,4,True
N10,E021,1,1,True
N10,E022,1,4,True
N10,E023,1,1,True
N10,E024,1,2,True
N10,E025,1,4,True
N10,E026,1,4,True
N10,E027,1,2,True
N10,E028,1,4,True
N10,E029,1,1,True
N10,E030,1,4,True
N10,E031,1,4,True
N10,E032,1,1,True
N10,E033,1,4,True
N10,E034,1,2,True
N10,E035,1,4,True
N10,E036,1,1,True
N10,E037,1,2,True
N10,E038,1,1,True
N10,E039,1,2,True
N10,E040,2,4,True
N10,E041,2,4,True
N10,E042,2,1,True
N10,E043,2,1,True
N10,E044,2,4,True
N10,E045,2,1,True
N10,E046,2,1,True
N10,E047,2,4,True
N10,E048,2,1,True
N10,E049,2,4,True
N10,E050,2,2,True
N10,E051,2,1,True
N10,E052,2,4,True
N10,E053,2,2,True
N10,E054,2,2,True
N10,E055,2,4,True
N10,E056,2,4,True
N10,E057,2,1,True
N10,E058,2,2,True
N10,E059,2,4,True
N10,E060,3,2,True
N10,E061,3,4,True
N10,E062,3,4,True
N10,E063,3,2,True
N10,E064,3,2,True
N10,E065,3,1,True
N10,E066,3,2,True
N10,E067,3,4,True
N10,E068,3,1,True
N10,E069,3,4,True
N10,E070,3,2,True
N10,E071,3,1,True
N10,E072,3,4,True
N10,E073,3,2,True
N10,E074,3,2,True
N10,E075,3,4,True
N10,E076,3,1,True
N10,E077,3,2,True
N10,E078,3,1,True
N10,E079,3,4,True
N10,E080,4,4,True
N10,E081,4,2,True
N10,E082,4,4,True
N10,E083,4,2,True
N10,E084,4,4,True
N10,E085,4,2,True
N10,E086,4,2,True
N10,E087,4,2,True
N10,E088,4,4,True
N10,E089,4,2,True
N10,E090,4,4,True
N10,E091,4,2,True
N10,E092,4,4,True
N10,E093,4,4,True
N10,E094,4,2,True
N10,E095,4,2,True
N10,E096,4,1,True
N10,E097,4,4,True
N10,E098,4,1,True
N10,E099,4,4,True
N11,E000,0,1,True
N11,E001,0,2,True
N11,E002,0,2,True
N11,E003,0,1,True
N11,E004,0,4,True
N11,E005,0,4,True
N11,E006,0,2,True
N11,E007,0,2,True
N11,E008,0,2,True
N11,E009,0,1,True
N11,E010,0,1,True
N11,E011,0,4,True
N11,E012,0,1,True
N11,E013,0,2,True
N11,E014,0,4,True
N11,E015,0,4,True
N11,E016,0,2,True
N11,E017,0,2,True
N11,E018,0,1,True
N11,E019,0,4,True
N11,E020,1,4,True
N11,E021,1,2,True
N11,E022,1,2,True
N11,E023,1,1,True
N11,E024,1,1,True
N11,E025,1,4,True
N11,E026,1,1,True
N11,E027,1,2,True
N11,E028,1,4,True
N11,E029,1,2,True
N11,E030,1,1,True
N11,E031,1,4,True
N11,E032,1,4,True
N11,E033,1,1,True
N11,E034,1,1,True
N11,E035,1,4,True
N11,E036,1,2,True
N11,E037,1,2,True
N11,E038,1,2,True
N11,E039,1,1,True
N11,E040,2,1,True
N11,E041,2,1,True
N11,E042,2,1,True
N11,E043,2,2,True
N11,E044,2,1,True
N11,E045,2,1,True
N11,E046,2,4,True
N11,E047,2,1,True
N11,E048,2,4,True
N11,E049,2,2,True
N11,E050,2,1,True
N11,E051,2,2,True
N11,E052,2,2,True
N11,E053,2,4,True
N11,E054,2,2,True
N11,E055,2,2,True
N11,E056,2,4,True
N11,E057,2,4,True
N11,E058,2,4,True
N11,E059,2,2,True
N11,E060,3,1,True
N11,E061,3,4,True
N11,E062,3,1,True
N11,E063,3,1,True
N11,E064,3,4,True
N11,E065,3,1,True
N11,E066,3,1,True
N11,E067,3,1,True
N11,E068,3,4,True
N11,E069,3,4,True
N11,E070,3,1,True
N11,E071,3,2,True
N11,E072,3,2,True
N11,E073,3,2,True
N11,E074,3,1,True
N11,E075,3,2,True
N11,E076,3,4,True
N11,E077,3,1,True
N11,E078,3,1,True
N11,E079,3,1,True
N11,E080,4,4,True
N11,E081,4,2,True
N11,E082,4,2,True
N11,E083,4,1,True
N11,E084,4,1,True
N11,E085,4,1,True
N11,E086,4,4,True
N11,E087,4,2,True
N11,E088,4,1,True
N11,E089,4,2,True
N11,E090,4,2,True
N11,E091,4,1,True
N11,E092,4,2,True
N11,E093,4,2,True
N11,E094,4,1,True
N11,E095,4,1,True
N11,E096,4,1,True
N11,E097,4,2,True
N11,E098,4,2,True
N11,E099,4,4,True
N12,E000,0,4,True
N12,E001,0,4,True
N12,E002,0,4,True
N12,E003,0,1,True
N12,E004,0,2,True
N12,E005,0,1,True
N12,E006,0,2,True
N12,E007,0,1,True
N12,E008,0,4,True
N12,E009,0,2,True
N12,E010,0,1,True
N12,E011,0,2,True
N12,E012,0,1,True
N12,E013,0,1,True
N12,E014,0,4,True
N12,E015,0,1,True
N12,E016,0,1,True
N12,E017,0,1,True
N12,E018,0,2,True
N12,E019,0,2,True
N12,E020,1,4,True
N12,E021,1,2,True
N12,E022,1,4,True
N12,E023,1,1,True
N12,E024,1,1,True
N12,E025,1,4,True
N12,E026,1,2,True
N12,E027,1,4,True
N12,E028,1,2,True
N12,E029,1,4,True
N12,E030,1,1,True
N12,E031,1,2,True
N12,E032,1,4,True
N12,E033,1,4,True
N12,E034,1,4,True
N12,E035,1,2,True
N12,E036,1,4,True
N12,E037,1,4,True
N12,E038,1,1,True
N12,E039,1,4,True
N12,E040,2,1,True
N12,E041,2,4,True
N12,E042,2,1,True
N12,E043,2,4,True
N12,E044,2,4,True
N12,E045,2,4,True
N12,E046,2,1,True
N12,E047,2,1,True
N12,E048,2,4,True
N12,E049,2,1,True
N12,E050,2,2,True
N12,E051,2,2,True
N12,E052,2,4,True
N12,E053,2,4,True
N12,E054,2,2,True
N12,E055,2,4,True
N12,E056,2,4,True
N12,E057,2,4,True
N12,E058,2,2,True
N12,E059,2,2,True
N12,E060,3,1,True
N12,E061,3,4,True
N12,E062,3,1,True
N12,E063,3,2,True
N12,E064,3,4,True
N12,E065,3,1,True
N12,E066,3,4,True
N12,E067,3,1,True
N12,E068,3,4,True
N12,E069,3,4,True
N12,E070,3,2,True
N12,E071,3,4,True
N12,E072,3,1,True
N12,E073,3,2,True
N12,E074,3,4,True
N12,E075,3,1,True
N12,E076,3,2,True
N12,E077,3,4,True
N12,E078,3,1,True
N12,E079,3,1,True
N12,E080,4,1,True
N12,E081,4,4,True
N12,E082,4,2,True
N12,E083,4,2,True
N12,E084,4,4,True
N12,E085,4,4,True
N12,E086,4,1,True
N12,E087,4,2,True
N12,E088,4,1,True
N12,E089,4,4,True
N12,E090,4,4,True
N12,E091,4,4,True
N12,E092,4,1,True
N12,E093,4,4,True
N12,E094,4,2,True
N12,E095,4,4,True
N12,E096,4,1,True
N12,E097,4,4,True
N12,E098,4,2,True
N12,E099,4,2,True
N13,E000,0,1,True
N13,E001,0,2,True
N13,E002,0,2,True
N13,E003,0,1,True
N13,E004,0,2,True
N13,E005,0,4,True
N13,E006,0,1,True
N13,E007,0,4,True
N13,E008,0,4,True
N13,E009,0,2,True
N13,E010,0,2,True
N13,E011,0,2,True
N13,E012,0,1,True
N13,E013,0,2,True
N13,E014,0,2,True
N13,E015,0,1,True
N13,E016,0,2,True
N13,E017,0,2,True
N13,E018,0,1,True
N13,E019,0,2,True
N13,E020,1,4,True
N13,E021,1,4,True
N13,E022,1,4,True
N13,E023,1,4,True
N13,E024,1,2,True
N13,E025,1,4,True
N13,E026,1,2,True
N13,E027,1,4,True
N13,E028,1,2,True
N13,E029,1,4,True
N13,E030,1,1,True
N13,E031,1,1,True
N13,E032,1,2,True
N13,E033,1,1,True
N13,E034,1,1,True
N13,E035,1,2,True
N13,E036,1,1,True
N13,E037,1,2,True
N13,E038,1,2,True
N13,E039,1,1,True
N13,E040,2,2,True
N13,E041,2,1,True
N13,E042,2,2,True
N13,E043,2,2,True
N13,E044,2,1,True
N13,E045,2,4,True
N13,E046,2,2,True
N13,E047,2,4,True
N13,E048,2,4,True
N13,E049,2,1,True
N13,E050,2,2,True
N13,E051,2,4,True
N13,E052,2,4,True
N13,E053,2,2,True
N13,E054,2,4,True
N13,E055,2,2,True
N13,E056,2,1,True
N13,E057,2,4,True
N13,E058,2,2,True
N13,E059,2,2,True
N13,E060,3,1,True
N13,E061,3,2,True
N13,E062,3,2,True
N13,E063,3,4,True
N13,E064,3,4,True
N13,E065,3,2,True
N13,E066,3,4,True
N13,E067,3,1,True
N13,E068,3,1,True
N13,E069,3,2,True
N13,E070,3,1,True
N13,E071,3,1,True
N13,E072,3,2,True
N13,E073,3,2,True
N13,E074,3,1,True
N13,E075,3,1,True
N13,E076,3,1,True
N13,E077,3,1,True
N13,E078,3,4,True
N13,E079,3,2,True
N13,E080,4,1,True
N13,E081,4,1,True
N13,E082,4,1,True
N13,E083,4,4,True
N13,E084,4,1,True
N13,E085,4,4,True
N13,E086,4,4,True
N13,E087,4,4,True
N13,E088,4,1,True
N13,E089,4,4,True
N13,E090,4,4,True
N13,E091,4,4,True
N13,E092,4,2,True
N13,E093,4,1,True
N13,E094,4,4,True
N13,E095,4,4,True
N13,E096,4,4,True
N13,E097,4,4,True
N13,E098,4,1,True
N13,E099,4,1,True
N14,E000,0,2,True
N14,E001,0,1,True
N14,E002,0,2,True
N14,E003,0,2,True
N14,E004,0,2,True
N14,E005,0,4,True
N14,E006,0,4,True
N14,E007,0,2,True
N14,E008,0,2,True
N14,E009,0,4,True
N14,E010,0,4,True
N14,E011,0,4,True
N14,E012,0,2,True
N14,E013,0,4,True
N14,E014,0,1,True
N14,E015,0,1,True
N14,E016,0,2,True
N14,E017,0,2,True
N14,E018,0,1,True
N14,E019,0,1,True
N14,E020,1,4,True
N14,E021,1,2,True
N14,E022,1,4,True
N14,E023,1,1,True
N14,E024,1,4,True
N14,E025,1,2,True
N14,E026,1,4,True
N14,E027,1,2,True
N14,E028,1,2,True
N14,E029,1,2,True
N14,E030,1,2,True
N14,E031,1,4,True
N14,E032,1,1,True
N14,E033,1,1,True
N14,E034,1,4,True
N14,E035,1,2,True
N14,E036,1,4,True
N14,E037,1,4,True
N14,E038,1,1,True
N14,E039,1,1,True
N14,E040,2,1,True
N14,E041,2,4,True
N14,E042,2,2,True
N14,E043,2,4,True
N14,E044,2,2,True
N14,E045,2,2,True
N14,E046,2,2,True
N14,E047,2,4,True
N14,E048,2,4,True
N14,E049,2,4,True
N14,E050,2,2,True
N14,E051,2,2,True
N14,E052,2,1,True
N14,E053,2,4,True
N14,E054,2,4,True
N14,E055,2,1,True
N14,E056,2,4,True
N14,E057,2,1,True
N14,E058,2,4,True
N14,E059,2,4,True
N14,E060,3,1,True
N14,E061,3,1,True
N14,E062,3,4,True
N14,E063,3,4,True
N14,E064,3,1,True
N14,E065,3,1,True
N14,E066,3,1,True
N14,E067,3,1,True
N14,E068,3,1,True
N14,E069,3,1,True
N14,E070,3,4,True
N14,E071,3,2,True
N14,E072,3,4,True
N14,E073,3,4,True
N14,E074,3,2,True
N14,E075,3,1,True
N14,E076,3,1,True
N14,E077,3,4,True
N14,E078,3,1,True
N14,E079,3,4,True
N14,E080,4,4,True
N14,E081,4,2,True
N14,E082,4,1,True
N14,E083,4,2,True
N14,E084,4,4,True
N14,E085,4,1,True
N14,E086,4,2,True
N14,E087,4,2,True
N14,E088,4,2,True
N14,E089,4,2,True
N14,E090,4,2,True
N14,E091,4,1,True
N14,E092,4,2,True
N14,E093,4,4,True
N14,E094,4,1,True
N14,E095,4,4,True
N14,E096,4,4,True
N14,E097,4,4,True
N14,E098,4,4,True
N14,E099,4,1,True
N15,E000,0,2,True
N15,E001,0,4,True
N15,E002,0,2,True
N15,E003,0,1,True
N15,E004,0,2,True
N15,E005,0,1,True
N15,E006,0,2,True
N15,E007,0,2,True
N15,E008,0,4,True
N15,E009,0,2,True
N15,E010,0,1,True
N15,E011,0,4,True
N15,E012,0,2,True
N15,E013,0,2,True
N15,E014,0,1,True
N15,E015,0,4,True
N15,E016,0,4,True
N15,E017,0,4,True
N15,E018,0,2,True
N15,E019,0,1,True
N15,E020,1,2,True
N15,E021,1,1,True
N15,E022,1,2,True
N15,E023,1,1,True
N15,E024,1,1,True
N15,E025,1,1,True
N15,E026,1,1,True
N15,E027,1,4,True
N15,E028,1,1,True
N15,E029,1,4,True
N15,E030,1,2,True
N15,E031,1,4,True
N15,E032,1,2,True
N15,E033,1,2,True
N15,E034,1,2,True
N15,E035,1,4,True
N15,E036,1,2,True
N15,E037,1,1,True
N15,E038,1,1,True
N15,E039,1,4,True
N15,E040,2,2,True
N15,E041,2,4,True
N15,E042,2,1,True
N15,E043,2,2,True
N15,E044,2,4,True
N15,E045,2,2,True
N15,E046,2,4,True
N15,E047,2,2,True
N15,E048,2,4,True
N15,E049,2,1,True
N15,E050,2,4,True
N15,E051,2,1,True
N15,E052,2,4,True
N15,E053,2,1,True
N15,E054,2,1,True
N15,E055,2,1,True
N15,E056,2,1,True
N15,E057,2,4,True
N15,E058,2,4,True
N15,E059,2,1,True
N15,E060,3,4,True
N15,E061,3,2,True
N15,E062,3,2,True
N15,E063,3,4,True
N15,E064,3,1,True
N15,E065,3,4,True
N15,E066,3,1,True
N15,E067,3,1,True
N15,E068,3,1,True
N15,E069,3,1,True
N15,E070,3,2,True
N15,E071,3,1,True
N15,E072,3,1,True
N15,E073,3,1,True
N15,E074,3,1,True
N15,E075,3,4,True
N15,E076,3,1,True
N15,E077,3,4,True
N15,E078,3,4,True
N15,E079,3,1,True
N15,E080,4,1,True
N15,E081,4,2,True
N15,E082,4,1,True
N15,E083,4,4,True
N15,E084,4,1,True
N15,E085,4,2,True
N15,E086,4,1,True
N15,E087,4,4,True
N15,E088,4,2,True
N15,E089,4,4,True
N15,E090,4,1,True
N15,E091,4,4,True
N15,E092,4,2,True
N15,E093,4,1,True
N15,E094,4,2,True
N15,E095,4,4,True
N15,E096,4,2,True
N15,E097,4,2,True
N15,E098,4,1,True
N15,E099,4,2,True
N16,E000,0,4,True
N16,E001,0,1,True
N16,E002,0,4,True
N16,E003,0,4,True
N16,E004,0,1,True
N16,E005,0,1,True
N16,E006,0,4,True
N16,E007,0,4,True
N16,E008,0,4,True
N16,E009,0,1,True
N16,E010,0,4,True
N16,E011,0,4,True
N16,E012,0,2,True
N16,E013,0,1,True
N16,E014,0,4,True
N16,E015,0,4,True
N16,E016,0,2,True
N16,E017,0,4,True
N16,E018,0,2,True
N16,E019,0,1,True
N16,E020,1,4,True
N16,E021,1,4,True
N16,E022,1,4,True
N16,E023,1,1,True
N16,E024,1,2,True
N16,E025,1,1,True
N16,E026,1,4,True
N16,E027,1,4,True
N16,E028,1,4,True
N16,E029,1,4,True
N16,E030,1,2,True
N16,E031,1,2,True
N16,E032,1,1,True
N16,E033,1,2,True
N16,E034,1,4,True
N16,E035,1,4,True
N16,E036,1,2,True
N16,E037,1,1,True
N16,E038,1,1,True
N16,E039,1,1,True
N16,E040,2,1,True
N16,E041,2,2,True
N16,E042,2,4,True
N16,E043,2,1,True
N16,E044,2,4,True
N16,E045,2,2,True
N16,E046,2,2,True
N16,E047,2,1,True
N16,E048,2,1,True
N16,E049,2,1,True
N16,E050,2,1,True
N16,E051,2,4,True
N16,E052,2,2,True
N16,E053,2,2,True
N16,E054,2,2,True
N16,E055,2,4,True
N16,E056,2,4,True
N16,E057,2,1,True
N16,E058,2,2,True
N16,E059,2,2,True
N16,E060,3,4,True
N16,E061,3,1,True
N16,E062,3,4,True
N16,E063,3,1,True
N16,E064,3,4,True
N16,E065,3,1,True
N16,E066,3,4,True
N16,E067,3,1,True
N16,E068,3,2,True
N16,E069,3,1,True
N16,E070,3,4,True
N16,E071,3,2,True
N16,E072,3,1,True
N16,E073,3,1,True
N16,E074,3,4,True
N16,E075,3,2,True
N16,E076,3,4,True
N16,E077,3,2,True
N16,E078,3,4,True
N16,E079,3,1,True
N16,E080,4,2,True
N16,E081,4,4,True
N16,E082,4,4,True
N16,E083,4,4,True
N16,E084,4,2,True
N16,E085,4,4,True
N16,E086,4,1,True
N16,E087,4,4,True
N16,E088,4,4,True
N16,E089,4,2,True
N16,E090,4,1,True
N16,E091,4,1,True
N16,E092,4,2,True
N16,E093,4,2,True
N16,E094,4,2,True
N16,E095,4,2,True
N16,E096,4,4,True
N16,E097,4,4,True
N16,E098,4,1,True
N16,E099,4,2,True
N17,E000,0,4,True
N17,E001,0,2,True
N17,E002,0,4,True
N17,E003,0,2,True
N17,E004,0,4,True
N17,E005,0,4,True
N17,E006,0,1,True
N17,E007,0,2,True
N17,E008,0,1,True
N17,E009,0,1,True
N17,E010,0,2,True
N17,E011,0,2,True
N17,E012,0,1,True
N17,E013,0,2,True
N17,E014,0,1,True
N17,E015,0,1,True
N17,E016,0,2,True
N17,E017,0,1,True
N17,E018,0,2,True
N17,E019,0,1,True
N17,E020,1,1,True
N17,E021,1,1,True
N17,E022,1,2,True
N17,E023,1,2,True
N17,E024,1,4,True
N17,E025,1,2,True
N17,E026,1,1,True
N17,E027,1,4,True
N17,E028,1,4,True
N17,E029,1,4,True
N17,E030,1,1,True
N17,E031,1,2,True
N17,E032,1,4,True
N17,E033,1,4,True
N17,E034,1,1,True
N17,E035,1,2,True
N17,E036,1,4,True
N17,E037,1,1,True
N17,E038,1,2,True
N17,E039,1,2,True
N17,E040,2,1,True
N17,E041,2,4,True
N17,E042,2,2,True
N17,E043,2,1,True
N17,E044,2,2,True
N17,E045,2,2,True
N17,E046,2,1,True
N17,E047,2,1,True
N17,E048,2,4,True
N17,E049,2,4,True
N17,E050,2,1,True
N17,E051,2,2,True
N17,E052,2,4,True
N17,E053,2,1,True
N17,E054,2,2,True
N17,E055,2,4,True
N17,E056,2,1,True
N17,E057,2,2,True
N17,E058,2,1,True
N17,E059,2,2,True
N17,E060,3,4,True
N17,E061,3,1,True
N17,E062,3,2,True
N17,E063,3,2,True
N17,E064,3,4,True
N17,E065,3,4,True
N17,E066,3,2,True
N17,E067,3,4,True
N17,E068,3,2,True
N17,E069,3,1,True
N17,E070,3,4,True
N17,E071,3,2,True
N17,E072,3,4,True
N17,E073,3,1,True
N17,E074,3,4,True
N17,E075,3,4,True
N17,E076,3,4,True
N17,E077,3,1,True
N17,E078,3,4,True
N17,E079,3,4,True
N17,E080,4,4,True
N17,E081,4,4,True
N17,E082,4,2,True
N17,E083,4,4,True
N17,E084,4,1,True
N17,E085,4,2,True
N17,E086,4,1,True
N17,E087,4,4,True
N17,E088,4,2,True
N17,E089,4,4,True
N17,E090,4,4,True
N17,E091,4,1,True
N17,E092,4,1,True
N17,E093,4,1,True
N17,E094,4,4,True
N17,E095,4,1,True
N17,E096,4,2,True
N17,E097,4,2,True
N17,E098,4,4,True
N17,E099,4,4,True
N18,E000,0,1,True
N18,E001,0,2,True
N18,E002,0,2,True
N18,E003,0,2,True
N18,E004,0,4,True
N18,E005,0,1,True
N18,E006,0,4,True
N18,E007,0,1,True
N18,E008,0,4,True
N18,E009,0,2,True
N18,E010,0,4,True
N18,E011,0,1,True
N18,E012,0,1,True
N18,E013,0,4,True
N18,E014,0,2,True
N18,E015,0,4,True
N18,E016,0,4,True
N18,E017,0,4,True
N18,E018,0,1,True
N18,E019,0,1,True
N18,E020,1,1,True
N18,E021,1,2,True
N18,E022,1,1,True
N18,E023,1,1,True
N18,E024,1,1,True
N18,E025,1,1,True
N18,E026,1,2,True
N18,E027,1,1,True
N18,E028,1,4,True
N18,E029,1,4,True
N18,E030,1,4,True
N18,E031,1,4,True
N18,E032,1,2,True
N18,E033,1,4,True
N18,E034,1,4,True
N18,E035,1,1,True
N18,E036,1,2,True
N18,E037,1,1,True
N18,E038,1,4,True
N18,E039,1,4,True
N18,E040,2,2,True
N18,E041,2,4,True
N18,E042,2,4,True
N18,E043,2,2,True
N18,E044,2,4,True
N18,E045,2,2,True
N18,E046,2,1,True
N18,E047,2,4,True
N18,E048,2,1,True
N18,E049,2,1,True
N18,E050,2,4,True
N18,E051,2,1,True
N18,E052,2,1,True
N18,E053,2,4,True
N18,E054,2,4,True
N18,E055,2,1,True
N18,E056,2,4,True
N18,E057,2,2,True
N18,E058,2,4,True
N18,E059,2,4,True
N18,E060,3,4,True
N18,E061,3,1,True
N18,E062,3,2,True
N18,E063,3,1,True
N18,E064,3,2,True
N18,E065,3,1,True
N18,E066,3,4,True
N18,E067,3,1,True
N18,E068,3,2,True
N18,E069,3,2,True
N18,E070,3,4,True
N18,E071,3,2,True
N18,E072,3,2,True
N18,E073,3,1,True
N18,E074,3,2,True
N18,E075,3,4,True
N18,E076,3,1,True
N18,E077,3,4,True
N18,E078,3,4,True
N18,E079,3,4,True
N18,E080,4,2,True
N18,E081,4,1,True
N18,E082,4,2,True
N18,E083,4,1,True
N18,E084,4,1,True
N18,E085,4,2,True
N18,E086,4,2,True
N18,E087,4,4,True
N18,E088,4,4,True
N18,E089,4,4,True
N18,E090,4,4,True
N18,E091,4,4,True
N18,E092,4,1,True
N18,E093,4,1,True
N18,E094,4,4,True
N18,E095,4,4,True
N18,E096,4,2,True
N18,E097,4,4,True
N18,E098,4,4,True
N18,E099,4,1,True
N19,E000,0,4,True
N19,E001,0,1,True
N19,E002,0,1,True
N19,E003,0,2,True
N19,E004,0,4,True
N19,E005,0,4,True
N19,E006,0,4,True
N19,E007,0,2,True
N19,E008,0,1,True
N19,E009,0,2,True
N19,E010,0,4,True
N19,E011,0,4,True
N19,E012,0,1,True
N19,E013,0,1,True
N19,E014,0,1,True
N19,E015,0,1,True
N19,E016,0,1,True
N19,E017,0,2,True
N19,E018,0,4,True
N19,E019,0,4,True
N19,E020,1,1,True
N19,E021,1,2,True
N19,E022,1,4,True
N19,E023,1,4,True
N19,E024,1,1,True
N19,E025,1,1,True
N19,E026,1,4,True
N19,E027,1,1,True
N19,E028,1,1,True
N19,E029,1,1,True
N19,E030,1,2,True
N19,E031,1,4,True
N19,E032,1,4,True
N19,E033,1,4,True
N19,E034,1,2,True
N19,E035,1,4,True
N19,E036,1,1,True
N19,E037,1,2,True
N19,E038,1,2,True
N19,E039,1,2,True
N19,E040,2,2,True
N19,E041,2,2,True
N19,E042,2,1,True
N19,E043,2,4,True
N19,E044,2,2,True
N19,E045,2,1,True
N19,E046,2,1,True
N19,E047,2,2,True
N19,E048,2,2,True
N19,E049,2,4,True
N19,E050,2,4,True
N19,E051,2,2,True
N19,E052,2,2,True
N19,E053,2,2,True
N19,E054,2,1,True
N19,E055,2,2,True
N19,E056,2,4,True
N19,E057,2,1,True
N19,E058,2,1,True
N19,E059,2,1,True
N19,E060,3,1,True
N19,E061,3,4,True
N19,E062,3,4,True
N19,E063,3,4,True
N19,E064,3,4,True
N19,E065,3,1,True
N19,E066,3,1,True
N19,E067,3,2,True
N19,E068,3,1,True
N19,E069,3,1,True
N19,E070,3,4,True
N19,E071,3,4,True
N19,E072,3,4,True
N19,E073,3,1,True
N19,E074,3,4,True
N19,E075,3,1,True
N19,E076,3,2,True
N19,E077,3,2,True
N19,E078,3,2,True
N19,E079,3,1,True
N19,E080,4,4,True
N19,E081,4,2,True
N19,E082,4,2,True
N19,E083,4,2,True
N19,E084,4,4,True
N19,E085,4,1,True
N19,E086,4,1,True
N19,E087,4,2,True
N19,E088,4,1,True
N19,E089,4,1,True
N19,E090,4,1,True
N19,E091,4,1,True
N19,E092,4,2,True
N19,E093,4,4,True
N19,E094,4,4,True
N19,E095,4,4,True
N19,E096,4,2,True
N19,E097,4,1,True
N19,E098,4,2,True
N19,E099,4,2,True
N20,E000,0,1,True
N20,E001,0,1,True
N20,E002,0,2,True
N20,E003,0,1,True
N20,E004,0,1,True
N20,E005,0,4,True
N20,E006,0,1,True
N20,E007,0,4,True
N20,E008,0,2,True
N20,E009,0,4,True
N20,E010,0,4,True
N20,E011,0,4,True
N20,E012,0,2,True
N20,E013,0,2,True
N20,E014,0,4,True
N20,E015,0,1,True
N20,E016,0,4,True
N20,E017,0,2,True
N20,E018,0,2,True
N20,E019,0,1,True
N20,E020,1,4,True
N20,E021,1,2,True
N20,E022,1,4,True
N20,E023,1,1,True
N20,E024,1,2,True
N20,E025,1,2,True
N20,E026,1,2,True
N20,E027,1,2,True
N20,E028,1,1,True
N20,E029,1,4,True
N20,E030,1,2,True
N20,E031,1,4,True
N20,E032,1,1,True
N20,E033,1,1,True
N20,E034,1,4,True
N20,E035,1,1,True
N20,E036,1,2,True
N20,E037,1,2,True
N20,E038,1,2,True
N20,E039,1,1,True
N20,E040,2,1,True
N20,E041,2,1,True
N20,E042,2,1,True
N20,E043,2,4,True
N20,E044,2,1,True
N20,E045,2,1,True
N20,E046,2,2,True
N20,E047,2,2,True
N20,E048,2,4,True
N20,E049,2,4,True
N20,E050,2,2,True
N20,E051,2,4,True
N20,E052,2,2,True
N20,E053,2,2,True
N20,E054,2,4,True
N20,E055,2,2,True
N20,E056,2,1,True
N20,E057,2,4,True
N20,E058,2,2,True
N20,E059,2,4,True
N20,E060,3,1,True
N20,E061,3,4,True
N20,E062,3,2,True
N20,E063,3,4,True
N20,E064,3,1,True
N20,E065,3,4,True
N20,E066,3,2,True
N20,E067,3,4,True
N20,E068,3,1,True
N20,E069,3,2,True
N20,E070,3,1,True
N20,E071,3,1,True
N20,E072,3,2,True
N20,E073,3,1,True
N20,E074,3,4,True
N20,E075,3,4,True
N20,E076,3,2,True
N20,E077,3,1,True
N20,E078,3,1,True
N20,E079,3,2,True
N20,E080,4,1,True
N20,E081,4,1,True
N20,E082,4,4,True
N20,E083,4,1,True
N20,E084,4,4,True
N20,E085,4,4,True
N20,E086,4,2,True
N20,E087,4,2,True
N20,E088,4,4,True
N20,E089,4,1,True
N20,E090,4,4,True
N20,E091,4,4,True
N20,E092,4,2,True
N20,E093,4,2,True
N20,E094,4,4,True
N20,E095,4,1,True
N20,E096,4,2,True
N20,E097,4,4,True
N20,E098,4,4,True
N20,E099,4,1,True
