network_id,n,edges,topology_seed,size_seed
N01,100,146,1000,2000
N02,100,166,1001,2001
N03,100,157,1002,2002
N04,100,140,1003,2003
N05,100,147,1004,2004
N06,100,157,1005,2005
N07,100,154,1006,2006
N08,100,157,1007,2007
N09,100,155,1008,2008
N10,100,161,1009,2009
N11,100,159,1010,2010
N12,100,157,1011,2011
N13,100,162,1012,2012
N14,100,166,1013,2013
N15,100,164,1014,2014
N16,100,174,1015,2015
N17,100,161,1016,2016
N18,100,161,1017,2017
N19,100,153,1018,2018
N20,100,158,1019,2019
