repetition,initial_firms,initial_failures,additional_failures,total_failures,functional_firms_pct,amplification,propagation_rounds,failed_firms
1,E052,1,0,1,99.0,1.0,0,E052
2,E066,1,0,1,99.0,1.0,0,E066
3,E069,1,0,1,99.0,1.0,0,E069
4,E089,1,0,1,99.0,1.0,0,E089
5,E014,1,1,2,98.0,2.0,1,E014|E036
6,E022,1,0,1,99.0,1.0,0,E022
7,E048,1,1,2,98.0,2.0,1,E048|E067
8,E028,1,0,1,99.0,1.0,0,E028
9,E037,1,0,1,99.0,1.0,0,E037
10,E003,1,1,2,98.0,2.0,1,E003|E022
11,E028,1,0,1,99.0,1.0,0,E028
12,E014,1,1,2,98.0,2.0,1,E014|E036
13,E072,1,0,1,99.0,1.0,0,E072
14,E001,1,0,1,99.0,1.0,0,E001
15,E012,1,0,1,99.0,1.0,0,E012
16,E020,1,0,1,99.0,1.0,0,E020
17,E099,1,0,1,99.0,1.0,0,E099
18,E065,1,0,1,99.0,1.0,0,E065
19,E088,1,0,1,99.0,1.0,0,E088
20,E038,1,1,2,98.0,2.0,1,E038|E052
21,E088,1,0,1,99.0,1.0,0,E088
22,E081,1,0,1,99.0,1.0,0,E081
23,E048,1,1,2,98.0,2.0,1,E048|E067
24,E075,1,0,1,99.0,1.0,0,E075
25,E051,1,2,3,97.0,3.0,2,E051|E070|E090
26,E098,1,0,1,99.0,1.0,0,E098
27,E088,1,0,1,99.0,1.0,0,E088
28,E085,1,0,1,99.0,1.0,0,E085
29,E041,1,0,1,99.0,1.0,0,E041
30,E045,1,0,1,99.0,1.0,0,E045
31,E009,1,0,1,99.0,1.0,0,E009
32,E043,1,2,3,97.0,3.0,2,E043|E073|E097
33,E036,1,0,1,99.0,1.0,0,E036
34,E079,1,0,1,99.0,1.0,0,E079
35,E020,1,0,1,99.0,1.0,0,E020
36,E014,1,1,2,98.0,2.0,1,E014|E036
37,E065,1,0,1,99.0,1.0,0,E065
38,E008,1,0,1,99.0,1.0,0,E008
39,E075,1,0,1,99.0,1.0,0,E075
40,E012,1,0,1,99.0,1.0,0,E012
41,E034,1,0,1,99.0,1.0,0,E034
42,E040,1,0,1,99.0,1.0,0,E040
43,E013,1,0,1,99.0,1.0,0,E013
44,E080,1,0,1,99.0,1.0,0,E080
45,E037,1,0,1,99.0,1.0,0,E037
46,E004,1,0,1,99.0,1.0,0,E004
47,E044,1,4,5,95.0,5.0,2,E044|E060|E078|E086|E094
48,E049,1,0,1,99.0,1.0,0,E049
49,E012,1,0,1,99.0,1.0,0,E012
50,E061,1,0,1,99.0,1.0,0,E061
51,E060,1,0,1,99.0,1.0,0,E060
52,E024,1,0,1,99.0,1.0,0,E024
53,E024,1,0,1,99.0,1.0,0,E024
54,E016,1,1,2,98.0,2.0,1,E016|E026
55,E033,1,0,1,99.0,1.0,0,E033
56,E095,1,0,1,99.0,1.0,0,E095
57,E031,1,3,4,96.0,4.0,3,E031|E043|E073|E097
58,E099,1,0,1,99.0,1.0,0,E099
59,E006,1,3,4,96.0,4.0,2,E006|E025|E032|E041
60,E005,1,4,5,95.0,5.0,3,E005|E030|E048|E050|E067
61,E086,1,0,1,99.0,1.0,0,E086
62,E087,1,0,1,99.0,1.0,0,E087
63,E055,1,0,1,99.0,1.0,0,E055
64,E090,1,0,1,99.0,1.0,0,E090
65,E004,1,0,1,99.0,1.0,0,E004
66,E094,1,0,1,99.0,1.0,0,E094
67,E091,1,0,1,99.0,1.0,0,E091
68,E088,1,0,1,99.0,1.0,0,E088
69,E094,1,0,1,99.0,1.0,0,E094
70,E083,1,0,1,99.0,1.0,0,E083
71,E042,1,0,1,99.0,1.0,0,E042
72,E047,1,1,2,98.0,2.0,1,E047|E075
73,E060,1,0,1,99.0,1.0,0,E060
74,E080,1,0,1,99.0,1.0,0,E080
75,E058,1,0,1,99.0,1.0,0,E058
76,E075,1,0,1,99.0,1.0,0,E075
77,E069,1,0,1,99.0,1.0,0,E069
78,E019,1,0,1,99.0,1.0,0,E019
79,E029,1,0,1,99.0,1.0,0,E029
80,E061,1,0,1,99.0,1.0,0,E061
81,E058,1,0,1,99.0,1.0,0,E058
82,E094,1,0,1,99.0,1.0,0,E094
83,E087,1,0,1,99.0,1.0,0,E087
84,E044,1,4,5,95.0,5.0,2,E044|E060|E078|E086|E094
85,E078,1,1,2,98.0,2.0,1,E078|E094
86,E094,1,0,1,99.0,1.0,0,E094
87,E005,1,4,5,95.0,5.0,3,E005|E030|E048|E050|E067
88,E035,1,0,1,99.0,1.0,0,E035
89,E020,1,0,1,99.0,1.0,0,E020
90,E001,1,0,1,99.0,1.0,0,E001
91,E028,1,0,1,99.0,1.0,0,E028
92,E001,1,0,1,99.0,1.0,0,E001
93,E074,1,0,1,99.0,1.0,0,E074
94,E096,1,0,1,99.0,1.0,0,E096
95,E077,1,1,2,98.0,2.0,1,E077|E081
96,E082,1,0,1,99.0,1.0,0,E082
97,E071,1,0,1,99.0,1.0,0,E071
98,E069,1,0,1,99.0,1.0,0,E069
99,E036,1,0,1,99.0,1.0,0,E036
100,E045,1,0,1,99.0,1.0,0,E045
