shock_fraction,shock_seed,repetition,round,firm
0.05,45,1,0,E010
0.05,45,1,0,E032
0.05,45,1,0,E034
0.05,45,1,0,E053
0.05,45,1,0,E062
0.05,45,1,1,E041
0.05,45,1,1,E085
0.05,45,1,1,E088
0.05,45,2,0,E002
0.05,45,2,0,E009
0.05,45,2,0,E038
0.05,45,2,0,E043
0.05,45,2,0,E061
0.05,45,2,1,E052
0.05,45,2,1,E073
0.05,45,2,2,E097
0.05,45,3,0,E001
0.05,45,3,0,E014
0.05,45,3,0,E015
0.05,45,3,0,E036
0.05,45,3,0,E039
0.05,45,4,0,E004
0.05,45,4,0,E008
0.05,45,4,0,E079
0.05,45,4,0,E083
0.05,45,4,0,E095
0.05,45,5,0,E017
0.05,45,5,0,E019
0.05,45,5,0,E027
0.05,45,5,0,E034
0.05,45,5,0,E094
0.05,45,5,1,E049
0.05,45,6,0,E009
0.05,45,6,0,E054
0.05,45,6,0,E078
0.05,45,6,0,E091
0.05,45,6,0,E097
0.05,45,6,1,E094
0.05,45,7,0,E004
0.05,45,7,0,E007
0.05,45,7,0,E018
0.05,45,7,0,E052
0.05,45,7,0,E089
0.05,45,7,1,E021
0.05,45,8,0,E022
0.05,45,8,0,E032
0.05,45,8,0,E041
0.05,45,8,0,E045
0.05,45,8,0,E099
0.05,45,9,0,E011
0.05,45,9,0,E012
0.05,45,9,0,E040
0.05,45,9,0,E052
0.05,45,9,0,E092
0.05,45,10,0,E002
0.05,45,10,0,E040
0.05,45,10,0,E042
0.05,45,10,0,E049
0.05,45,10,0,E096
0.05,45,11,0,E067
0.05,45,11,0,E068
0.05,45,11,0,E084
0.05,45,11,0,E089
0.05,45,11,0,E095
0.05,45,11,1,E092
0.05,45,12,0,E079
0.05,45,12,0,E080
0.05,45,12,0,E082
0.05,45,12,0,E089
0.05,45,12,0,E093
0.05,45,13,0,E007
0.05,45,13,0,E032
0.05,45,13,0,E063
0.05,45,13,0,E075
0.05,45,13,0,E084
0.05,45,13,1,E021
0.05,45,13,1,E041
0.05,45,14,0,E019
0.05,45,14,0,E026
0.05,45,14,0,E044
0.05,45,14,0,E047
0.05,45,14,0,E080
0.05,45,14,1,E060
0.05,45,14,1,E075
0.05,45,14,1,E078
0.05,45,14,2,E086
0.05,45,14,2,E094
0.05,45,15,0,E002
0.05,45,15,0,E031
0.05,45,15,0,E063
0.05,45,15,0,E079
0.05,45,15,0,E091
0.05,45,15,1,E043
0.05,45,15,2,E073
0.05,45,15,3,E097
0.05,45,15,3,E098
0.05,45,16,0,E026
0.05,45,16,0,E037
0.05,45,16,0,E049
0.05,45,16,0,E053
0.05,45,16,0,E054
0.05,45,17,0,E018
0.05,45,17,0,E048
0.05,45,17,0,E058
0.05,45,17,0,E070
0.05,45,17,0,E074
0.05,45,17,1,E067
0.05,45,17,1,E090
0.05,45,18,0,E007
0.05,45,18,0,E011
0.05,45,18,0,E049
0.05,45,18,0,E065
0.05,45,18,0,E071
0.05,45,18,1,E021
0.05,45,19,0,E003
0.05,45,19,0,E069
0.05,45,19,0,E078
0.05,45,19,0,E079
0.05,45,19,0,E084
0.05,45,19,1,E022
0.05,45,19,1,E094
0.05,45,20,0,E036
0.05,45,20,0,E040
0.05,45,20,0,E066
0.05,45,20,0,E080
0.05,45,20,0,E098
0.05,45,21,0,E001
0.05,45,21,0,E021
0.05,45,21,0,E023
0.05,45,21,0,E038
0.05,45,21,0,E079
0.05,45,21,1,E052
0.05,45,22,0,E000
0.05,45,22,0,E006
0.05,45,22,0,E013
0.05,45,22,0,E035
0.05,45,22,0,E051
0.05,45,22,1,E024
0.05,45,22,1,E025
0.05,45,22,1,E032
0.05,45,22,1,E070
0.05,45,22,2,E041
0.05,45,22,2,E090
0.05,45,23,0,E035
0.05,45,23,0,E046
0.05,45,23,0,E073
0.05,45,23,0,E079
0.05,45,23,0,E091
0.05,45,23,1,E097
0.05,45,23,1,E098
0.05,45,24,0,E025
0.05,45,24,0,E034
0.05,45,24,0,E042
0.05,45,24,0,E056
0.05,45,24,0,E058
0.05,45,25,0,E031
0.05,45,25,0,E066
0.05,45,25,0,E080
0.05,45,25,0,E082
0.05,45,25,0,E084
0.05,45,25,1,E043
0.05,45,25,2,E073
0.05,45,25,3,E097
0.05,45,26,0,E002
0.05,45,26,0,E003
0.05,45,26,0,E019
0.05,45,26,0,E028
0.05,45,26,0,E063
0.05,45,26,1,E022
0.05,45,26,1,E033
0.05,45,26,2,E051
0.05,45,26,3,E070
0.05,45,26,4,E090
0.05,45,27,0,E012
0.05,45,27,0,E022
0.05,45,27,0,E033
0.05,45,27,0,E061
0.05,45,27,0,E076
0.05,45,27,1,E091
0.05,45,28,0,E008
0.05,45,28,0,E011
0.05,45,28,0,E027
0.05,45,28,0,E078
0.05,45,28,0,E088
0.05,45,28,1,E049
0.05,45,28,1,E094
0.05,45,29,0,E010
0.05,45,29,0,E016
0.05,45,29,0,E020
0.05,45,29,0,E050
0.05,45,29,0,E077
0.05,45,29,1,E026
0.05,45,29,1,E081
0.05,45,30,0,E084
0.05,45,30,0,E085
0.05,45,30,0,E089
0.05,45,30,0,E090
0.05,45,30,0,E096
0.05,45,31,0,E035
0.05,45,31,0,E048
0.05,45,31,0,E049
0.05,45,31,0,E057
0.05,45,31,0,E083
0.05,45,31,1,E067
0.05,45,31,1,E071
0.05,45,31,1,E077
0.05,45,31,2,E081
0.05,45,32,0,E020
0.05,45,32,0,E048
0.05,45,32,0,E051
0.05,45,32,0,E090
0.05,45,32,0,E098
0.05,45,32,1,E067
0.05,45,32,1,E070
0.05,45,33,0,E003
0.05,45,33,0,E009
0.05,45,33,0,E041
0.05,45,33,0,E067
0.05,45,33,0,E075
0.05,45,33,1,E022
0.05,45,34,0,E029
0.05,45,34,0,E041
0.05,45,34,0,E053
0.05,45,34,0,E082
0.05,45,34,0,E088
0.05,45,35,0,E027
0.05,45,35,0,E046
0.05,45,35,0,E050
0.05,45,35,0,E056
0.05,45,35,0,E073
0.05,45,35,1,E049
0.05,45,35,1,E097
0.05,45,35,2,E069
0.05,45,36,0,E000
0.05,45,36,0,E066
0.05,45,36,0,E068
0.05,45,36,0,E087
0.05,45,36,0,E090
0.05,45,36,1,E024
0.05,45,36,1,E092
0.05,45,37,0,E004
0.05,45,37,0,E052
0.05,45,37,0,E059
0.05,45,37,0,E075
0.05,45,37,0,E081
0.05,45,38,0,E007
0.05,45,38,0,E029
0.05,45,38,0,E075
0.05,45,38,0,E083
0.05,45,38,0,E085
0.05,45,38,1,E021
0.05,45,39,0,E006
0.05,45,39,0,E007
0.05,45,39,0,E028
0.05,45,39,0,E029
0.05,45,39,0,E073
0.05,45,39,1,E021
0.05,45,39,1,E025
0.05,45,39,1,E032
0.05,45,39,1,E097
0.05,45,39,2,E041
0.05,45,40,0,E010
0.05,45,40,0,E047
0.05,45,40,0,E072
0.05,45,40,0,E079
0.05,45,40,0,E083
0.05,45,40,1,E075
0.05,45,41,0,E036
0.05,45,41,0,E040
0.05,45,41,0,E057
0.05,45,41,0,E067
0.05,45,41,0,E088
0.05,45,41,1,E071
0.05,45,41,1,E077
0.05,45,41,2,E081
0.05,45,42,0,E006
0.05,45,42,0,E048
0.05,45,42,0,E075
0.05,45,42,0,E091
0.05,45,42,0,E098
0.05,45,42,1,E025
0.05,45,42,1,E032
0.05,45,42,1,E067
0.05,45,42,2,E041
0.05,45,43,0,E048
0.05,45,43,0,E051
0.05,45,43,0,E059
0.05,45,43,0,E084
0.05,45,43,0,E095
0.05,45,43,1,E067
0.05,45,43,1,E070
0.05,45,43,2,E090
0.05,45,44,0,E005
0.05,45,44,0,E031
0.05,45,44,0,E048
0.05,45,44,0,E049
0.05,45,44,0,E072
0.05,45,44,1,E030
0.05,45,44,1,E043
0.05,45,44,1,E067
0.05,45,44,2,E050
0.05,45,44,2,E073
0.05,45,44,3,E065
0.05,45,44,3,E097
0.05,45,45,0,E007
0.05,45,45,0,E010
0.05,45,45,0,E034
0.05,45,45,0,E046
0.05,45,45,0,E089
0.05,45,45,1,E021
0.05,45,46,0,E010
0.05,45,46,0,E018
0.05,45,46,0,E041
0.05,45,46,0,E049
0.05,45,46,0,E070
0.05,45,46,1,E090
0.05,45,47,0,E001
0.05,45,47,0,E028
0.05,45,47,0,E041
0.05,45,47,0,E052
0.05,45,47,0,E095
0.05,45,48,0,E008
0.05,45,48,0,E017
0.05,45,48,0,E075
0.05,45,48,0,E078
0.05,45,48,0,E085
0.05,45,48,1,E094
0.05,45,49,0,E052
0.05,45,49,0,E074
0.05,45,49,0,E077
0.05,45,49,0,E095
0.05,45,49,0,E099
0.05,45,49,1,E081
0.05,45,50,0,E012
0.05,45,50,0,E017
0.05,45,50,0,E068
0.05,45,50,0,E084
0.05,45,50,0,E085
0.05,45,50,1,E092
0.05,45,51,0,E010
0.05,45,51,0,E031
0.05,45,51,0,E080
0.05,45,51,0,E092
0.05,45,51,0,E096
0.05,45,51,1,E043
0.05,45,51,2,E073
0.05,45,51,3,E097
0.05,45,52,0,E001
0.05,45,52,0,E016
0.05,45,52,0,E035
0.05,45,52,0,E039
0.05,45,52,0,E083
0.05,45,52,1,E026
0.05,45,53,0,E018
0.05,45,53,0,E070
0.05,45,53,0,E080
0.05,45,53,0,E082
0.05,45,53,0,E085
0.05,45,53,1,E090
0.05,45,54,0,E043
0.05,45,54,0,E051
0.05,45,54,0,E072
0.05,45,54,0,E079
0.05,45,54,0,E094
0.05,45,54,1,E070
0.05,45,54,1,E073
0.05,45,54,2,E090
0.05,45,54,2,E097
0.05,45,54,2,E098
0.05,45,55,0,E028
0.05,45,55,0,E033
0.05,45,55,0,E048
0.05,45,55,0,E073
0.05,45,55,0,E099
0.05,45,55,1,E067
0.05,45,55,1,E097
0.05,45,56,0,E002
0.05,45,56,0,E012
0.05,45,56,0,E015
0.05,45,56,0,E026
0.05,45,56,0,E068
0.05,45,56,1,E092
0.05,45,57,0,E005
0.05,45,57,0,E006
0.05,45,57,0,E052
0.05,45,57,0,E062
0.05,45,57,0,E078
0.05,45,57,1,E025
0.05,45,57,1,E030
0.05,45,57,1,E032
0.05,45,57,1,E085
0.05,45,57,1,E088
0.05,45,57,1,E094
0.05,45,57,2,E041
0.05,45,57,2,E048
0.05,45,57,2,E050
0.05,45,57,3,E067
0.05,45,58,0,E042
0.05,45,58,0,E043
0.05,45,58,0,E056
0.05,45,58,0,E070
0.05,45,58,0,E080
0.05,45,58,1,E073
0.05,45,58,1,E090
0.05,45,58,2,E097
0.05,45,59,0,E001
0.05,45,59,0,E033
0.05,45,59,0,E034
0.05,45,59,0,E064
0.05,45,59,0,E098
0.05,45,60,0,E016
0.05,45,60,0,E046
0.05,45,60,0,E053
0.05,45,60,0,E061
0.05,45,60,0,E068
0.05,45,60,1,E026
0.05,45,60,1,E092
0.05,45,61,0,E012
0.05,45,61,0,E021
0.05,45,61,0,E030
0.05,45,61,0,E036
0.05,45,61,0,E094
0.05,45,61,1,E048
0.05,45,61,1,E050
0.05,45,61,2,E067
0.05,45,62,0,E058
0.05,45,62,0,E067
0.05,45,62,0,E077
0.05,45,62,0,E084
0.05,45,62,0,E098
0.05,45,62,1,E081
0.05,45,63,0,E010
0.05,45,63,0,E013
0.05,45,63,0,E059
0.05,45,63,0,E073
0.05,45,63,0,E096
0.05,45,63,1,E097
0.05,45,64,0,E024
0.05,45,64,0,E044
0.05,45,64,0,E053
0.05,45,64,0,E064
0.05,45,64,0,E066
0.05,45,64,1,E060
0.05,45,64,1,E078
0.05,45,64,2,E086
0.05,45,64,2,E094
0.05,45,65,0,E015
0.05,45,65,0,E018
0.05,45,65,0,E043
0.05,45,65,0,E052
0.05,45,65,0,E096
0.05,45,65,1,E073
0.05,45,65,2,E097
0.05,45,66,0,E019
0.05,45,66,0,E063
0.05,45,66,0,E066
0.05,45,66,0,E081
0.05,45,66,0,E088
0.05,45,66,1,E096
0.05,45,67,0,E022
0.05,45,67,0,E024
0.05,45,67,0,E050
0.05,45,67,0,E052
0.05,45,67,0,E094
0.05,45,68,0,E002
0.05,45,68,0,E032
0.05,45,68,0,E045
0.05,45,68,0,E079
0.05,45,68,0,E082
0.05,45,68,1,E041
0.05,45,69,0,E004
0.05,45,69,0,E013
0.05,45,69,0,E030
0.05,45,69,0,E075
0.05,45,69,0,E095
0.05,45,69,1,E048
0.05,45,69,1,E050
0.05,45,69,2,E067
0.05,45,70,0,E056
0.05,45,70,0,E063
0.05,45,70,0,E067
0.05,45,70,0,E082
0.05,45,70,0,E090
0.05,45,70,1,E084
0.05,45,71,0,E005
0.05,45,71,0,E017
0.05,45,71,0,E043
0.05,45,71,0,E044
0.05,45,71,0,E046
0.05,45,71,1,E030
0.05,45,71,1,E060
0.05,45,71,1,E073
0.05,45,71,1,E078
0.05,45,71,2,E048
0.05,45,71,2,E050
0.05,45,71,2,E086
0.05,45,71,2,E094
0.05,45,71,2,E097
0.05,45,71,3,E067
0.05,45,72,0,E020
0.05,45,72,0,E024
0.05,45,72,0,E037
0.05,45,72,0,E073
0.05,45,72,0,E092
0.05,45,72,1,E097
0.05,45,73,0,E005
0.05,45,73,0,E036
0.05,45,73,0,E038
0.05,45,73,0,E060
0.05,45,73,0,E069
0.05,45,73,1,E030
0.05,45,73,1,E052
0.05,45,73,2,E048
0.05,45,73,2,E050
0.05,45,73,3,E067
0.05,45,74,0,E066
0.05,45,74,0,E068
0.05,45,74,0,E077
0.05,45,74,0,E081
0.05,45,74,0,E096
0.05,45,74,1,E092
0.05,45,75,0,E022
0.05,45,75,0,E036
0.05,45,75,0,E043
0.05,45,75,0,E074
0.05,45,75,0,E079
0.05,45,75,1,E073
0.05,45,75,2,E097
0.05,45,75,2,E098
0.05,45,76,0,E012
0.05,45,76,0,E020
0.05,45,76,0,E022
0.05,45,76,0,E054
0.05,45,76,0,E099
0.05,45,77,0,E013
0.05,45,77,0,E048
0.05,45,77,0,E050
0.05,45,77,0,E087
0.05,45,77,0,E094
0.05,45,77,1,E067
0.05,45,78,0,E013
0.05,45,78,0,E022
0.05,45,78,0,E035
0.05,45,78,0,E036
0.05,45,78,0,E053
0.05,45,79,0,E018
0.05,45,79,0,E047
0.05,45,79,0,E079
0.05,45,79,0,E096
0.05,45,79,0,E097
0.05,45,79,1,E075
0.05,45,80,0,E048
0.05,45,80,0,E056
0.05,45,80,0,E057
0.05,45,80,0,E079
0.05,45,80,0,E089
0.05,45,80,1,E067
0.05,45,80,1,E071
0.05,45,80,1,E077
0.05,45,80,2,E081
0.05,45,81,0,E048
0.05,45,81,0,E065
0.05,45,81,0,E090
0.05,45,81,0,E093
0.05,45,81,0,E097
0.05,45,81,1,E067
0.05,45,82,0,E012
0.05,45,82,0,E015
0.05,45,82,0,E018
0.05,45,82,0,E035
0.05,45,82,0,E063
0.05,45,83,0,E009
0.05,45,83,0,E011
0.05,45,83,0,E034
0.05,45,83,0,E038
0.05,45,83,0,E096
0.05,45,83,1,E052
0.05,45,84,0,E002
0.05,45,84,0,E019
0.05,45,84,0,E023
0.05,45,84,0,E068
0.05,45,84,0,E081
0.05,45,84,1,E092
0.05,45,85,0,E002
0.05,45,85,0,E004
0.05,45,85,0,E010
0.05,45,85,0,E036
0.05,45,85,0,E088
0.05,45,86,0,E000
0.05,45,86,0,E030
0.05,45,86,0,E055
0.05,45,86,0,E093
0.05,45,86,0,E097
0.05,45,86,1,E024
0.05,45,86,1,E048
0.05,45,86,1,E050
0.05,45,86,2,E067
0.05,45,87,0,E023
0.05,45,87,0,E052
0.05,45,87,0,E057
0.05,45,87,0,E064
0.05,45,87,0,E076
0.05,45,87,1,E071
0.05,45,87,1,E077
0.05,45,87,1,E091
0.05,45,87,2,E081
0.05,45,88,0,E035
0.05,45,88,0,E045
0.05,45,88,0,E063
0.05,45,88,0,E064
0.05,45,88,0,E078
0.05,45,88,1,E094
0.05,45,89,0,E007
0.05,45,89,0,E024
0.05,45,89,0,E038
0.05,45,89,0,E082
0.05,45,89,0,E086
0.05,45,89,1,E021
0.05,45,89,1,E052
0.05,45,90,0,E014
0.05,45,90,0,E053
0.05,45,90,0,E058
0.05,45,90,0,E063
0.05,45,90,0,E068
0.05,45,90,1,E036
0.05,45,90,1,E092
0.05,45,91,0,E021
0.05,45,91,0,E043
0.05,45,91,0,E059
0.05,45,91,0,E076
0.05,45,91,0,E083
0.05,45,91,1,E073
0.05,45,91,1,E091
0.05,45,91,2,E080
0.05,45,91,2,E097
0.05,45,92,0,E024
0.05,45,92,0,E043
0.05,45,92,0,E044
0.05,45,92,0,E047
0.05,45,92,0,E089
0.05,45,92,1,E060
0.05,45,92,1,E073
0.05,45,92,1,E075
0.05,45,92,1,E078
0.05,45,92,2,E086
0.05,45,92,2,E094
0.05,45,92,2,E097
0.05,45,93,0,E024
0.05,45,93,0,E028
0.05,45,93,0,E036
0.05,45,93,0,E050
0.05,45,93,0,E088
0.05,45,94,0,E000
0.05,45,94,0,E016
0.05,45,94,0,E017
0.05,45,94,0,E083
0.05,45,94,0,E095
0.05,45,94,1,E024
0.05,45,94,1,E026
0.05,45,95,0,E017
0.05,45,95,0,E057
0.05,45,95,0,E087
0.05,45,95,0,E093
0.05,45,95,0,E099
0.05,45,95,1,E071
0.05,45,95,1,E077
0.05,45,95,2,E081
0.05,45,96,0,E034
0.05,45,96,0,E060
0.05,45,96,0,E068
0.05,45,96,0,E078
0.05,45,96,0,E086
0.05,45,96,1,E092
0.05,45,96,1,E094
0.05,45,97,0,E010
0.05,45,97,0,E013
0.05,45,97,0,E035
0.05,45,97,0,E045
0.05,45,97,0,E071
0.05,45,98,0,E027
0.05,45,98,0,E042
0.05,45,98,0,E047
0.05,45,98,0,E083
0.05,45,98,0,E097
0.05,45,98,1,E049
0.05,45,98,1,E075
0.05,45,98,2,E074
0.05,45,99,0,E023
0.05,45,99,0,E030
0.05,45,99,0,E032
0.05,45,99,0,E055
0.05,45,99,0,E057
0.05,45,99,1,E041
0.05,45,99,1,E048
0.05,45,99,1,E050
0.05,45,99,1,E071
0.05,45,99,1,E077
0.05,45,99,2,E067
0.05,45,99,2,E081
0.05,45,100,0,E024
0.05,45,100,0,E028
0.05,45,100,0,E054
0.05,45,100,0,E065
0.05,45,100,0,E072
0.1,46,1,0,E005
0.1,46,1,0,E009
0.1,46,1,0,E019
0.1,46,1,0,E029
0.1,46,1,0,E051
0.1,46,1,0,E066
0.1,46,1,0,E068
0.1,46,1,0,E074
0.1,46,1,0,E075
0.1,46,1,0,E081
0.1,46,1,1,E030
0.1,46,1,1,E070
0.1,46,1,1,E092
0.1,46,1,2,E048
0.1,46,1,2,E050
0.1,46,1,2,E090
0.1,46,1,3,E067
0.1,46,2,0,E003
0.1,46,2,0,E004
0.1,46,2,0,E006
0.1,46,2,0,E008
0.1,46,2,0,E017
0.1,46,2,0,E037
0.1,46,2,0,E040
0.1,46,2,0,E067
0.1,46,2,0,E070
0.1,46,2,0,E080
0.1,46,2,1,E022
0.1,46,2,1,E025
0.1,46,2,1,E032
0.1,46,2,1,E090
0.1,46,2,2,E041
0.1,46,2,2,E045
0.1,46,3,0,E011
0.1,46,3,0,E019
0.1,46,3,0,E042
0.1,46,3,0,E046
0.1,46,3,0,E050
0.1,46,3,0,E060
0.1,46,3,0,E061
0.1,46,3,0,E090
0.1,46,3,0,E091
0.1,46,3,0,E097
0.1,46,4,0,E009
0.1,46,4,0,E014
0.1,46,4,0,E028
0.1,46,4,0,E055
0.1,46,4,0,E058
0.1,46,4,0,E059
0.1,46,4,0,E069
0.1,46,4,0,E079
0.1,46,4,0,E089
0.1,46,4,0,E095
0.1,46,4,1,E036
0.1,46,5,0,E013
0.1,46,5,0,E019
0.1,46,5,0,E035
0.1,46,5,0,E043
0.1,46,5,0,E045
0.1,46,5,0,E056
0.1,46,5,0,E064
0.1,46,5,0,E076
0.1,46,5,0,E091
0.1,46,5,0,E099
0.1,46,5,1,E068
0.1,46,5,1,E073
0.1,46,5,2,E080
0.1,46,5,2,E092
0.1,46,5,2,E097
0.1,46,6,0,E008
0.1,46,6,0,E023
0.1,46,6,0,E038
0.1,46,6,0,E042
0.1,46,6,0,E045
0.1,46,6,0,E049
0.1,46,6,0,E051
0.1,46,6,0,E058
0.1,46,6,0,E077
0.1,46,6,0,E098
0.1,46,6,1,E052
0.1,46,6,1,E070
0.1,46,6,1,E081
0.1,46,6,2,E090
0.1,46,7,0,E014
0.1,46,7,0,E026
0.1,46,7,0,E031
0.1,46,7,0,E040
0.1,46,7,0,E074
0.1,46,7,0,E078
0.1,46,7,0,E086
0.1,46,7,0,E090
0.1,46,7,0,E091
0.1,46,7,0,E099
0.1,46,7,1,E036
0.1,46,7,1,E043
0.1,46,7,1,E094
0.1,46,7,2,E073
0.1,46,7,3,E097
0.1,46,8,0,E008
0.1,46,8,0,E014
0.1,46,8,0,E023
0.1,46,8,0,E036
0.1,46,8,0,E046
0.1,46,8,0,E047
0.1,46,8,0,E067
0.1,46,8,0,E071
0.1,46,8,0,E084
0.1,46,8,0,E096
0.1,46,8,1,E075
0.1,46,9,0,E008
0.1,46,9,0,E012
0.1,46,9,0,E021
0.1,46,9,0,E024
0.1,46,9,0,E050
0.1,46,9,0,E069
0.1,46,9,0,E072
0.1,46,9,0,E074
0.1,46,9,0,E081
0.1,46,9,0,E092
0.1,46,10,0,E000
0.1,46,10,0,E022
0.1,46,10,0,E023
0.1,46,10,0,E038
0.1,46,10,0,E043
0.1,46,10,0,E051
0.1,46,10,0,E073
0.1,46,10,0,E086
0.1,46,10,0,E091
0.1,46,10,0,E094
0.1,46,10,1,E024
0.1,46,10,1,E052
0.1,46,10,1,E070
0.1,46,10,1,E097
0.1,46,10,2,E090
0.1,46,11,0,E002
0.1,46,11,0,E004
0.1,46,11,0,E025
0.1,46,11,0,E030
0.1,46,11,0,E066
0.1,46,11,0,E073
0.1,46,11,0,E083
0.1,46,11,0,E084
0.1,46,11,0,E093
0.1,46,11,0,E099
0.1,46,11,1,E048
0.1,46,11,1,E050
0.1,46,11,1,E097
0.1,46,11,2,E067
0.1,46,12,0,E009
0.1,46,12,0,E010
0.1,46,12,0,E017
0.1,46,12,0,E022
0.1,46,12,0,E046
0.1,46,12,0,E048
0.1,46,12,0,E050
0.1,46,12,0,E056
0.1,46,12,0,E083
0.1,46,12,0,E097
0.1,46,12,1,E067
0.1,46,13,0,E019
0.1,46,13,0,E035
0.1,46,13,0,E048
0.1,46,13,0,E049
0.1,46,13,0,E060
0.1,46,13,0,E069
0.1,46,13,0,E084
0.1,46,13,0,E090
0.1,46,13,0,E093
0.1,46,13,0,E099
0.1,46,13,1,E067
0.1,46,14,0,E005
0.1,46,14,0,E006
0.1,46,14,0,E013
0.1,46,14,0,E015
0.1,46,14,0,E016
0.1,46,14,0,E025
0.1,46,14,0,E039
0.1,46,14,0,E040
0.1,46,14,0,E048
0.1,46,14,0,E084
0.1,46,14,1,E026
0.1,46,14,1,E030
0.1,46,14,1,E032
0.1,46,14,1,E067
0.1,46,14,2,E041
0.1,46,14,2,E050
0.1,46,15,0,E007
0.1,46,15,0,E031
0.1,46,15,0,E034
0.1,46,15,0,E035
0.1,46,15,0,E040
0.1,46,15,0,E051
0.1,46,15,0,E065
0.1,46,15,0,E078
0.1,46,15,0,E083
0.1,46,15,0,E092
0.1,46,15,1,E021
0.1,46,15,1,E042
0.1,46,15,1,E043
0.1,46,15,1,E070
0.1,46,15,1,E094
0.1,46,15,2,E073
0.1,46,15,2,E090
0.1,46,15,3,E097
0.1,46,16,0,E000
0.1,46,16,0,E005
0.1,46,16,0,E030
0.1,46,16,0,E037
0.1,46,16,0,E039
0.1,46,16,0,E042
0.1,46,16,0,E049
0.1,46,16,0,E063
0.1,46,16,0,E071
0.1,46,16,0,E078
0.1,46,16,1,E024
0.1,46,16,1,E048
0.1,46,16,1,E050
0.1,46,16,1,E094
0.1,46,16,2,E067
0.1,46,16,3,E084
0.1,46,17,0,E007
0.1,46,17,0,E034
0.1,46,17,0,E050
0.1,46,17,0,E062
0.1,46,17,0,E067
0.1,46,17,0,E077
0.1,46,17,0,E084
0.1,46,17,0,E090
0.1,46,17,0,E095
0.1,46,17,0,E097
0.1,46,17,1,E021
0.1,46,17,1,E081
0.1,46,17,1,E085
0.1,46,17,1,E088
0.1,46,18,0,E001
0.1,46,18,0,E009
0.1,46,18,0,E018
0.1,46,18,0,E037
0.1,46,18,0,E042
0.1,46,18,0,E055
0.1,46,18,0,E070
0.1,46,18,0,E077
0.1,46,18,0,E081
0.1,46,18,0,E083
0.1,46,18,1,E090
0.1,46,19,0,E000
0.1,46,19,0,E002
0.1,46,19,0,E021
0.1,46,19,0,E026
0.1,46,19,0,E037
0.1,46,19,0,E047
0.1,46,19,0,E076
0.1,46,19,0,E084
0.1,46,19,0,E086
0.1,46,19,0,E091
0.1,46,19,1,E024
0.1,46,19,1,E075
0.1,46,20,0,E011
0.1,46,20,0,E029
0.1,46,20,0,E050
0.1,46,20,0,E069
0.1,46,20,0,E070
0.1,46,20,0,E077
0.1,46,20,0,E080
0.1,46,20,0,E091
0.1,46,20,0,E094
0.1,46,20,0,E097
0.1,46,20,1,E081
0.1,46,20,1,E090
0.1,46,21,0,E001
0.1,46,21,0,E007
0.1,46,21,0,E015
0.1,46,21,0,E018
0.1,46,21,0,E027
0.1,46,21,0,E047
0.1,46,21,0,E052
0.1,46,21,0,E077
0.1,46,21,0,E083
0.1,46,21,0,E094
0.1,46,21,1,E021
0.1,46,21,1,E049
0.1,46,21,1,E075
0.1,46,21,1,E081
0.1,46,21,2,E074
0.1,46,22,0,E019
0.1,46,22,0,E020
0.1,46,22,0,E032
0.1,46,22,0,E036
0.1,46,22,0,E043
0.1,46,22,0,E049
0.1,46,22,0,E063
0.1,46,22,0,E078
0.1,46,22,0,E080
0.1,46,22,0,E090
0.1,46,22,1,E041
0.1,46,22,1,E073
0.1,46,22,1,E094
0.1,46,22,2,E097
0.1,46,23,0,E015
0.1,46,23,0,E023
0.1,46,23,0,E029
0.1,46,23,0,E037
0.1,46,23,0,E038
0.1,46,23,0,E042
0.1,46,23,0,E045
0.1,46,23,0,E075
0.1,46,23,0,E095
0.1,46,23,0,E098
0.1,46,23,1,E052
0.1,46,24,0,E010
0.1,46,24,0,E034
0.1,46,24,0,E060
0.1,46,24,0,E062
0.1,46,24,0,E069
0.1,46,24,0,E075
0.1,46,24,0,E076
0.1,46,24,0,E078
0.1,46,24,0,E082
0.1,46,24,0,E086
0.1,46,24,1,E085
0.1,46,24,1,E088
0.1,46,24,1,E091
0.1,46,24,1,E094
0.1,46,25,0,E023
0.1,46,25,0,E030
0.1,46,25,0,E053
0.1,46,25,0,E054
0.1,46,25,0,E055
0.1,46,25,0,E061
0.1,46,25,0,E067
0.1,46,25,0,E079
0.1,46,25,0,E083
0.1,46,25,0,E090
0.1,46,25,1,E048
0.1,46,25,1,E050
0.1,46,26,0,E005
0.1,46,26,0,E008
0.1,46,26,0,E011
0.1,46,26,0,E016
0.1,46,26,0,E019
0.1,46,26,0,E030
0.1,46,26,0,E054
0.1,46,26,0,E055
0.1,46,26,0,E072
0.1,46,26,0,E087
0.1,46,26,1,E026
0.1,46,26,1,E035
0.1,46,26,1,E048
0.1,46,26,1,E050
0.1,46,26,2,E053
0.1,46,26,2,E067
0.1,46,27,0,E005
0.1,46,27,0,E008
0.1,46,27,0,E013
0.1,46,27,0,E016
0.1,46,27,0,E024
0.1,46,27,0,E041
0.1,46,27,0,E066
0.1,46,27,0,E076
0.1,46,27,0,E079
0.1,46,27,0,E085
0.1,46,27,1,E026
0.1,46,27,1,E030
0.1,46,27,1,E091
0.1,46,27,2,E048
0.1,46,27,2,E050
0.1,46,27,3,E067
0.1,46,28,0,E018
0.1,46,28,0,E026
0.1,46,28,0,E035
0.1,46,28,0,E036
0.1,46,28,0,E047
0.1,46,28,0,E055
0.1,46,28,0,E059
0.1,46,28,0,E062
0.1,46,28,0,E073
0.1,46,28,0,E079
0.1,46,28,1,E075
0.1,46,28,1,E085
0.1,46,28,1,E088
0.1,46,28,1,E097
0.1,46,28,1,E098
0.1,46,29,0,E021
0.1,46,29,0,E026
0.1,46,29,0,E028
0.1,46,29,0,E038
0.1,46,29,0,E040
0.1,46,29,0,E042
0.1,46,29,0,E043
0.1,46,29,0,E044
0.1,46,29,0,E053
0.1,46,29,0,E083
0.1,46,29,1,E052
0.1,46,29,1,E060
0.1,46,29,1,E073
0.1,46,29,1,E078
0.1,46,29,2,E086
0.1,46,29,2,E094
0.1,46,29,2,E097
0.1,46,30,0,E000
0.1,46,30,0,E006
0.1,46,30,0,E019
0.1,46,30,0,E031
0.1,46,30,0,E043
0.1,46,30,0,E060
0.1,46,30,0,E080
0.1,46,30,0,E087
0.1,46,30,0,E092
0.1,46,30,0,E098
0.1,46,30,1,E024
0.1,46,30,1,E025
0.1,46,30,1,E032
0.1,46,30,1,E073
0.1,46,30,2,E041
0.1,46,30,2,E097
0.1,46,31,0,E002
0.1,46,31,0,E011
0.1,46,31,0,E017
0.1,46,31,0,E019
0.1,46,31,0,E028
0.1,46,31,0,E030
0.1,46,31,0,E036
0.1,46,31,0,E057
0.1,46,31,0,E071
0.1,46,31,0,E097
0.1,46,31,1,E048
0.1,46,31,1,E050
0.1,46,31,1,E077
0.1,46,31,2,E067
0.1,46,31,2,E081
0.1,46,32,0,E000
0.1,46,32,0,E015
0.1,46,32,0,E020
0.1,46,32,0,E022
0.1,46,32,0,E026
0.1,46,32,0,E030
0.1,46,32,0,E042
0.1,46,32,0,E046
0.1,46,32,0,E060
0.1,46,32,0,E098
0.1,46,32,1,E024
0.1,46,32,1,E048
0.1,46,32,1,E050
0.1,46,32,2,E067
0.1,46,33,0,E024
0.1,46,33,0,E032
0.1,46,33,0,E036
0.1,46,33,0,E049
0.1,46,33,0,E050
0.1,46,33,0,E064
0.1,46,33,0,E074
0.1,46,33,0,E075
0.1,46,33,0,E082
0.1,46,33,0,E094
0.1,46,33,1,E041
0.1,46,34,0,E009
0.1,46,34,0,E010
0.1,46,34,0,E013
0.1,46,34,0,E021
0.1,46,34,0,E030
0.1,46,34,0,E041
0.1,46,34,0,E046
0.1,46,34,0,E047
0.1,46,34,0,E053
0.1,46,34,0,E081
0.1,46,34,1,E048
0.1,46,34,1,E050
0.1,46,34,1,E075
0.1,46,34,2,E067
0.1,46,35,0,E004
0.1,46,35,0,E023
0.1,46,35,0,E027
0.1,46,35,0,E037
0.1,46,35,0,E044
0.1,46,35,0,E045
0.1,46,35,0,E049
0.1,46,35,0,E085
0.1,46,35,0,E087
0.1,46,35,0,E096
0.1,46,35,1,E060
0.1,46,35,1,E078
0.1,46,35,2,E086
0.1,46,35,2,E094
0.1,46,36,0,E007
0.1,46,36,0,E008
0.1,46,36,0,E016
0.1,46,36,0,E034
0.1,46,36,0,E036
0.1,46,36,0,E043
0.1,46,36,0,E049
0.1,46,36,0,E092
0.1,46,36,0,E093
0.1,46,36,0,E095
0.1,46,36,1,E021
0.1,46,36,1,E026
0.1,46,36,1,E073
0.1,46,36,2,E097
0.1,46,37,0,E002
0.1,46,37,0,E004
0.1,46,37,0,E024
0.1,46,37,0,E032
0.1,46,37,0,E049
0.1,46,37,0,E065
0.1,46,37,0,E068
0.1,46,37,0,E089
0.1,46,37,0,E093
0.1,46,37,0,E098
0.1,46,37,1,E041
0.1,46,37,1,E092
0.1,46,38,0,E032
0.1,46,38,0,E036
0.1,46,38,0,E038
0.1,46,38,0,E048
0.1,46,38,0,E050
0.1,46,38,0,E053
0.1,46,38,0,E061
0.1,46,38,0,E065
0.1,46,38,0,E079
0.1,46,38,0,E089
0.1,46,38,1,E041
0.1,46,38,1,E052
0.1,46,38,1,E067
0.1,46,39,0,E004
0.1,46,39,0,E005
0.1,46,39,0,E007
0.1,46,39,0,E013
0.1,46,39,0,E019
0.1,46,39,0,E022
0.1,46,39,0,E033
0.1,46,39,0,E041
0.1,46,39,0,E049
0.1,46,39,0,E098
0.1,46,39,1,E021
0.1,46,39,1,E030
0.1,46,39,2,E048
0.1,46,39,2,E050
0.1,46,39,3,E067
0.1,46,40,0,E004
0.1,46,40,0,E005
0.1,46,40,0,E024
0.1,46,40,0,E038
0.1,46,40,0,E039
0.1,46,40,0,E047
0.1,46,40,0,E055
0.1,46,40,0,E076
0.1,46,40,0,E077
0.1,46,40,0,E090
0.1,46,40,1,E030
0.1,46,40,1,E052
0.1,46,40,1,E075
0.1,46,40,1,E081
0.1,46,40,1,E091
0.1,46,40,2,E048
0.1,46,40,2,E050
0.1,46,40,3,E067
0.1,46,41,0,E004
0.1,46,41,0,E017
0.1,46,41,0,E040
0.1,46,41,0,E041
0.1,46,41,0,E046
0.1,46,41,0,E055
0.1,46,41,0,E074
0.1,46,41,0,E080
0.1,46,41,0,E085
0.1,46,41,0,E086
0.1,46,42,0,E021
0.1,46,42,0,E022
0.1,46,42,0,E046
0.1,46,42,0,E047
0.1,46,42,0,E051
0.1,46,42,0,E065
0.1,46,42,0,E069
0.1,46,42,0,E071
0.1,46,42,0,E073
0.1,46,42,0,E083
0.1,46,42,1,E070
0.1,46,42,1,E075
0.1,46,42,1,E097
0.1,46,42,2,E090
0.1,46,43,0,E013
0.1,46,43,0,E023
0.1,46,43,0,E030
0.1,46,43,0,E042
0.1,46,43,0,E066
0.1,46,43,0,E080
0.1,46,43,0,E085
0.1,46,43,0,E087
0.1,46,43,0,E092
0.1,46,43,0,E095
0.1,46,43,1,E048
0.1,46,43,1,E050
0.1,46,43,2,E067
0.1,46,44,0,E019
0.1,46,44,0,E022
0.1,46,44,0,E041
0.1,46,44,0,E044
0.1,46,44,0,E045
0.1,46,44,0,E052
0.1,46,44,0,E068
0.1,46,44,0,E078
0.1,46,44,0,E090
0.1,46,44,0,E093
0.1,46,44,1,E060
0.1,46,44,1,E092
0.1,46,44,1,E094
0.1,46,44,2,E086
0.1,46,45,0,E018
0.1,46,45,0,E024
0.1,46,45,0,E053
0.1,46,45,0,E060
0.1,46,45,0,E064
0.1,46,45,0,E065
0.1,46,45,0,E068
0.1,46,45,0,E070
0.1,46,45,0,E087
0.1,46,45,0,E096
0.1,46,45,1,E090
0.1,46,45,1,E092
0.1,46,46,0,E006
0.1,46,46,0,E031
0.1,46,46,0,E046
0.1,46,46,0,E051
0.1,46,46,0,E054
0.1,46,46,0,E062
0.1,46,46,0,E071
0.1,46,46,0,E073
0.1,46,46,0,E077
0.1,46,46,0,E092
0.1,46,46,1,E025
0.1,46,46,1,E032
0.1,46,46,1,E043
0.1,46,46,1,E070
0.1,46,46,1,E081
0.1,46,46,1,E085
0.1,46,46,1,E088
0.1,46,46,1,E097
0.1,46,46,2,E041
0.1,46,46,2,E090
0.1,46,47,0,E011
0.1,46,47,0,E014
0.1,46,47,0,E035
0.1,46,47,0,E039
0.1,46,47,0,E045
0.1,46,47,0,E057
0.1,46,47,0,E061
0.1,46,47,0,E072
0.1,46,47,0,E075
0.1,46,47,0,E077
0.1,46,47,1,E036
0.1,46,47,1,E071
0.1,46,47,1,E081
0.1,46,48,0,E013
0.1,46,48,0,E015
0.1,46,48,0,E017
0.1,46,48,0,E029
0.1,46,48,0,E053
0.1,46,48,0,E060
0.1,46,48,0,E072
0.1,46,48,0,E073
0.1,46,48,0,E086
0.1,46,48,0,E099
0.1,46,48,1,E097
0.1,46,49,0,E007
0.1,46,49,0,E028
0.1,46,49,0,E053
0.1,46,49,0,E055
0.1,46,49,0,E060
0.1,46,49,0,E063
0.1,46,49,0,E064
0.1,46,49,0,E066
0.1,46,49,0,E072
0.1,46,49,0,E082
0.1,46,49,1,E021
0.1,46,49,1,E096
0.1,46,50,0,E022
0.1,46,50,0,E023
0.1,46,50,0,E025
0.1,46,50,0,E027
0.1,46,50,0,E028
0.1,46,50,0,E046
0.1,46,50,0,E050
0.1,46,50,0,E074
0.1,46,50,0,E096
0.1,46,50,0,E098
0.1,46,50,1,E040
0.1,46,50,1,E049
0.1,46,50,1,E051
0.1,46,50,2,E070
0.1,46,50,3,E090
0.1,46,51,0,E014
0.1,46,51,0,E020
0.1,46,51,0,E037
0.1,46,51,0,E042
0.1,46,51,0,E050
0.1,46,51,0,E057
0.1,46,51,0,E063
0.1,46,51,0,E064
0.1,46,51,0,E071
0.1,46,51,0,E088
0.1,46,51,1,E036
0.1,46,51,1,E077
0.1,46,51,2,E081
0.1,46,52,0,E022
0.1,46,52,0,E025
0.1,46,52,0,E035
0.1,46,52,0,E041
0.1,46,52,0,E042
0.1,46,52,0,E055
0.1,46,52,0,E073
0.1,46,52,0,E085
0.1,46,52,0,E088
0.1,46,52,0,E092
0.1,46,52,1,E097
0.1,46,53,0,E012
0.1,46,53,0,E017
0.1,46,53,0,E019
0.1,46,53,0,E028
0.1,46,53,0,E031
0.1,46,53,0,E036
0.1,46,53,0,E065
0.1,46,53,0,E090
0.1,46,53,0,E091
0.1,46,53,0,E097
0.1,46,53,1,E043
0.1,46,53,2,E073
0.1,46,54,0,E003
0.1,46,54,0,E025
0.1,46,54,0,E040
0.1,46,54,0,E053
0.1,46,54,0,E059
0.1,46,54,0,E062
0.1,46,54,0,E063
0.1,46,54,0,E065
0.1,46,54,0,E086
0.1,46,54,0,E099
0.1,46,54,1,E022
0.1,46,54,1,E085
0.1,46,54,1,E088
0.1,46,55,0,E003
0.1,46,55,0,E007
0.1,46,55,0,E016
0.1,46,55,0,E022
0.1,46,55,0,E025
0.1,46,55,0,E043
0.1,46,55,0,E044
0.1,46,55,0,E060
0.1,46,55,0,E097
0.1,46,55,0,E098
0.1,46,55,1,E021
0.1,46,55,1,E026
0.1,46,55,1,E073
0.1,46,55,1,E078
0.1,46,55,2,E086
0.1,46,55,2,E094
0.1,46,56,0,E004
0.1,46,56,0,E009
0.1,46,56,0,E020
0.1,46,56,0,E022
0.1,46,56,0,E038
0.1,46,56,0,E053
0.1,46,56,0,E060
0.1,46,56,0,E063
0.1,46,56,0,E075
0.1,46,56,0,E081
0.1,46,56,1,E052
0.1,46,57,0,E003
0.1,46,57,0,E012
0.1,46,57,0,E013
0.1,46,57,0,E024
0.1,46,57,0,E035
0.1,46,57,0,E046
0.1,46,57,0,E050
0.1,46,57,0,E055
0.1,46,57,0,E096
0.1,46,57,0,E099
0.1,46,57,1,E022
0.1,46,58,0,E015
0.1,46,58,0,E032
0.1,46,58,0,E037
0.1,46,58,0,E046
0.1,46,58,0,E052
0.1,46,58,0,E066
0.1,46,58,0,E069
0.1,46,58,0,E090
0.1,46,58,0,E093
0.1,46,58,0,E095
0.1,46,58,1,E041
0.1,46,59,0,E007
0.1,46,59,0,E016
0.1,46,59,0,E017
0.1,46,59,0,E027
0.1,46,59,0,E028
0.1,46,59,0,E059
0.1,46,59,0,E063
0.1,46,59,0,E070
0.1,46,59,0,E094
0.1,46,59,0,E097
0.1,46,59,1,E021
0.1,46,59,1,E026
0.1,46,59,1,E049
0.1,46,59,1,E090
0.1,46,59,2,E044
0.1,46,59,3,E060
0.1,46,59,3,E078
0.1,46,59,4,E086
0.1,46,60,0,E003
0.1,46,60,0,E047
0.1,46,60,0,E050
0.1,46,60,0,E052
0.1,46,60,0,E065
0.1,46,60,0,E067
0.1,46,60,0,E078
0.1,46,60,0,E085
0.1,46,60,0,E090
0.1,46,60,0,E092
0.1,46,60,1,E022
0.1,46,60,1,E075
0.1,46,60,1,E094
0.1,46,61,0,E014
0.1,46,61,0,E015
0.1,46,61,0,E016
0.1,46,61,0,E030
0.1,46,61,0,E034
0.1,46,61,0,E039
0.1,46,61,0,E064
0.1,46,61,0,E075
0.1,46,61,0,E084
0.1,46,61,0,E089
0.1,46,61,1,E026
0.1,46,61,1,E036
0.1,46,61,1,E048
0.1,46,61,1,E050
0.1,46,61,2,E067
0.1,46,62,0,E004
0.1,46,62,0,E005
0.1,46,62,0,E009
0.1,46,62,0,E013
0.1,46,62,0,E020
0.1,46,62,0,E055
0.1,46,62,0,E065
0.1,46,62,0,E077
0.1,46,62,0,E079
0.1,46,62,0,E083
0.1,46,62,1,E030
0.1,46,62,1,E081
0.1,46,62,2,E048
0.1,46,62,2,E050
0.1,46,62,3,E067
0.1,46,63,0,E010
0.1,46,63,0,E027
0.1,46,63,0,E053
0.1,46,63,0,E056
0.1,46,63,0,E064
0.1,46,63,0,E065
0.1,46,63,0,E077
0.1,46,63,0,E081
0.1,46,63,0,E088
0.1,46,63,0,E095
0.1,46,63,1,E049
0.1,46,64,0,E002
0.1,46,64,0,E006
0.1,46,64,0,E011
0.1,46,64,0,E012
0.1,46,64,0,E029
0.1,46,64,0,E030
0.1,46,64,0,E040
0.1,46,64,0,E051
0.1,46,64,0,E060
0.1,46,64,0,E082
0.1,46,64,1,E025
0.1,46,64,1,E032
0.1,46,64,1,E048
0.1,46,64,1,E050
0.1,46,64,1,E070
0.1,46,64,2,E041
0.1,46,64,2,E067
0.1,46,64,2,E090
0.1,46,65,0,E007
0.1,46,65,0,E008
0.1,46,65,0,E011
0.1,46,65,0,E024
0.1,46,65,0,E045
0.1,46,65,0,E050
0.1,46,65,0,E060
0.1,46,65,0,E068
0.1,46,65,0,E078
0.1,46,65,0,E091
0.1,46,65,1,E021
0.1,46,65,1,E086
0.1,46,65,1,E092
0.1,46,65,1,E094
0.1,46,66,0,E000
0.1,46,66,0,E003
0.1,46,66,0,E011
0.1,46,66,0,E016
0.1,46,66,0,E027
0.1,46,66,0,E037
0.1,46,66,0,E046
0.1,46,66,0,E055
0.1,46,66,0,E087
0.1,46,66,0,E093
0.1,46,66,1,E022
0.1,46,66,1,E024
0.1,46,66,1,E026
0.1,46,66,1,E034
0.1,46,66,1,E049
0.1,46,66,2,E040
0.1,46,66,2,E054
0.1,46,66,2,E058
0.1,46,67,0,E005
0.1,46,67,0,E019
0.1,46,67,0,E022
0.1,46,67,0,E037
0.1,46,67,0,E048
0.1,46,67,0,E054
0.1,46,67,0,E064
0.1,46,67,0,E067
0.1,46,67,0,E090
0.1,46,67,0,E095
0.1,46,67,1,E030
0.1,46,67,2,E050
0.1,46,68,0,E022
0.1,46,68,0,E026
0.1,46,68,0,E033
0.1,46,68,0,E042
0.1,46,68,0,E047
0.1,46,68,0,E052
0.1,46,68,0,E062
0.1,46,68,0,E082
0.1,46,68,0,E083
0.1,46,68,0,E092
0.1,46,68,1,E075
0.1,46,68,1,E085
0.1,46,68,1,E088
0.1,46,69,0,E023
0.1,46,69,0,E032
0.1,46,69,0,E045
0.1,46,69,0,E048
0.1,46,69,0,E050
0.1,46,69,0,E052
0.1,46,69,0,E077
0.1,46,69,0,E083
0.1,46,69,0,E084
0.1,46,69,0,E090
0.1,46,69,1,E041
0.1,46,69,1,E067
0.1,46,69,1,E081
0.1,46,70,0,E010
0.1,46,70,0,E012
0.1,46,70,0,E014
0.1,46,70,0,E017
0.1,46,70,0,E021
0.1,46,70,0,E026
0.1,46,70,0,E038
0.1,46,70,0,E053
0.1,46,70,0,E066
0.1,46,70,0,E078
0.1,46,70,1,E036
0.1,46,70,1,E052
0.1,46,70,1,E094
0.1,46,71,0,E006
0.1,46,71,0,E017
0.1,46,71,0,E025
0.1,46,71,0,E035
0.1,46,71,0,E043
0.1,46,71,0,E053
0.1,46,71,0,E071
0.1,46,71,0,E083
0.1,46,71,0,E084
0.1,46,71,0,E085
0.1,46,71,1,E032
0.1,46,71,1,E073
0.1,46,71,2,E041
0.1,46,71,2,E097
0.1,46,72,0,E000
0.1,46,72,0,E012
0.1,46,72,0,E013
0.1,46,72,0,E026
0.1,46,72,0,E041
0.1,46,72,0,E045
0.1,46,72,0,E051
0.1,46,72,0,E081
0.1,46,72,0,E084
0.1,46,72,0,E099
0.1,46,72,1,E024
0.1,46,72,1,E070
0.1,46,72,2,E090
0.1,46,73,0,E004
0.1,46,73,0,E007
0.1,46,73,0,E024
0.1,46,73,0,E026
0.1,46,73,0,E034
0.1,46,73,0,E044
0.1,46,73,0,E056
0.1,46,73,0,E060
0.1,46,73,0,E090
0.1,46,73,0,E095
0.1,46,73,1,E021
0.1,46,73,1,E054
0.1,46,73,1,E078
0.1,46,73,2,E086
0.1,46,73,2,E094
0.1,46,74,0,E006
0.1,46,74,0,E027
0.1,46,74,0,E033
0.1,46,74,0,E039
0.1,46,74,0,E040
0.1,46,74,0,E065
0.1,46,74,0,E072
0.1,46,74,0,E083
0.1,46,74,0,E084
0.1,46,74,0,E091
0.1,46,74,1,E025
0.1,46,74,1,E032
0.1,46,74,1,E049
0.1,46,74,2,E041
0.1,46,75,0,E003
0.1,46,75,0,E018
0.1,46,75,0,E041
0.1,46,75,0,E042
0.1,46,75,0,E049
0.1,46,75,0,E056
0.1,46,75,0,E074
0.1,46,75,0,E087
0.1,46,75,0,E089
0.1,46,75,0,E099
0.1,46,75,1,E022
0.1,46,76,0,E013
0.1,46,76,0,E021
0.1,46,76,0,E031
0.1,46,76,0,E032
0.1,46,76,0,E040
0.1,46,76,0,E054
0.1,46,76,0,E058
0.1,46,76,0,E059
0.1,46,76,0,E060
0.1,46,76,0,E063
0.1,46,76,1,E041
0.1,46,76,1,E043
0.1,46,76,2,E073
0.1,46,76,3,E097
0.1,46,77,0,E016
0.1,46,77,0,E025
0.1,46,77,0,E041
0.1,46,77,0,E061
0.1,46,77,0,E076
0.1,46,77,0,E081
0.1,46,77,0,E082
0.1,46,77,0,E085
0.1,46,77,0,E095
0.1,46,77,0,E098
0.1,46,77,1,E026
0.1,46,77,1,E091
0.1,46,78,0,E004
0.1,46,78,0,E007
0.1,46,78,0,E015
0.1,46,78,0,E039
0.1,46,78,0,E048
0.1,46,78,0,E062
0.1,46,78,0,E064
0.1,46,78,0,E076
0.1,46,78,0,E087
0.1,46,78,0,E094
0.1,46,78,1,E021
0.1,46,78,1,E067
0.1,46,78,1,E085
0.1,46,78,1,E088
0.1,46,78,1,E091
0.1,46,79,0,E010
0.1,46,79,0,E016
0.1,46,79,0,E024
0.1,46,79,0,E033
0.1,46,79,0,E044
0.1,46,79,0,E049
0.1,46,79,0,E064
0.1,46,79,0,E074
0.1,46,79,0,E082
0.1,46,79,0,E097
0.1,46,79,1,E026
0.1,46,79,1,E060
0.1,46,79,1,E078
0.1,46,79,2,E086
0.1,46,79,2,E094
0.1,46,80,0,E016
0.1,46,80,0,E029
0.1,46,80,0,E032
0.1,46,80,0,E046
0.1,46,80,0,E067
0.1,46,80,0,E070
0.1,46,80,0,E076
0.1,46,80,0,E079
0.1,46,80,0,E095
0.1,46,80,0,E098
0.1,46,80,1,E026
0.1,46,80,1,E041
0.1,46,80,1,E090
0.1,46,80,1,E091
0.1,46,81,0,E019
0.1,46,81,0,E021
0.1,46,81,0,E034
0.1,46,81,0,E037
0.1,46,81,0,E045
0.1,46,81,0,E049
0.1,46,81,0,E070
0.1,46,81,0,E074
0.1,46,81,0,E092
0.1,46,81,0,E094
0.1,46,81,1,E090
0.1,46,82,0,E005
0.1,46,82,0,E017
0.1,46,82,0,E023
0.1,46,82,0,E030
0.1,46,82,0,E037
0.1,46,82,0,E039
0.1,46,82,0,E041
0.1,46,82,0,E050
0.1,46,82,0,E069
0.1,46,82,0,E084
0.1,46,82,1,E048
0.1,46,82,2,E067
0.1,46,83,0,E001
0.1,46,83,0,E024
0.1,46,83,0,E029
0.1,46,83,0,E031
0.1,46,83,0,E035
0.1,46,83,0,E048
0.1,46,83,0,E065
0.1,46,83,0,E070
0.1,46,83,0,E080
0.1,46,83,0,E099
0.1,46,83,1,E043
0.1,46,83,1,E067
0.1,46,83,1,E090
0.1,46,83,2,E073
0.1,46,83,3,E097
0.1,46,84,0,E007
0.1,46,84,0,E011
0.1,46,84,0,E012
0.1,46,84,0,E024
0.1,46,84,0,E030
0.1,46,84,0,E041
0.1,46,84,0,E044
0.1,46,84,0,E052
0.1,46,84,0,E057
0.1,46,84,0,E068
0.1,46,84,1,E021
0.1,46,84,1,E048
0.1,46,84,1,E050
0.1,46,84,1,E060
0.1,46,84,1,E071
0.1,46,84,1,E077
0.1,46,84,1,E078
0.1,46,84,1,E092
0.1,46,84,2,E067
0.1,46,84,2,E081
0.1,46,84,2,E086
0.1,46,84,2,E094
0.1,46,85,0,E012
0.1,46,85,0,E016
0.1,46,85,0,E027
0.1,46,85,0,E039
0.1,46,85,0,E040
0.1,46,85,0,E047
0.1,46,85,0,E059
0.1,46,85,0,E069
0.1,46,85,0,E086
0.1,46,85,0,E094
0.1,46,85,1,E026
0.1,46,85,1,E049
0.1,46,85,1,E075
0.1,46,85,2,E074
0.1,46,86,0,E001
0.1,46,86,0,E018
0.1,46,86,0,E023
0.1,46,86,0,E025
0.1,46,86,0,E029
0.1,46,86,0,E042
0.1,46,86,0,E046
0.1,46,86,0,E048
0.1,46,86,0,E049
0.1,46,86,0,E061
0.1,46,86,1,E067
0.1,46,87,0,E005
0.1,46,87,0,E013
0.1,46,87,0,E018
0.1,46,87,0,E031
0.1,46,87,0,E041
0.1,46,87,0,E056
0.1,46,87,0,E072
0.1,46,87,0,E078
0.1,46,87,0,E082
0.1,46,87,0,E091
0.1,46,87,1,E030
0.1,46,87,1,E043
0.1,46,87,1,E094
0.1,46,87,2,E048
0.1,46,87,2,E050
0.1,46,87,2,E073
0.1,46,87,3,E067
0.1,46,87,3,E097
0.1,46,88,0,E013
0.1,46,88,0,E016
0.1,46,88,0,E017
0.1,46,88,0,E023
0.1,46,88,0,E026
0.1,46,88,0,E036
0.1,46,88,0,E049
0.1,46,88,0,E067
0.1,46,88,0,E070
0.1,46,88,0,E080
0.1,46,88,1,E090
0.1,46,89,0,E003
0.1,46,89,0,E008
0.1,46,89,0,E017
0.1,46,89,0,E025
0.1,46,89,0,E033
0.1,46,89,0,E040
0.1,46,89,0,E042
0.1,46,89,0,E048
0.1,46,89,0,E050
0.1,46,89,0,E058
0.1,46,89,1,E022
0.1,46,89,1,E067
0.1,46,90,0,E004
0.1,46,90,0,E011
0.1,46,90,0,E013
0.1,46,90,0,E018
0.1,46,90,0,E019
0.1,46,90,0,E060
0.1,46,90,0,E076
0.1,46,90,0,E081
0.1,46,90,0,E090
0.1,46,90,0,E096
0.1,46,90,1,E091
0.1,46,91,0,E002
0.1,46,91,0,E017
0.1,46,91,0,E027
0.1,46,91,0,E029
0.1,46,91,0,E032
0.1,46,91,0,E040
0.1,46,91,0,E048
0.1,46,91,0,E068
0.1,46,91,0,E091
0.1,46,91,0,E099
0.1,46,91,1,E041
0.1,46,91,1,E049
0.1,46,91,1,E067
0.1,46,91,1,E092
0.1,46,92,0,E002
0.1,46,92,0,E003
0.1,46,92,0,E011
0.1,46,92,0,E012
0.1,46,92,0,E021
0.1,46,92,0,E046
0.1,46,92,0,E061
0.1,46,92,0,E076
0.1,46,92,0,E082
0.1,46,92,0,E088
0.1,46,92,1,E022
0.1,46,92,1,E033
0.1,46,92,1,E034
0.1,46,92,1,E037
0.1,46,92,1,E091
0.1,46,93,0,E000
0.1,46,93,0,E006
0.1,46,93,0,E009
0.1,46,93,0,E025
0.1,46,93,0,E041
0.1,46,93,0,E057
0.1,46,93,0,E059
0.1,46,93,0,E087
0.1,46,93,0,E095
0.1,46,93,0,E097
0.1,46,93,1,E024
0.1,46,93,1,E032
0.1,46,93,1,E071
0.1,46,93,1,E077
0.1,46,93,2,E081
0.1,46,94,0,E003
0.1,46,94,0,E005
0.1,46,94,0,E033
0.1,46,94,0,E036
0.1,46,94,0,E040
0.1,46,94,0,E068
0.1,46,94,0,E079
0.1,46,94,0,E084
0.1,46,94,0,E087
0.1,46,94,0,E096
0.1,46,94,1,E022
0.1,46,94,1,E030
0.1,46,94,1,E092
0.1,46,94,2,E048
0.1,46,94,2,E050
0.1,46,94,3,E067
0.1,46,95,0,E027
0.1,46,95,0,E039
0.1,46,95,0,E049
0.1,46,95,0,E053
0.1,46,95,0,E060
0.1,46,95,0,E064
0.1,46,95,0,E078
0.1,46,95,0,E079
0.1,46,95,0,E084
0.1,46,95,0,E088
0.1,46,95,1,E086
0.1,46,95,1,E094
0.1,46,96,0,E002
0.1,46,96,0,E007
0.1,46,96,0,E019
0.1,46,96,0,E033
0.1,46,96,0,E050
0.1,46,96,0,E055
0.1,46,96,0,E060
0.1,46,96,0,E083
0.1,46,96,0,E084
0.1,46,96,0,E092
0.1,46,96,1,E021
0.1,46,97,0,E009
0.1,46,97,0,E051
0.1,46,97,0,E052
0.1,46,97,0,E058
0.1,46,97,0,E059
0.1,46,97,0,E061
0.1,46,97,0,E062
0.1,46,97,0,E065
0.1,46,97,0,E077
0.1,46,97,0,E081
0.1,46,97,1,E070
0.1,46,97,1,E085
0.1,46,97,1,E088
0.1,46,97,2,E090
0.1,46,98,0,E038
0.1,46,98,0,E050
0.1,46,98,0,E053
0.1,46,98,0,E054
0.1,46,98,0,E059
0.1,46,98,0,E071
0.1,46,98,0,E078
0.1,46,98,0,E082
0.1,46,98,0,E089
0.1,46,98,0,E095
0.1,46,98,1,E052
0.1,46,98,1,E094
0.1,46,98,2,E062
0.1,46,98,3,E085
0.1,46,98,3,E088
0.1,46,99,0,E006
0.1,46,99,0,E010
0.1,46,99,0,E028
0.1,46,99,0,E032
0.1,46,99,0,E043
0.1,46,99,0,E050
0.1,46,99,0,E058
0.1,46,99,0,E060
0.1,46,99,0,E072
0.1,46,99,0,E098
0.1,46,99,1,E025
0.1,46,99,1,E041
0.1,46,99,1,E073
0.1,46,99,2,E097
0.1,46,100,0,E012
0.1,46,100,0,E013
0.1,46,100,0,E016
0.1,46,100,0,E029
0.1,46,100,0,E051
0.1,46,100,0,E054
0.1,46,100,0,E082
0.1,46,100,0,E090
0.1,46,100,0,E096
0.1,46,100,0,E098
0.1,46,100,1,E026
0.1,46,100,1,E070
0.2,47,1,0,E000
0.2,47,1,0,E003
0.2,47,1,0,E005
0.2,47,1,0,E008
0.2,47,1,0,E013
0.2,47,1,0,E032
0.2,47,1,0,E033
0.2,47,1,0,E043
0.2,47,1,0,E045
0.2,47,1,0,E049
0.2,47,1,0,E050
0.2,47,1,0,E053
0.2,47,1,0,E055
0.2,47,1,0,E058
0.2,47,1,0,E061
0.2,47,1,0,E065
0.2,47,1,0,E070
0.2,47,1,0,E073
0.2,47,1,0,E078
0.2,47,1,0,E084
0.2,47,1,1,E020
0.2,47,1,1,E022
0.2,47,1,1,E024
0.2,47,1,1,E030
0.2,47,1,1,E041
0.2,47,1,1,E090
0.2,47,1,1,E094
0.2,47,1,1,E097
0.2,47,1,2,E048
0.2,47,1,3,E067
0.2,47,2,0,E001
0.2,47,2,0,E004
0.2,47,2,0,E029
0.2,47,2,0,E030
0.2,47,2,0,E040
0.2,47,2,0,E043
0.2,47,2,0,E045
0.2,47,2,0,E047
0.2,47,2,0,E054
0.2,47,2,0,E056
0.2,47,2,0,E065
0.2,47,2,0,E066
0.2,47,2,0,E069
0.2,47,2,0,E071
0.2,47,2,0,E072
0.2,47,2,0,E073
0.2,47,2,0,E076
0.2,47,2,0,E088
0.2,47,2,0,E091
0.2,47,2,0,E092
0.2,47,2,1,E048
0.2,47,2,1,E050
0.2,47,2,1,E068
0.2,47,2,1,E075
0.2,47,2,1,E080
0.2,47,2,1,E082
0.2,47,2,1,E097
0.2,47,2,2,E067
0.2,47,3,0,E004
0.2,47,3,0,E012
0.2,47,3,0,E016
0.2,47,3,0,E025
0.2,47,3,0,E027
0.2,47,3,0,E029
0.2,47,3,0,E030
0.2,47,3,0,E032
0.2,47,3,0,E042
0.2,47,3,0,E046
0.2,47,3,0,E049
0.2,47,3,0,E060
0.2,47,3,0,E065
0.2,47,3,0,E069
0.2,47,3,0,E074
0.2,47,3,0,E083
0.2,47,3,0,E089
0.2,47,3,0,E093
0.2,47,3,0,E095
0.2,47,3,0,E097
0.2,47,3,1,E026
0.2,47,3,1,E041
0.2,47,3,1,E048
0.2,47,3,1,E050
0.2,47,3,2,E067
0.2,47,4,0,E005
0.2,47,4,0,E014
0.2,47,4,0,E028
0.2,47,4,0,E030
0.2,47,4,0,E033
0.2,47,4,0,E036
0.2,47,4,0,E039
0.2,47,4,0,E045
0.2,47,4,0,E050
0.2,47,4,0,E053
0.2,47,4,0,E061
0.2,47,4,0,E066
0.2,47,4,0,E068
0.2,47,4,0,E071
0.2,47,4,0,E072
0.2,47,4,0,E077
0.2,47,4,0,E086
0.2,47,4,0,E093
0.2,47,4,0,E098
0.2,47,4,0,E099
0.2,47,4,1,E048
0.2,47,4,1,E081
0.2,47,4,1,E092
0.2,47,4,2,E067
0.2,47,5,0,E001
0.2,47,5,0,E009
0.2,47,5,0,E010
0.2,47,5,0,E014
0.2,47,5,0,E019
0.2,47,5,0,E021
0.2,47,5,0,E026
0.2,47,5,0,E032
0.2,47,5,0,E034
0.2,47,5,0,E048
0.2,47,5,0,E056
0.2,47,5,0,E062
0.2,47,5,0,E065
0.2,47,5,0,E069
0.2,47,5,0,E070
0.2,47,5,0,E071
0.2,47,5,0,E077
0.2,47,5,0,E079
0.2,47,5,0,E080
0.2,47,5,0,E097
0.2,47,5,1,E036
0.2,47,5,1,E041
0.2,47,5,1,E067
0.2,47,5,1,E081
0.2,47,5,1,E085
0.2,47,5,1,E088
0.2,47,5,1,E090
0.2,47,6,0,E002
0.2,47,6,0,E004
0.2,47,6,0,E023
0.2,47,6,0,E027
0.2,47,6,0,E031
0.2,47,6,0,E033
0.2,47,6,0,E040
0.2,47,6,0,E044
0.2,47,6,0,E046
0.2,47,6,0,E055
0.2,47,6,0,E060
0.2,47,6,0,E066
0.2,47,6,0,E073
0.2,47,6,0,E077
0.2,47,6,0,E081
0.2,47,6,0,E082
0.2,47,6,0,E086
0.2,47,6,0,E088
0.2,47,6,0,E090
0.2,47,6,0,E097
0.2,47,6,1,E043
0.2,47,6,1,E049
0.2,47,6,1,E078
0.2,47,6,2,E094
0.2,47,7,0,E000
0.2,47,7,0,E008
0.2,47,7,0,E012
0.2,47,7,0,E013
0.2,47,7,0,E015
0.2,47,7,0,E016
0.2,47,7,0,E017
0.2,47,7,0,E022
0.2,47,7,0,E025
0.2,47,7,0,E034
0.2,47,7,0,E044
0.2,47,7,0,E047
0.2,47,7,0,E050
0.2,47,7,0,E053
0.2,47,7,0,E056
0.2,47,7,0,E060
0.2,47,7,0,E067
0.2,47,7,0,E072
0.2,47,7,0,E083
0.2,47,7,0,E093
0.2,47,7,1,E024
0.2,47,7,1,E026
0.2,47,7,1,E075
0.2,47,7,1,E078
0.2,47,7,2,E054
0.2,47,7,2,E086
0.2,47,7,2,E094
0.2,47,8,0,E001
0.2,47,8,0,E002
0.2,47,8,0,E005
0.2,47,8,0,E009
0.2,47,8,0,E017
0.2,47,8,0,E019
0.2,47,8,0,E022
0.2,47,8,0,E023
0.2,47,8,0,E025
0.2,47,8,0,E033
0.2,47,8,0,E058
0.2,47,8,0,E062
0.2,47,8,0,E063
0.2,47,8,0,E065
0.2,47,8,0,E067
0.2,47,8,0,E069
0.2,47,8,0,E072
0.2,47,8,0,E088
0.2,47,8,0,E094
0.2,47,8,0,E098
0.2,47,8,1,E030
0.2,47,8,1,E084
0.2,47,8,1,E085
0.2,47,8,2,E048
0.2,47,8,2,E050
0.2,47,9,0,E002
0.2,47,9,0,E005
0.2,47,9,0,E006
0.2,47,9,0,E007
0.2,47,9,0,E011
0.2,47,9,0,E015
0.2,47,9,0,E019
0.2,47,9,0,E030
0.2,47,9,0,E038
0.2,47,9,0,E039
0.2,47,9,0,E043
0.2,47,9,0,E048
0.2,47,9,0,E068
0.2,47,9,0,E070
0.2,47,9,0,E074
0.2,47,9,0,E078
0.2,47,9,0,E079
0.2,47,9,0,E081
0.2,47,9,0,E091
0.2,47,9,0,E093
0.2,47,9,1,E021
0.2,47,9,1,E025
0.2,47,9,1,E032
0.2,47,9,1,E050
0.2,47,9,1,E052
0.2,47,9,1,E067
0.2,47,9,1,E073
0.2,47,9,1,E090
0.2,47,9,1,E092
0.2,47,9,1,E094
0.2,47,9,2,E041
0.2,47,9,2,E087
0.2,47,9,2,E097
0.2,47,9,2,E098
0.2,47,10,0,E006
0.2,47,10,0,E008
0.2,47,10,0,E010
0.2,47,10,0,E014
0.2,47,10,0,E017
0.2,47,10,0,E034
0.2,47,10,0,E038
0.2,47,10,0,E043
0.2,47,10,0,E045
0.2,47,10,0,E052
0.2,47,10,0,E053
0.2,47,10,0,E059
0.2,47,10,0,E062
0.2,47,10,0,E065
0.2,47,10,0,E071
0.2,47,10,0,E072
0.2,47,10,0,E073
0.2,47,10,0,E076
0.2,47,10,0,E079
0.2,47,10,0,E097
0.2,47,10,1,E025
0.2,47,10,1,E032
0.2,47,10,1,E036
0.2,47,10,1,E080
0.2,47,10,1,E085
0.2,47,10,1,E088
0.2,47,10,1,E091
0.2,47,10,1,E098
0.2,47,10,2,E041
0.2,47,11,0,E002
0.2,47,11,0,E008
0.2,47,11,0,E014
0.2,47,11,0,E021
0.2,47,11,0,E031
0.2,47,11,0,E036
0.2,47,11,0,E042
0.2,47,11,0,E045
0.2,47,11,0,E055
0.2,47,11,0,E058
0.2,47,11,0,E059
0.2,47,11,0,E062
0.2,47,11,0,E064
0.2,47,11,0,E066
0.2,47,11,0,E072
0.2,47,11,0,E075
0.2,47,11,0,E083
0.2,47,11,0,E090
0.2,47,11,0,E096
0.2,47,11,0,E097
0.2,47,11,1,E043
0.2,47,11,1,E076
0.2,47,11,1,E085
0.2,47,11,1,E088
0.2,47,11,2,E073
0.2,47,11,2,E091
0.2,47,11,3,E080
0.2,47,12,0,E003
0.2,47,12,0,E005
0.2,47,12,0,E008
0.2,47,12,0,E012
0.2,47,12,0,E024
0.2,47,12,0,E033
0.2,47,12,0,E035
0.2,47,12,0,E036
0.2,47,12,0,E049
0.2,47,12,0,E058
0.2,47,12,0,E061
0.2,47,12,0,E069
0.2,47,12,0,E071
0.2,47,12,0,E081
0.2,47,12,0,E085
0.2,47,12,0,E086
0.2,47,12,0,E087
0.2,47,12,0,E088
0.2,47,12,0,E092
0.2,47,12,0,E098
0.2,47,12,1,E022
0.2,47,12,1,E030
0.2,47,12,2,E048
0.2,47,12,2,E050
0.2,47,12,3,E067
0.2,47,13,0,E011
0.2,47,13,0,E013
0.2,47,13,0,E026
0.2,47,13,0,E039
0.2,47,13,0,E046
0.2,47,13,0,E051
0.2,47,13,0,E052
0.2,47,13,0,E061
0.2,47,13,0,E065
0.2,47,13,0,E066
0.2,47,13,0,E068
0.2,47,13,0,E074
0.2,47,13,0,E075
0.2,47,13,0,E076
0.2,47,13,0,E080
0.2,47,13,0,E087
0.2,47,13,0,E090
0.2,47,13,0,E093
0.2,47,13,0,E095
0.2,47,13,0,E098
0.2,47,13,1,E070
0.2,47,13,1,E091
0.2,47,13,1,E092
0.2,47,14,0,E006
0.2,47,14,0,E007
0.2,47,14,0,E011
0.2,47,14,0,E013
0.2,47,14,0,E026
0.2,47,14,0,E032
0.2,47,14,0,E034
0.2,47,14,0,E037
0.2,47,14,0,E042
0.2,47,14,0,E044
0.2,47,14,0,E046
0.2,47,14,0,E050
0.2,47,14,0,E054
0.2,47,14,0,E059
0.2,47,14,0,E068
0.2,47,14,0,E074
0.2,47,14,0,E079
0.2,47,14,0,E081
0.2,47,14,0,E084
0.2,47,14,0,E095
0.2,47,14,1,E021
0.2,47,14,1,E025
0.2,47,14,1,E041
0.2,47,14,1,E060
0.2,47,14,1,E078
0.2,47,14,1,E092
0.2,47,14,2,E086
0.2,47,14,2,E094
0.2,47,15,0,E000
0.2,47,15,0,E003
0.2,47,15,0,E007
0.2,47,15,0,E013
0.2,47,15,0,E015
0.2,47,15,0,E019
0.2,47,15,0,E021
0.2,47,15,0,E032
0.2,47,15,0,E037
0.2,47,15,0,E038
0.2,47,15,0,E040
0.2,47,15,0,E054
0.2,47,15,0,E056
0.2,47,15,0,E058
0.2,47,15,0,E061
0.2,47,15,0,E066
0.2,47,15,0,E074
0.2,47,15,0,E078
0.2,47,15,0,E086
0.2,47,15,0,E099
0.2,47,15,1,E022
0.2,47,15,1,E024
0.2,47,15,1,E041
0.2,47,15,1,E052
0.2,47,15,1,E094
0.2,47,15,2,E062
0.2,47,15,3,E085
0.2,47,15,3,E088
0.2,47,16,0,E002
0.2,47,16,0,E030
0.2,47,16,0,E033
0.2,47,16,0,E040
0.2,47,16,0,E043
0.2,47,16,0,E048
0.2,47,16,0,E054
0.2,47,16,0,E059
0.2,47,16,0,E063
0.2,47,16,0,E064
0.2,47,16,0,E065
0.2,47,16,0,E071
0.2,47,16,0,E072
0.2,47,16,0,E075
0.2,47,16,0,E076
0.2,47,16,0,E077
0.2,47,16,0,E079
0.2,47,16,0,E086
0.2,47,16,0,E088
0.2,47,16,0,E089
0.2,47,16,1,E050
0.2,47,16,1,E067
0.2,47,16,1,E073
0.2,47,16,1,E081
0.2,47,16,1,E091
0.2,47,16,2,E080
0.2,47,16,2,E084
0.2,47,16,2,E095
0.2,47,16,2,E097
0.2,47,16,2,E098
0.2,47,17,0,E000
0.2,47,17,0,E005
0.2,47,17,0,E007
0.2,47,17,0,E009
0.2,47,17,0,E017
0.2,47,17,0,E022
0.2,47,17,0,E023
0.2,47,17,0,E028
0.2,47,17,0,E048
0.2,47,17,0,E050
0.2,47,17,0,E052
0.2,47,17,0,E059
0.2,47,17,0,E062
0.2,47,17,0,E071
0.2,47,17,0,E076
0.2,47,17,0,E078
0.2,47,17,0,E079
0.2,47,17,0,E087
0.2,47,17,0,E089
0.2,47,17,0,E095
0.2,47,17,1,E021
0.2,47,17,1,E024
0.2,47,17,1,E030
0.2,47,17,1,E051
0.2,47,17,1,E067
0.2,47,17,1,E085
0.2,47,17,1,E088
0.2,47,17,1,E091
0.2,47,17,1,E094
0.2,47,17,2,E070
0.2,47,17,3,E090
0.2,47,18,0,E000
0.2,47,18,0,E009
0.2,47,18,0,E011
0.2,47,18,0,E013
0.2,47,18,0,E015
0.2,47,18,0,E022
0.2,47,18,0,E047
0.2,47,18,0,E049
0.2,47,18,0,E051
0.2,47,18,0,E052
0.2,47,18,0,E053
0.2,47,18,0,E058
0.2,47,18,0,E063
0.2,47,18,0,E065
0.2,47,18,0,E070
0.2,47,18,0,E071
0.2,47,18,0,E079
0.2,47,18,0,E080
0.2,47,18,0,E093
0.2,47,18,0,E094
0.2,47,18,1,E024
0.2,47,18,1,E074
0.2,47,18,1,E075
0.2,47,18,1,E090
0.2,47,19,0,E009
0.2,47,19,0,E011
0.2,47,19,0,E016
0.2,47,19,0,E025
0.2,47,19,0,E040
0.2,47,19,0,E041
0.2,47,19,0,E042
0.2,47,19,0,E050
0.2,47,19,0,E055
0.2,47,19,0,E056
0.2,47,19,0,E060
0.2,47,19,0,E062
0.2,47,19,0,E063
0.2,47,19,0,E064
0.2,47,19,0,E067
0.2,47,19,0,E076
0.2,47,19,0,E083
0.2,47,19,0,E085
0.2,47,19,0,E091
0.2,47,19,0,E095
0.2,47,19,1,E026
0.2,47,19,1,E072
0.2,47,19,1,E084
0.2,47,19,1,E088
0.2,47,20,0,E003
0.2,47,20,0,E010
0.2,47,20,0,E011
0.2,47,20,0,E013
0.2,47,20,0,E026
0.2,47,20,0,E028
0.2,47,20,0,E032
0.2,47,20,0,E039
0.2,47,20,0,E045
0.2,47,20,0,E050
0.2,47,20,0,E062
0.2,47,20,0,E064
0.2,47,20,0,E066
0.2,47,20,0,E076
0.2,47,20,0,E077
0.2,47,20,0,E079
0.2,47,20,0,E082
0.2,47,20,0,E083
0.2,47,20,0,E091
0.2,47,20,0,E097
0.2,47,20,1,E022
0.2,47,20,1,E034
0.2,47,20,1,E041
0.2,47,20,1,E044
0.2,47,20,1,E081
0.2,47,20,1,E085
0.2,47,20,1,E088
0.2,47,20,2,E051
0.2,47,20,2,E060
0.2,47,20,2,E078
0.2,47,20,3,E070
0.2,47,20,3,E086
0.2,47,20,3,E094
0.2,47,20,4,E090
0.2,47,21,0,E000
0.2,47,21,0,E007
0.2,47,21,0,E013
0.2,47,21,0,E014
0.2,47,21,0,E022
0.2,47,21,0,E030
0.2,47,21,0,E036
0.2,47,21,0,E043
0.2,47,21,0,E047
0.2,47,21,0,E051
0.2,47,21,0,E060
0.2,47,21,0,E062
0.2,47,21,0,E070
0.2,47,21,0,E071
0.2,47,21,0,E075
0.2,47,21,0,E077
0.2,47,21,0,E078
0.2,47,21,0,E080
0.2,47,21,0,E089
0.2,47,21,0,E092
0.2,47,21,1,E021
0.2,47,21,1,E024
0.2,47,21,1,E048
0.2,47,21,1,E050
0.2,47,21,1,E073
0.2,47,21,1,E081
0.2,47,21,1,E085
0.2,47,21,1,E086
0.2,47,21,1,E088
0.2,47,21,1,E090
0.2,47,21,1,E094
0.2,47,21,2,E067
0.2,47,21,2,E097
0.2,47,22,0,E008
0.2,47,22,0,E009
0.2,47,22,0,E010
0.2,47,22,0,E011
0.2,47,22,0,E013
0.2,47,22,0,E015
0.2,47,22,0,E016
0.2,47,22,0,E018
0.2,47,22,0,E020
0.2,47,22,0,E021
0.2,47,22,0,E023
0.2,47,22,0,E030
0.2,47,22,0,E037
0.2,47,22,0,E044
0.2,47,22,0,E050
0.2,47,22,0,E053
0.2,47,22,0,E065
0.2,47,22,0,E070
0.2,47,22,0,E075
0.2,47,22,0,E092
0.2,47,22,1,E026
0.2,47,22,1,E029
0.2,47,22,1,E031
0.2,47,22,1,E048
0.2,47,22,1,E060
0.2,47,22,1,E078
0.2,47,22,1,E090
0.2,47,22,2,E043
0.2,47,22,2,E067
0.2,47,22,2,E086
0.2,47,22,2,E094
0.2,47,22,3,E073
0.2,47,22,4,E097
0.2,47,23,0,E004
0.2,47,23,0,E011
0.2,47,23,0,E013
0.2,47,23,0,E017
0.2,47,23,0,E025
0.2,47,23,0,E028
0.2,47,23,0,E040
0.2,47,23,0,E042
0.2,47,23,0,E044
0.2,47,23,0,E054
0.2,47,23,0,E064
0.2,47,23,0,E069
0.2,47,23,0,E071
0.2,47,23,0,E073
0.2,47,23,0,E081
0.2,47,23,0,E082
0.2,47,23,0,E084
0.2,47,23,0,E086
0.2,47,23,0,E091
0.2,47,23,0,E098
0.2,47,23,1,E060
0.2,47,23,1,E078
0.2,47,23,1,E097
0.2,47,23,2,E094
0.2,47,24,0,E002
0.2,47,24,0,E006
0.2,47,24,0,E012
0.2,47,24,0,E024
0.2,47,24,0,E041
0.2,47,24,0,E045
0.2,47,24,0,E052
0.2,47,24,0,E054
0.2,47,24,0,E055
0.2,47,24,0,E056
0.2,47,24,0,E062
0.2,47,24,0,E066
0.2,47,24,0,E074
0.2,47,24,0,E076
0.2,47,24,0,E081
0.2,47,24,0,E086
0.2,47,24,0,E087
0.2,47,24,0,E093
0.2,47,24,0,E096
0.2,47,24,0,E098
0.2,47,24,1,E025
0.2,47,24,1,E032
0.2,47,24,1,E085
0.2,47,24,1,E088
0.2,47,24,1,E091
0.2,47,25,0,E003
0.2,47,25,0,E007
0.2,47,25,0,E012
0.2,47,25,0,E015
0.2,47,25,0,E023
0.2,47,25,0,E025
0.2,47,25,0,E029
0.2,47,25,0,E041
0.2,47,25,0,E042
0.2,47,25,0,E052
0.2,47,25,0,E055
0.2,47,25,0,E060
0.2,47,25,0,E063
0.2,47,25,0,E066
0.2,47,25,0,E069
0.2,47,25,0,E080
0.2,47,25,0,E085
0.2,47,25,0,E088
0.2,47,25,0,E094
0.2,47,25,0,E096
0.2,47,25,1,E021
0.2,47,25,1,E022
0.2,47,26,0,E000
0.2,47,26,0,E005
0.2,47,26,0,E006
0.2,47,26,0,E009
0.2,47,26,0,E018
0.2,47,26,0,E020
0.2,47,26,0,E024
0.2,47,26,0,E027
0.2,47,26,0,E032
0.2,47,26,0,E037
0.2,47,26,0,E038
0.2,47,26,0,E044
0.2,47,26,0,E071
0.2,47,26,0,E077
0.2,47,26,0,E079
0.2,47,26,0,E082
0.2,47,26,0,E085
0.2,47,26,0,E086
0.2,47,26,0,E095
0.2,47,26,0,E099
0.2,47,26,1,E025
0.2,47,26,1,E030
0.2,47,26,1,E041
0.2,47,26,1,E049
0.2,47,26,1,E052
0.2,47,26,1,E055
0.2,47,26,1,E058
0.2,47,26,1,E060
0.2,47,26,1,E078
0.2,47,26,1,E081
0.2,47,26,2,E048
0.2,47,26,2,E050
0.2,47,26,2,E094
0.2,47,26,3,E067
0.2,47,26,4,E087
0.2,47,27,0,E004
0.2,47,27,0,E005
0.2,47,27,0,E014
0.2,47,27,0,E017
0.2,47,27,0,E025
0.2,47,27,0,E032
0.2,47,27,0,E038
0.2,47,27,0,E044
0.2,47,27,0,E047
0.2,47,27,0,E053
0.2,47,27,0,E054
0.2,47,27,0,E057
0.2,47,27,0,E063
0.2,47,27,0,E072
0.2,47,27,0,E077
0.2,47,27,0,E078
0.2,47,27,0,E085
0.2,47,27,0,E092
0.2,47,27,0,E094
0.2,47,27,0,E096
0.2,47,27,1,E030
0.2,47,27,1,E036
0.2,47,27,1,E041
0.2,47,27,1,E052
0.2,47,27,1,E060
0.2,47,27,1,E071
0.2,47,27,1,E075
0.2,47,27,1,E081
0.2,47,27,2,E048
0.2,47,27,2,E050
0.2,47,27,2,E062
0.2,47,27,2,E086
0.2,47,27,3,E067
0.2,47,27,3,E088
0.2,47,27,4,E084
0.2,47,28,0,E003
0.2,47,28,0,E007
0.2,47,28,0,E011
0.2,47,28,0,E024
0.2,47,28,0,E029
0.2,47,28,0,E034
0.2,47,28,0,E043
0.2,47,28,0,E044
0.2,47,28,0,E046
0.2,47,28,0,E050
0.2,47,28,0,E051
0.2,47,28,0,E053
0.2,47,28,0,E056
0.2,47,28,0,E062
0.2,47,28,0,E066
0.2,47,28,0,E079
0.2,47,28,0,E080
0.2,47,28,0,E088
0.2,47,28,0,E092
0.2,47,28,0,E098
0.2,47,28,1,E021
0.2,47,28,1,E022
0.2,47,28,1,E054
0.2,47,28,1,E060
0.2,47,28,1,E070
0.2,47,28,1,E073
0.2,47,28,1,E078
0.2,47,28,1,E085
0.2,47,28,2,E086
0.2,47,28,2,E090
0.2,47,28,2,E094
0.2,47,28,2,E097
0.2,47,29,0,E000
0.2,47,29,0,E001
0.2,47,29,0,E008
0.2,47,29,0,E014
0.2,47,29,0,E020
0.2,47,29,0,E025
0.2,47,29,0,E026
0.2,47,29,0,E027
0.2,47,29,0,E029
0.2,47,29,0,E032
0.2,47,29,0,E034
0.2,47,29,0,E037
0.2,47,29,0,E042
0.2,47,29,0,E047
0.2,47,29,0,E051
0.2,47,29,0,E054
0.2,47,29,0,E060
0.2,47,29,0,E068
0.2,47,29,0,E072
0.2,47,29,0,E077
0.2,47,29,1,E024
0.2,47,29,1,E036
0.2,47,29,1,E041
0.2,47,29,1,E046
0.2,47,29,1,E049
0.2,47,29,1,E070
0.2,47,29,1,E075
0.2,47,29,1,E081
0.2,47,29,1,E092
0.2,47,29,2,E055
0.2,47,29,2,E058
0.2,47,29,2,E074
0.2,47,29,2,E090
0.2,47,30,0,E000
0.2,47,30,0,E002
0.2,47,30,0,E004
0.2,47,30,0,E006
0.2,47,30,0,E013
0.2,47,30,0,E027
0.2,47,30,0,E039
0.2,47,30,0,E041
0.2,47,30,0,E044
0.2,47,30,0,E049
0.2,47,30,0,E053
0.2,47,30,0,E067
0.2,47,30,0,E068
0.2,47,30,0,E070
0.2,47,30,0,E075
0.2,47,30,0,E077
0.2,47,30,0,E078
0.2,47,30,0,E082
0.2,47,30,0,E086
0.2,47,30,0,E097
0.2,47,30,1,E024
0.2,47,30,1,E025
0.2,47,30,1,E032
0.2,47,30,1,E060
0.2,47,30,1,E081
0.2,47,30,1,E090
0.2,47,30,1,E092
0.2,47,30,1,E094
0.2,47,30,2,E055
0.2,47,30,2,E058
0.2,47,31,0,E004
0.2,47,31,0,E006
0.2,47,31,0,E008
0.2,47,31,0,E011
0.2,47,31,0,E024
0.2,47,31,0,E035
0.2,47,31,0,E038
0.2,47,31,0,E039
0.2,47,31,0,E044
0.2,47,31,0,E050
0.2,47,31,0,E052
0.2,47,31,0,E056
0.2,47,31,0,E059
0.2,47,31,0,E065
0.2,47,31,0,E076
0.2,47,31,0,E078
0.2,47,31,0,E081
0.2,47,31,0,E086
0.2,47,31,0,E091
0.2,47,31,0,E093
0.2,47,31,1,E025
0.2,47,31,1,E032
0.2,47,31,1,E060
0.2,47,31,1,E094
0.2,47,31,2,E041
0.2,47,32,0,E000
0.2,47,32,0,E003
0.2,47,32,0,E011
0.2,47,32,0,E012
0.2,47,32,0,E016
0.2,47,32,0,E022
0.2,47,32,0,E024
0.2,47,32,0,E028
0.2,47,32,0,E032
0.2,47,32,0,E037
0.2,47,32,0,E042
0.2,47,32,0,E047
0.2,47,32,0,E048
0.2,47,32,0,E053
0.2,47,32,0,E054
0.2,47,32,0,E071
0.2,47,32,0,E073
0.2,47,32,0,E086
0.2,47,32,0,E090
0.2,47,32,0,E092
0.2,47,32,1,E026
0.2,47,32,1,E034
0.2,47,32,1,E041
0.2,47,32,1,E051
0.2,47,32,1,E067
0.2,47,32,1,E075
0.2,47,32,1,E097
0.2,47,32,2,E044
0.2,47,32,2,E070
0.2,47,32,3,E060
0.2,47,32,3,E078
0.2,47,32,4,E094
0.2,47,33,0,E005
0.2,47,33,0,E009
0.2,47,33,0,E016
0.2,47,33,0,E018
0.2,47,33,0,E019
0.2,47,33,0,E033
0.2,47,33,0,E048
0.2,47,33,0,E053
0.2,47,33,0,E054
0.2,47,33,0,E058
0.2,47,33,0,E068
0.2,47,33,0,E074
0.2,47,33,0,E075
0.2,47,33,0,E081
0.2,47,33,0,E082
0.2,47,33,0,E090
0.2,47,33,0,E092
0.2,47,33,0,E093
0.2,47,33,0,E094
0.2,47,33,0,E098
0.2,47,33,1,E026
0.2,47,33,1,E030
0.2,47,33,1,E067
0.2,47,33,2,E050
0.2,47,34,0,E002
0.2,47,34,0,E003
0.2,47,34,0,E009
0.2,47,34,0,E015
0.2,47,34,0,E016
0.2,47,34,0,E017
0.2,47,34,0,E030
0.2,47,34,0,E037
0.2,47,34,0,E053
0.2,47,34,0,E062
0.2,47,34,0,E066
0.2,47,34,0,E070
0.2,47,34,0,E072
0.2,47,34,0,E074
0.2,47,34,0,E075
0.2,47,34,0,E077
0.2,47,34,0,E078
0.2,47,34,0,E093
0.2,47,34,0,E095
0.2,47,34,0,E099
0.2,47,34,1,E022
0.2,47,34,1,E026
0.2,47,34,1,E033
0.2,47,34,1,E048
0.2,47,34,1,E050
0.2,47,34,1,E081
0.2,47,34,1,E085
0.2,47,34,1,E088
0.2,47,34,1,E090
0.2,47,34,1,E094
0.2,47,34,2,E067
0.2,47,35,0,E015
0.2,47,35,0,E018
0.2,47,35,0,E019
0.2,47,35,0,E021
0.2,47,35,0,E029
0.2,47,35,0,E036
0.2,47,35,0,E039
0.2,47,35,0,E052
0.2,47,35,0,E058
0.2,47,35,0,E061
0.2,47,35,0,E062
0.2,47,35,0,E069
0.2,47,35,0,E074
0.2,47,35,0,E076
0.2,47,35,0,E077
0.2,47,35,0,E078
0.2,47,35,0,E081
0.2,47,35,0,E083
0.2,47,35,0,E092
0.2,47,35,0,E096
0.2,47,35,1,E085
0.2,47,35,1,E088
0.2,47,35,1,E091
0.2,47,35,1,E094
0.2,47,36,0,E001
0.2,47,36,0,E004
0.2,47,36,0,E023
0.2,47,36,0,E034
0.2,47,36,0,E038
0.2,47,36,0,E039
0.2,47,36,0,E043
0.2,47,36,0,E047
0.2,47,36,0,E048
0.2,47,36,0,E050
0.2,47,36,0,E052
0.2,47,36,0,E054
0.2,47,36,0,E057
0.2,47,36,0,E062
0.2,47,36,0,E067
0.2,47,36,0,E071
0.2,47,36,0,E077
0.2,47,36,0,E079
0.2,47,36,0,E093
0.2,47,36,0,E097
0.2,47,36,1,E064
0.2,47,36,1,E073
0.2,47,36,1,E075
0.2,47,36,1,E081
0.2,47,36,1,E085
0.2,47,36,1,E088
0.2,47,36,2,E095
0.2,47,36,2,E098
0.2,47,37,0,E000
0.2,47,37,0,E004
0.2,47,37,0,E012
0.2,47,37,0,E013
0.2,47,37,0,E018
0.2,47,37,0,E020
0.2,47,37,0,E033
0.2,47,37,0,E043
0.2,47,37,0,E044
0.2,47,37,0,E047
0.2,47,37,0,E050
0.2,47,37,0,E059
0.2,47,37,0,E073
0.2,47,37,0,E075
0.2,47,37,0,E079
0.2,47,37,0,E081
0.2,47,37,0,E084
0.2,47,37,0,E086
0.2,47,37,0,E096
0.2,47,37,0,E098
0.2,47,37,1,E024
0.2,47,37,1,E060
0.2,47,37,1,E078
0.2,47,37,1,E097
0.2,47,37,2,E094
0.2,47,38,0,E005
0.2,47,38,0,E014
0.2,47,38,0,E018
0.2,47,38,0,E022
0.2,47,38,0,E026
0.2,47,38,0,E029
0.2,47,38,0,E031
0.2,47,38,0,E032
0.2,47,38,0,E034
0.2,47,38,0,E036
0.2,47,38,0,E041
0.2,47,38,0,E042
0.2,47,38,0,E052
0.2,47,38,0,E058
0.2,47,38,0,E061
0.2,47,38,0,E079
0.2,47,38,0,E084
0.2,47,38,0,E085
0.2,47,38,0,E089
0.2,47,38,0,E091
0.2,47,38,1,E030
0.2,47,38,1,E043
0.2,47,38,2,E048
0.2,47,38,2,E050
0.2,47,38,2,E073
0.2,47,38,3,E067
0.2,47,38,3,E097
0.2,47,38,3,E098
0.2,47,39,0,E005
0.2,47,39,0,E014
0.2,47,39,0,E018
0.2,47,39,0,E019
0.2,47,39,0,E022
0.2,47,39,0,E026
0.2,47,39,0,E029
0.2,47,39,0,E031
0.2,47,39,0,E041
0.2,47,39,0,E043
0.2,47,39,0,E046
0.2,47,39,0,E048
0.2,47,39,0,E067
0.2,47,39,0,E069
0.2,47,39,0,E072
0.2,47,39,0,E073
0.2,47,39,0,E081
0.2,47,39,0,E096
0.2,47,39,0,E098
0.2,47,39,0,E099
0.2,47,39,1,E030
0.2,47,39,1,E036
0.2,47,39,1,E097
0.2,47,39,2,E050
0.2,47,40,0,E006
0.2,47,40,0,E009
0.2,47,40,0,E012
0.2,47,40,0,E017
0.2,47,40,0,E021
0.2,47,40,0,E022
0.2,47,40,0,E024
0.2,47,40,0,E033
0.2,47,40,0,E041
0.2,47,40,0,E051
0.2,47,40,0,E060
0.2,47,40,0,E062
0.2,47,40,0,E065
0.2,47,40,0,E069
0.2,47,40,0,E070
0.2,47,40,0,E077
0.2,47,40,0,E085
0.2,47,40,0,E092
0.2,47,40,0,E093
0.2,47,40,0,E095
0.2,47,40,1,E025
0.2,47,40,1,E032
0.2,47,40,1,E081
0.2,47,40,1,E088
0.2,47,40,1,E090
0.2,47,41,0,E014
0.2,47,41,0,E015
0.2,47,41,0,E026
0.2,47,41,0,E028
0.2,47,41,0,E032
0.2,47,41,0,E035
0.2,47,41,0,E037
0.2,47,41,0,E045
0.2,47,41,0,E047
0.2,47,41,0,E048
0.2,47,41,0,E049
0.2,47,41,0,E068
0.2,47,41,0,E070
0.2,47,41,0,E074
0.2,47,41,0,E076
0.2,47,41,0,E077
0.2,47,41,0,E083
0.2,47,41,0,E085
0.2,47,41,0,E086
0.2,47,41,0,E089
0.2,47,41,1,E036
0.2,47,41,1,E041
0.2,47,41,1,E044
0.2,47,41,1,E067
0.2,47,41,1,E075
0.2,47,41,1,E081
0.2,47,41,1,E090
0.2,47,41,1,E091
0.2,47,41,1,E092
0.2,47,41,2,E060
0.2,47,41,2,E078
0.2,47,41,3,E094
0.2,47,42,0,E004
0.2,47,42,0,E012
0.2,47,42,0,E014
0.2,47,42,0,E018
0.2,47,42,0,E023
0.2,47,42,0,E026
0.2,47,42,0,E033
0.2,47,42,0,E034
0.2,47,42,0,E035
0.2,47,42,0,E037
0.2,47,42,0,E041
0.2,47,42,0,E043
0.2,47,42,0,E057
0.2,47,42,0,E072
0.2,47,42,0,E075
0.2,47,42,0,E079
0.2,47,42,0,E083
0.2,47,42,0,E096
0.2,47,42,0,E097
0.2,47,42,0,E098
0.2,47,42,1,E036
0.2,47,42,1,E071
0.2,47,42,1,E073
0.2,47,42,1,E077
0.2,47,42,2,E081
0.2,47,43,0,E002
0.2,47,43,0,E009
0.2,47,43,0,E011
0.2,47,43,0,E013
0.2,47,43,0,E019
0.2,47,43,0,E024
0.2,47,43,0,E025
0.2,47,43,0,E027
0.2,47,43,0,E028
0.2,47,43,0,E038
0.2,47,43,0,E048
0.2,47,43,0,E052
0.2,47,43,0,E053
0.2,47,43,0,E063
0.2,47,43,0,E075
0.2,47,43,0,E078
0.2,47,43,0,E083
0.2,47,43,0,E087
0.2,47,43,0,E096
0.2,47,43,0,E098
0.2,47,43,1,E049
0.2,47,43,1,E055
0.2,47,43,1,E058
0.2,47,43,1,E067
0.2,47,43,1,E094
0.2,47,43,2,E084
0.2,47,44,0,E011
0.2,47,44,0,E015
0.2,47,44,0,E027
0.2,47,44,0,E028
0.2,47,44,0,E039
0.2,47,44,0,E040
0.2,47,44,0,E043
0.2,47,44,0,E047
0.2,47,44,0,E053
0.2,47,44,0,E058
0.2,47,44,0,E068
0.2,47,44,0,E070
0.2,47,44,0,E071
0.2,47,44,0,E081
0.2,47,44,0,E082
0.2,47,44,0,E083
0.2,47,44,0,E085
0.2,47,44,0,E088
0.2,47,44,0,E097
0.2,47,44,0,E098
0.2,47,44,1,E049
0.2,47,44,1,E073
0.2,47,44,1,E075
0.2,47,44,1,E090
0.2,47,44,1,E092
0.2,47,44,2,E074
0.2,47,45,0,E007
0.2,47,45,0,E009
0.2,47,45,0,E028
0.2,47,45,0,E032
0.2,47,45,0,E033
0.2,47,45,0,E039
0.2,47,45,0,E040
0.2,47,45,0,E048
0.2,47,45,0,E058
0.2,47,45,0,E061
0.2,47,45,0,E062
0.2,47,45,0,E064
0.2,47,45,0,E065
0.2,47,45,0,E072
0.2,47,45,0,E075
0.2,47,45,0,E085
0.2,47,45,0,E088
0.2,47,45,0,E093
0.2,47,45,0,E094
0.2,47,45,0,E098
0.2,47,45,1,E021
0.2,47,45,1,E041
0.2,47,45,1,E067
0.2,47,45,2,E089
0.2,47,46,0,E003
0.2,47,46,0,E005
0.2,47,46,0,E022
0.2,47,46,0,E024
0.2,47,46,0,E026
0.2,47,46,0,E030
0.2,47,46,0,E031
0.2,47,46,0,E036
0.2,47,46,0,E040
0.2,47,46,0,E042
0.2,47,46,0,E055
0.2,47,46,0,E066
0.2,47,46,0,E073
0.2,47,46,0,E078
0.2,47,46,0,E081
0.2,47,46,0,E082
0.2,47,46,0,E087
0.2,47,46,0,E088
0.2,47,46,0,E089
0.2,47,46,0,E096
0.2,47,46,1,E043
0.2,47,46,1,E048
0.2,47,46,1,E050
0.2,47,46,1,E094
0.2,47,46,1,E097
0.2,47,46,2,E067
0.2,47,46,2,E072
0.2,47,47,0,E020
0.2,47,47,0,E022
0.2,47,47,0,E023
0.2,47,47,0,E025
0.2,47,47,0,E033
0.2,47,47,0,E037
0.2,47,47,0,E041
0.2,47,47,0,E043
0.2,47,47,0,E047
0.2,47,47,0,E064
0.2,47,47,0,E065
0.2,47,47,0,E071
0.2,47,47,0,E075
0.2,47,47,0,E077
0.2,47,47,0,E080
0.2,47,47,0,E084
0.2,47,47,0,E093
0.2,47,47,0,E094
0.2,47,47,0,E095
0.2,47,47,0,E099
0.2,47,47,1,E045
0.2,47,47,1,E073
0.2,47,47,1,E081
0.2,47,47,2,E097
0.2,47,48,0,E004
0.2,47,48,0,E009
0.2,47,48,0,E012
0.2,47,48,0,E027
0.2,47,48,0,E032
0.2,47,48,0,E034
0.2,47,48,0,E036
0.2,47,48,0,E037
0.2,47,48,0,E042
0.2,47,48,0,E050
0.2,47,48,0,E054
0.2,47,48,0,E057
0.2,47,48,0,E059
0.2,47,48,0,E063
0.2,47,48,0,E078
0.2,47,48,0,E079
0.2,47,48,0,E080
0.2,47,48,0,E081
0.2,47,48,0,E088
0.2,47,48,0,E089
0.2,47,48,1,E041
0.2,47,48,1,E049
0.2,47,48,1,E071
0.2,47,48,1,E077
0.2,47,48,1,E094
0.2,47,49,0,E001
0.2,47,49,0,E003
0.2,47,49,0,E004
0.2,47,49,0,E020
0.2,47,49,0,E023
0.2,47,49,0,E027
0.2,47,49,0,E029
0.2,47,49,0,E030
0.2,47,49,0,E036
0.2,47,49,0,E037
0.2,47,49,0,E039
0.2,47,49,0,E041
0.2,47,49,0,E045
0.2,47,49,0,E046
0.2,47,49,0,E048
0.2,47,49,0,E058
0.2,47,49,0,E060
0.2,47,49,0,E073
0.2,47,49,0,E080
0.2,47,49,0,E088
0.2,47,49,1,E022
0.2,47,49,1,E049
0.2,47,49,1,E050
0.2,47,49,1,E067
0.2,47,49,1,E097
0.2,47,49,2,E040
0.2,47,50,0,E005
0.2,47,50,0,E006
0.2,47,50,0,E010
0.2,47,50,0,E016
0.2,47,50,0,E023
0.2,47,50,0,E030
0.2,47,50,0,E031
0.2,47,50,0,E035
0.2,47,50,0,E051
0.2,47,50,0,E053
0.2,47,50,0,E056
0.2,47,50,0,E057
0.2,47,50,0,E058
0.2,47,50,0,E067
0.2,47,50,0,E068
0.2,47,50,0,E070
0.2,47,50,0,E086
0.2,47,50,0,E092
0.2,47,50,0,E093
0.2,47,50,0,E096
0.2,47,50,1,E025
0.2,47,50,1,E026
0.2,47,50,1,E032
0.2,47,50,1,E043
0.2,47,50,1,E048
0.2,47,50,1,E050
0.2,47,50,1,E071
0.2,47,50,1,E077
0.2,47,50,1,E090
0.2,47,50,2,E041
0.2,47,50,2,E064
0.2,47,50,2,E073
0.2,47,50,2,E081
0.2,47,50,3,E097
0.2,47,51,0,E003
0.2,47,51,0,E012
0.2,47,51,0,E020
0.2,47,51,0,E024
0.2,47,51,0,E030
0.2,47,51,0,E035
0.2,47,51,0,E040
0.2,47,51,0,E057
0.2,47,51,0,E058
0.2,47,51,0,E062
0.2,47,51,0,E063
0.2,47,51,0,E065
0.2,47,51,0,E067
0.2,47,51,0,E069
0.2,47,51,0,E071
0.2,47,51,0,E075
0.2,47,51,0,E085
0.2,47,51,0,E086
0.2,47,51,0,E095
0.2,47,51,0,E096
0.2,47,51,1,E022
0.2,47,51,1,E048
0.2,47,51,1,E050
0.2,47,51,1,E077
0.2,47,51,1,E084
0.2,47,51,1,E088
0.2,47,51,2,E081
0.2,47,52,0,E004
0.2,47,52,0,E010
0.2,47,52,0,E014
0.2,47,52,0,E017
0.2,47,52,0,E028
0.2,47,52,0,E031
0.2,47,52,0,E032
0.2,47,52,0,E041
0.2,47,52,0,E043
0.2,47,52,0,E057
0.2,47,52,0,E067
0.2,47,52,0,E070
0.2,47,52,0,E082
0.2,47,52,0,E083
0.2,47,52,0,E088
0.2,47,52,0,E091
0.2,47,52,0,E093
0.2,47,52,0,E094
0.2,47,52,0,E097
0.2,47,52,0,E099
0.2,47,52,1,E036
0.2,47,52,1,E071
0.2,47,52,1,E073
0.2,47,52,1,E077
0.2,47,52,1,E090
0.2,47,52,2,E081
0.2,47,53,0,E007
0.2,47,53,0,E010
0.2,47,53,0,E012
0.2,47,53,0,E017
0.2,47,53,0,E020
0.2,47,53,0,E021
0.2,47,53,0,E022
0.2,47,53,0,E023
0.2,47,53,0,E027
0.2,47,53,0,E033
0.2,47,53,0,E035
0.2,47,53,0,E041
0.2,47,53,0,E046
0.2,47,53,0,E065
0.2,47,53,0,E066
0.2,47,53,0,E077
0.2,47,53,0,E080
0.2,47,53,0,E082
0.2,47,53,0,E095
0.2,47,53,0,E098
0.2,47,53,1,E040
0.2,47,53,1,E049
0.2,47,53,1,E059
0.2,47,53,1,E081
0.2,47,54,0,E005
0.2,47,54,0,E011
0.2,47,54,0,E012
0.2,47,54,0,E013
0.2,47,54,0,E018
0.2,47,54,0,E023
0.2,47,54,0,E025
0.2,47,54,0,E035
0.2,47,54,0,E036
0.2,47,54,0,E038
0.2,47,54,0,E041
0.2,47,54,0,E057
0.2,47,54,0,E063
0.2,47,54,0,E071
0.2,47,54,0,E075
0.2,47,54,0,E078
0.2,47,54,0,E079
0.2,47,54,0,E092
0.2,47,54,0,E096
0.2,47,54,0,E098
0.2,47,54,1,E030
0.2,47,54,1,E052
0.2,47,54,1,E077
0.2,47,54,1,E094
0.2,47,54,2,E048
0.2,47,54,2,E050
0.2,47,54,2,E081
0.2,47,54,3,E067
0.2,47,54,4,E084
0.2,47,54,4,E087
0.2,47,54,4,E095
0.2,47,55,0,E003
0.2,47,55,0,E017
0.2,47,55,0,E022
0.2,47,55,0,E024
0.2,47,55,0,E030
0.2,47,55,0,E031
0.2,47,55,0,E032
0.2,47,55,0,E034
0.2,47,55,0,E039
0.2,47,55,0,E055
0.2,47,55,0,E057
0.2,47,55,0,E058
0.2,47,55,0,E062
0.2,47,55,0,E068
0.2,47,55,0,E077
0.2,47,55,0,E086
0.2,47,55,0,E089
0.2,47,55,0,E091
0.2,47,55,0,E094
0.2,47,55,0,E095
0.2,47,55,1,E041
0.2,47,55,1,E042
0.2,47,55,1,E043
0.2,47,55,1,E048
0.2,47,55,1,E050
0.2,47,55,1,E054
0.2,47,55,1,E071
0.2,47,55,1,E081
0.2,47,55,1,E085
0.2,47,55,1,E088
0.2,47,55,1,E092
0.2,47,55,2,E064
0.2,47,55,2,E067
0.2,47,55,2,E073
0.2,47,55,3,E097
0.2,47,56,0,E001
0.2,47,56,0,E005
0.2,47,56,0,E006
0.2,47,56,0,E011
0.2,47,56,0,E022
0.2,47,56,0,E027
0.2,47,56,0,E029
0.2,47,56,0,E031
0.2,47,56,0,E034
0.2,47,56,0,E038
0.2,47,56,0,E040
0.2,47,56,0,E047
0.2,47,56,0,E051
0.2,47,56,0,E064
0.2,47,56,0,E077
0.2,47,56,0,E078
0.2,47,56,0,E080
0.2,47,56,0,E081
0.2,47,56,0,E083
0.2,47,56,0,E093
0.2,47,56,1,E025
0.2,47,56,1,E030
0.2,47,56,1,E032
0.2,47,56,1,E042
0.2,47,56,1,E043
0.2,47,56,1,E049
0.2,47,56,1,E052
0.2,47,56,1,E070
0.2,47,56,1,E075
0.2,47,56,1,E094
0.2,47,56,2,E041
0.2,47,56,2,E046
0.2,47,56,2,E048
0.2,47,56,2,E050
0.2,47,56,2,E073
0.2,47,56,2,E074
0.2,47,56,2,E090
0.2,47,56,3,E065
0.2,47,56,3,E067
0.2,47,56,3,E097
0.2,47,57,0,E004
0.2,47,57,0,E006
0.2,47,57,0,E008
0.2,47,57,0,E022
0.2,47,57,0,E030
0.2,47,57,0,E037
0.2,47,57,0,E038
0.2,47,57,0,E039
0.2,47,57,0,E051
0.2,47,57,0,E054
0.2,47,57,0,E058
0.2,47,57,0,E060
0.2,47,57,0,E064
0.2,47,57,0,E070
0.2,47,57,0,E071
0.2,47,57,0,E072
0.2,47,57,0,E076
0.2,47,57,0,E078
0.2,47,57,0,E084
0.2,47,57,0,E094
0.2,47,57,1,E025
0.2,47,57,1,E032
0.2,47,57,1,E048
0.2,47,57,1,E050
0.2,47,57,1,E052
0.2,47,57,1,E086
0.2,47,57,1,E090
0.2,47,57,1,E091
0.2,47,57,2,E041
0.2,47,57,2,E045
0.2,47,57,2,E062
0.2,47,57,2,E067
0.2,47,57,3,E066
0.2,47,57,3,E085
0.2,47,57,3,E088
0.2,47,58,0,E011
0.2,47,58,0,E015
0.2,47,58,0,E017
0.2,47,58,0,E018
0.2,47,58,0,E023
0.2,47,58,0,E028
0.2,47,58,0,E032
0.2,47,58,0,E041
0.2,47,58,0,E042
0.2,47,58,0,E048
0.2,47,58,0,E049
0.2,47,58,0,E051
0.2,47,58,0,E052
0.2,47,58,0,E055
0.2,47,58,0,E056
0.2,47,58,0,E067
0.2,47,58,0,E069
0.2,47,58,0,E071
0.2,47,58,0,E084
0.2,47,58,0,E088
0.2,47,58,1,E070
0.2,47,58,2,E090
0.2,47,59,0,E000
0.2,47,59,0,E003
0.2,47,59,0,E006
0.2,47,59,0,E008
0.2,47,59,0,E022
0.2,47,59,0,E025
0.2,47,59,0,E030
0.2,47,59,0,E031
0.2,47,59,0,E032
0.2,47,59,0,E038
0.2,47,59,0,E043
0.2,47,59,0,E045
0.2,47,59,0,E050
0.2,47,59,0,E055
0.2,47,59,0,E068
0.2,47,59,0,E069
0.2,47,59,0,E078
0.2,47,59,0,E086
0.2,47,59,0,E091
0.2,47,59,0,E094
0.2,47,59,1,E020
0.2,47,59,1,E024
0.2,47,59,1,E041
0.2,47,59,1,E048
0.2,47,59,1,E052
0.2,47,59,1,E073
0.2,47,59,1,E092
0.2,47,59,2,E067
0.2,47,59,2,E097
0.2,47,60,0,E006
0.2,47,60,0,E010
0.2,47,60,0,E013
0.2,47,60,0,E023
0.2,47,60,0,E026
0.2,47,60,0,E029
0.2,47,60,0,E033
0.2,47,60,0,E035
0.2,47,60,0,E039
0.2,47,60,0,E044
0.2,47,60,0,E047
0.2,47,60,0,E050
0.2,47,60,0,E062
0.2,47,60,0,E063
0.2,47,60,0,E067
0.2,47,60,0,E076
0.2,47,60,0,E085
0.2,47,60,0,E087
0.2,47,60,0,E094
0.2,47,60,0,E098
0.2,47,60,1,E025
0.2,47,60,1,E032
0.2,47,60,1,E060
0.2,47,60,1,E075
0.2,47,60,1,E078
0.2,47,60,1,E084
0.2,47,60,1,E088
0.2,47,60,1,E091
0.2,47,60,2,E041
0.2,47,60,2,E086
0.2,47,61,0,E011
0.2,47,61,0,E012
0.2,47,61,0,E019
0.2,47,61,0,E020
0.2,47,61,0,E022
0.2,47,61,0,E025
0.2,47,61,0,E028
0.2,47,61,0,E033
0.2,47,61,0,E035
0.2,47,61,0,E036
0.2,47,61,0,E040
0.2,47,61,0,E050
0.2,47,61,0,E061
0.2,47,61,0,E067
0.2,47,61,0,E075
0.2,47,61,0,E086
0.2,47,61,0,E088
0.2,47,61,0,E091
0.2,47,61,0,E096
0.2,47,61,0,E097
0.2,47,61,1,E051
0.2,47,61,2,E070
0.2,47,61,3,E090
0.2,47,62,0,E001
0.2,47,62,0,E004
0.2,47,62,0,E013
0.2,47,62,0,E018
0.2,47,62,0,E025
0.2,47,62,0,E026
0.2,47,62,0,E028
0.2,47,62,0,E032
0.2,47,62,0,E037
0.2,47,62,0,E038
0.2,47,62,0,E042
0.2,47,62,0,E046
0.2,47,62,0,E049
0.2,47,62,0,E059
0.2,47,62,0,E063
0.2,47,62,0,E066
0.2,47,62,0,E071
0.2,47,62,0,E087
0.2,47,62,0,E091
0.2,47,62,0,E099
0.2,47,62,1,E041
0.2,47,62,1,E044
0.2,47,62,1,E047
0.2,47,62,1,E052
0.2,47,62,1,E096
0.2,47,62,2,E060
0.2,47,62,2,E074
0.2,47,62,2,E075
0.2,47,62,2,E078
0.2,47,62,3,E086
0.2,47,62,3,E094
0.2,47,63,0,E004
0.2,47,63,0,E011
0.2,47,63,0,E012
0.2,47,63,0,E017
0.2,47,63,0,E025
0.2,47,63,0,E029
0.2,47,63,0,E031
0.2,47,63,0,E033
0.2,47,63,0,E042
0.2,47,63,0,E053
0.2,47,63,0,E063
0.2,47,63,0,E068
0.2,47,63,0,E070
0.2,47,63,0,E074
0.2,47,63,0,E080
0.2,47,63,0,E086
0.2,47,63,0,E088
0.2,47,63,0,E089
0.2,47,63,0,E092
0.2,47,63,0,E098
0.2,47,63,1,E043
0.2,47,63,1,E090
0.2,47,63,2,E073
0.2,47,63,3,E097
0.2,47,64,0,E003
0.2,47,64,0,E004
0.2,47,64,0,E021
0.2,47,64,0,E023
0.2,47,64,0,E025
0.2,47,64,0,E028
0.2,47,64,0,E029
0.2,47,64,0,E031
0.2,47,64,0,E040
0.2,47,64,0,E046
0.2,47,64,0,E047
0.2,47,64,0,E054
0.2,47,64,0,E059
0.2,47,64,0,E062
0.2,47,64,0,E072
0.2,47,64,0,E076
0.2,47,64,0,E078
0.2,47,64,0,E087
0.2,47,64,0,E094
0.2,47,64,0,E098
0.2,47,64,1,E022
0.2,47,64,1,E043
0.2,47,64,1,E075
0.2,47,64,1,E085
0.2,47,64,1,E088
0.2,47,64,1,E091
0.2,47,64,2,E051
0.2,47,64,2,E073
0.2,47,64,3,E070
0.2,47,64,3,E080
0.2,47,64,3,E097
0.2,47,64,4,E090
0.2,47,65,0,E000
0.2,47,65,0,E001
0.2,47,65,0,E002
0.2,47,65,0,E008
0.2,47,65,0,E024
0.2,47,65,0,E029
0.2,47,65,0,E030
0.2,47,65,0,E037
0.2,47,65,0,E050
0.2,47,65,0,E052
0.2,47,65,0,E054
0.2,47,65,0,E059
0.2,47,65,0,E062
0.2,47,65,0,E063
0.2,47,65,0,E065
0.2,47,65,0,E066
0.2,47,65,0,E070
0.2,47,65,0,E079
0.2,47,65,0,E092
0.2,47,65,0,E098
0.2,47,65,1,E048
0.2,47,65,1,E085
0.2,47,65,1,E088
0.2,47,65,1,E090
0.2,47,65,1,E096
0.2,47,65,2,E067
0.2,47,65,3,E084
0.2,47,66,0,E006
0.2,47,66,0,E027
0.2,47,66,0,E028
0.2,47,66,0,E039
0.2,47,66,0,E040
0.2,47,66,0,E048
0.2,47,66,0,E061
0.2,47,66,0,E062
0.2,47,66,0,E064
0.2,47,66,0,E066
0.2,47,66,0,E078
0.2,47,66,0,E079
0.2,47,66,0,E080
0.2,47,66,0,E085
0.2,47,66,0,E086
0.2,47,66,0,E088
0.2,47,66,0,E089
0.2,47,66,0,E090
0.2,47,66,0,E095
0.2,47,66,0,E097
0.2,47,66,1,E025
0.2,47,66,1,E032
0.2,47,66,1,E049
0.2,47,66,1,E067
0.2,47,66,1,E094
0.2,47,66,2,E041
0.2,47,66,2,E087
0.2,47,67,0,E001
0.2,47,67,0,E013
0.2,47,67,0,E017
0.2,47,67,0,E033
0.2,47,67,0,E043
0.2,47,67,0,E045
0.2,47,67,0,E046
0.2,47,67,0,E049
0.2,47,67,0,E051
0.2,47,67,0,E053
0.2,47,67,0,E056
0.2,47,67,0,E063
0.2,47,67,0,E065
0.2,47,67,0,E067
0.2,47,67,0,E069
0.2,47,67,0,E075
0.2,47,67,0,E078
0.2,47,67,0,E089
0.2,47,67,0,E095
0.2,47,67,0,E097
0.2,47,67,1,E068
0.2,47,67,1,E070
0.2,47,67,1,E073
0.2,47,67,1,E084
0.2,47,67,1,E094
0.2,47,67,2,E090
0.2,47,67,2,E092
0.2,47,68,0,E006
0.2,47,68,0,E013
0.2,47,68,0,E017
0.2,47,68,0,E018
0.2,47,68,0,E019
0.2,47,68,0,E022
0.2,47,68,0,E027
0.2,47,68,0,E029
0.2,47,68,0,E030
0.2,47,68,0,E033
0.2,47,68,0,E046
0.2,47,68,0,E047
0.2,47,68,0,E049
0.2,47,68,0,E070
0.2,47,68,0,E072
0.2,47,68,0,E073
0.2,47,68,0,E074
0.2,47,68,0,E078
0.2,47,68,0,E088
0.2,47,68,0,E093
0.2,47,68,1,E025
0.2,47,68,1,E032
0.2,47,68,1,E040
0.2,47,68,1,E048
0.2,47,68,1,E050
0.2,47,68,1,E075
0.2,47,68,1,E090
0.2,47,68,1,E094
0.2,47,68,1,E097
0.2,47,68,2,E041
0.2,47,68,2,E067
0.2,47,69,0,E008
0.2,47,69,0,E012
0.2,47,69,0,E019
0.2,47,69,0,E030
0.2,47,69,0,E032
0.2,47,69,0,E033
0.2,47,69,0,E034
0.2,47,69,0,E041
0.2,47,69,0,E044
0.2,47,69,0,E058
0.2,47,69,0,E066
0.2,47,69,0,E068
0.2,47,69,0,E079
0.2,47,69,0,E085
0.2,47,69,0,E088
0.2,47,69,0,E090
0.2,47,69,0,E093
0.2,47,69,0,E094
0.2,47,69,0,E097
0.2,47,69,0,E098
0.2,47,69,1,E035
0.2,47,69,1,E048
0.2,47,69,1,E050
0.2,47,69,1,E060
0.2,47,69,1,E078
0.2,47,69,1,E092
0.2,47,69,2,E067
0.2,47,69,2,E086
0.2,47,69,3,E087
0.2,47,70,0,E001
0.2,47,70,0,E002
0.2,47,70,0,E006
0.2,47,70,0,E012
0.2,47,70,0,E017
0.2,47,70,0,E019
0.2,47,70,0,E026
0.2,47,70,0,E034
0.2,47,70,0,E035
0.2,47,70,0,E046
0.2,47,70,0,E049
0.2,47,70,0,E059
0.2,47,70,0,E063
0.2,47,70,0,E067
0.2,47,70,0,E068
0.2,47,70,0,E070
0.2,47,70,0,E078
0.2,47,70,0,E080
0.2,47,70,0,E084
0.2,47,70,0,E085
0.2,47,70,1,E025
0.2,47,70,1,E032
0.2,47,70,1,E090
0.2,47,70,1,E092
0.2,47,70,1,E094
0.2,47,70,2,E041
0.2,47,71,0,E007
0.2,47,71,0,E020
0.2,47,71,0,E023
0.2,47,71,0,E029
0.2,47,71,0,E030
0.2,47,71,0,E047
0.2,47,71,0,E054
0.2,47,71,0,E061
0.2,47,71,0,E063
0.2,47,71,0,E065
0.2,47,71,0,E067
0.2,47,71,0,E070
0.2,47,71,0,E071
0.2,47,71,0,E073
0.2,47,71,0,E080
0.2,47,71,0,E086
0.2,47,71,0,E088
0.2,47,71,0,E089
0.2,47,71,0,E095
0.2,47,71,0,E099
0.2,47,71,1,E021
0.2,47,71,1,E048
0.2,47,71,1,E050
0.2,47,71,1,E075
0.2,47,71,1,E084
0.2,47,71,1,E090
0.2,47,71,1,E097
0.2,47,72,0,E000
0.2,47,72,0,E017
0.2,47,72,0,E020
0.2,47,72,0,E021
0.2,47,72,0,E025
0.2,47,72,0,E028
0.2,47,72,0,E037
0.2,47,72,0,E041
0.2,47,72,0,E042
0.2,47,72,0,E049
0.2,47,72,0,E057
0.2,47,72,0,E058
0.2,47,72,0,E065
0.2,47,72,0,E066
0.2,47,72,0,E070
0.2,47,72,0,E073
0.2,47,72,0,E075
0.2,47,72,0,E081
0.2,47,72,0,E082
0.2,47,72,0,E094
0.2,47,72,1,E024
0.2,47,72,1,E047
0.2,47,72,1,E071
0.2,47,72,1,E077
0.2,47,72,1,E090
0.2,47,72,1,E097
0.2,47,72,2,E074
0.2,47,72,2,E093
0.2,47,73,0,E002
0.2,47,73,0,E004
0.2,47,73,0,E006
0.2,47,73,0,E007
0.2,47,73,0,E013
0.2,47,73,0,E021
0.2,47,73,0,E024
0.2,47,73,0,E026
0.2,47,73,0,E051
0.2,47,73,0,E054
0.2,47,73,0,E055
0.2,47,73,0,E060
0.2,47,73,0,E061
0.2,47,73,0,E070
0.2,47,73,0,E071
0.2,47,73,0,E074
0.2,47,73,0,E077
0.2,47,73,0,E083
0.2,47,73,0,E087
0.2,47,73,0,E088
0.2,47,73,1,E025
0.2,47,73,1,E032
0.2,47,73,1,E081
0.2,47,73,1,E090
0.2,47,73,2,E041
0.2,47,74,0,E001
0.2,47,74,0,E002
0.2,47,74,0,E004
0.2,47,74,0,E012
0.2,47,74,0,E014
0.2,47,74,0,E015
0.2,47,74,0,E033
0.2,47,74,0,E035
0.2,47,74,0,E042
0.2,47,74,0,E045
0.2,47,74,0,E057
0.2,47,74,0,E058
0.2,47,74,0,E061
0.2,47,74,0,E068
0.2,47,74,0,E070
0.2,47,74,0,E073
0.2,47,74,0,E084
0.2,47,74,0,E094
0.2,47,74,0,E096
0.2,47,74,0,E098
0.2,47,74,1,E036
0.2,47,74,1,E071
0.2,47,74,1,E077
0.2,47,74,1,E090
0.2,47,74,1,E092
0.2,47,74,1,E097
0.2,47,74,2,E081
0.2,47,75,0,E004
0.2,47,75,0,E006
0.2,47,75,0,E010
0.2,47,75,0,E015
0.2,47,75,0,E018
0.2,47,75,0,E023
0.2,47,75,0,E025
0.2,47,75,0,E026
0.2,47,75,0,E029
0.2,47,75,0,E033
0.2,47,75,0,E047
0.2,47,75,0,E054
0.2,47,75,0,E059
0.2,47,75,0,E062
0.2,47,75,0,E074
0.2,47,75,0,E082
0.2,47,75,0,E088
0.2,47,75,0,E089
0.2,47,75,0,E092
0.2,47,75,0,E097
0.2,47,75,1,E032
0.2,47,75,1,E075
0.2,47,75,1,E085
0.2,47,75,2,E041
0.2,47,76,0,E004
0.2,47,76,0,E012
0.2,47,76,0,E013
0.2,47,76,0,E019
0.2,47,76,0,E024
0.2,47,76,0,E026
0.2,47,76,0,E037
0.2,47,76,0,E062
0.2,47,76,0,E063
0.2,47,76,0,E064
0.2,47,76,0,E065
0.2,47,76,0,E069
0.2,47,76,0,E077
0.2,47,76,0,E081
0.2,47,76,0,E087
0.2,47,76,0,E094
0.2,47,76,0,E095
0.2,47,76,0,E096
0.2,47,76,0,E097
0.2,47,76,0,E098
0.2,47,76,1,E085
0.2,47,76,1,E088
0.2,47,77,0,E002
0.2,47,77,0,E013
0.2,47,77,0,E016
0.2,47,77,0,E018
0.2,47,77,0,E023
0.2,47,77,0,E033
0.2,47,77,0,E035
0.2,47,77,0,E040
0.2,47,77,0,E042
0.2,47,77,0,E047
0.2,47,77,0,E048
0.2,47,77,0,E052
0.2,47,77,0,E054
0.2,47,77,0,E068
0.2,47,77,0,E073
0.2,47,77,0,E077
0.2,47,77,0,E085
0.2,47,77,0,E086
0.2,47,77,0,E095
0.2,47,77,0,E099
0.2,47,77,1,E026
0.2,47,77,1,E062
0.2,47,77,1,E067
0.2,47,77,1,E075
0.2,47,77,1,E081
0.2,47,77,1,E092
0.2,47,77,1,E097
0.2,47,77,2,E088
0.2,47,78,0,E002
0.2,47,78,0,E003
0.2,47,78,0,E008
0.2,47,78,0,E009
0.2,47,78,0,E012
0.2,47,78,0,E013
0.2,47,78,0,E015
0.2,47,78,0,E016
0.2,47,78,0,E021
0.2,47,78,0,E022
0.2,47,78,0,E023
0.2,47,78,0,E027
0.2,47,78,0,E042
0.2,47,78,0,E049
0.2,47,78,0,E061
0.2,47,78,0,E071
0.2,47,78,0,E085
0.2,47,78,0,E087
0.2,47,78,0,E093
0.2,47,78,0,E095
0.2,47,78,1,E026
0.2,47,78,1,E033
0.2,47,78,1,E037
0.2,47,78,1,E040
0.2,47,79,0,E003
0.2,47,79,0,E006
0.2,47,79,0,E008
0.2,47,79,0,E009
0.2,47,79,0,E016
0.2,47,79,0,E017
0.2,47,79,0,E020
0.2,47,79,0,E028
0.2,47,79,0,E031
0.2,47,79,0,E035
0.2,47,79,0,E049
0.2,47,79,0,E053
0.2,47,79,0,E054
0.2,47,79,0,E064
0.2,47,79,0,E065
0.2,47,79,0,E070
0.2,47,79,0,E076
0.2,47,79,0,E080
0.2,47,79,0,E086
0.2,47,79,0,E089
0.2,47,79,1,E022
0.2,47,79,1,E025
0.2,47,79,1,E026
0.2,47,79,1,E032
0.2,47,79,1,E043
0.2,47,79,1,E090
0.2,47,79,1,E091
0.2,47,79,2,E041
0.2,47,79,2,E044
0.2,47,79,2,E051
0.2,47,79,2,E073
0.2,47,79,3,E060
0.2,47,79,3,E078
0.2,47,79,3,E097
0.2,47,79,4,E094
0.2,47,80,0,E005
0.2,47,80,0,E006
0.2,47,80,0,E007
0.2,47,80,0,E022
0.2,47,80,0,E024
0.2,47,80,0,E031
0.2,47,80,0,E032
0.2,47,80,0,E034
0.2,47,80,0,E039
0.2,47,80,0,E043
0.2,47,80,0,E045
0.2,47,80,0,E047
0.2,47,80,0,E055
0.2,47,80,0,E067
0.2,47,80,0,E076
0.2,47,80,0,E081
0.2,47,80,0,E083
0.2,47,80,0,E091
0.2,47,80,0,E095
0.2,47,80,0,E099
0.2,47,80,1,E021
0.2,47,80,1,E025
0.2,47,80,1,E030
0.2,47,80,1,E041
0.2,47,80,1,E042
0.2,47,80,1,E054
0.2,47,80,1,E073
0.2,47,80,1,E075
0.2,47,80,2,E048
0.2,47,80,2,E050
0.2,47,80,2,E066
0.2,47,80,2,E080
0.2,47,80,2,E097
0.2,47,81,0,E000
0.2,47,81,0,E003
0.2,47,81,0,E006
0.2,47,81,0,E011
0.2,47,81,0,E020
0.2,47,81,0,E023
0.2,47,81,0,E024
0.2,47,81,0,E029
0.2,47,81,0,E033
0.2,47,81,0,E043
0.2,47,81,0,E052
0.2,47,81,0,E053
0.2,47,81,0,E059
0.2,47,81,0,E061
0.2,47,81,0,E066
0.2,47,81,0,E068
0.2,47,81,0,E079
0.2,47,81,0,E080
0.2,47,81,0,E083
0.2,47,81,0,E096
0.2,47,81,1,E022
0.2,47,81,1,E025
0.2,47,81,1,E032
0.2,47,81,1,E034
0.2,47,81,1,E073
0.2,47,81,1,E092
0.2,47,81,2,E041
0.2,47,81,2,E054
0.2,47,81,2,E097
0.2,47,81,2,E098
0.2,47,81,3,E062
0.2,47,81,4,E085
0.2,47,81,4,E088
0.2,47,82,0,E009
0.2,47,82,0,E015
0.2,47,82,0,E019
0.2,47,82,0,E022
0.2,47,82,0,E025
0.2,47,82,0,E026
0.2,47,82,0,E031
0.2,47,82,0,E032
0.2,47,82,0,E033
0.2,47,82,0,E035
0.2,47,82,0,E043
0.2,47,82,0,E048
0.2,47,82,0,E057
0.2,47,82,0,E058
0.2,47,82,0,E061
0.2,47,82,0,E074
0.2,47,82,0,E076
0.2,47,82,0,E079
0.2,47,82,0,E086
0.2,47,82,0,E088
0.2,47,82,1,E041
0.2,47,82,1,E064
0.2,47,82,1,E067
0.2,47,82,1,E071
0.2,47,82,1,E073
0.2,47,82,1,E077
0.2,47,82,1,E091
0.2,47,82,2,E080
0.2,47,82,2,E081
0.2,47,82,2,E083
0.2,47,82,2,E097
0.2,47,82,2,E098
0.2,47,83,0,E001
0.2,47,83,0,E004
0.2,47,83,0,E005
0.2,47,83,0,E008
0.2,47,83,0,E012
0.2,47,83,0,E014
0.2,47,83,0,E017
0.2,47,83,0,E025
0.2,47,83,0,E030
0.2,47,83,0,E035
0.2,47,83,0,E041
0.2,47,83,0,E049
0.2,47,83,0,E052
0.2,47,83,0,E056
0.2,47,83,0,E061
0.2,47,83,0,E073
0.2,47,83,0,E075
0.2,47,83,0,E079
0.2,47,83,0,E089
0.2,47,83,0,E096
0.2,47,83,1,E036
0.2,47,83,1,E048
0.2,47,83,1,E050
0.2,47,83,1,E097
0.2,47,83,1,E098
0.2,47,83,2,E067
0.2,47,83,3,E095
0.2,47,84,0,E005
0.2,47,84,0,E011
0.2,47,84,0,E020
0.2,47,84,0,E032
0.2,47,84,0,E033
0.2,47,84,0,E036
0.2,47,84,0,E037
0.2,47,84,0,E042
0.2,47,84,0,E043
0.2,47,84,0,E046
0.2,47,84,0,E047
0.2,47,84,0,E049
0.2,47,84,0,E059
0.2,47,84,0,E061
0.2,47,84,0,E064
0.2,47,84,0,E068
0.2,47,84,0,E072
0.2,47,84,0,E077
0.2,47,84,0,E085
0.2,47,84,0,E095
0.2,47,84,1,E030
0.2,47,84,1,E041
0.2,47,84,1,E073
0.2,47,84,1,E074
0.2,47,84,1,E075
0.2,47,84,1,E081
0.2,47,84,1,E092
0.2,47,84,2,E048
0.2,47,84,2,E050
0.2,47,84,2,E097
0.2,47,84,3,E065
0.2,47,84,3,E067
0.2,47,85,0,E004
0.2,47,85,0,E005
0.2,47,85,0,E007
0.2,47,85,0,E015
0.2,47,85,0,E020
0.2,47,85,0,E027
0.2,47,85,0,E030
0.2,47,85,0,E031
0.2,47,85,0,E033
0.2,47,85,0,E039
0.2,47,85,0,E053
0.2,47,85,0,E054
0.2,47,85,0,E057
0.2,47,85,0,E063
0.2,47,85,0,E074
0.2,47,85,0,E082
0.2,47,85,0,E086
0.2,47,85,0,E088
0.2,47,85,0,E092
0.2,47,85,0,E097
0.2,47,85,1,E021
0.2,47,85,1,E043
0.2,47,85,1,E048
0.2,47,85,1,E049
0.2,47,85,1,E050
0.2,47,85,1,E071
0.2,47,85,1,E077
0.2,47,85,2,E064
0.2,47,85,2,E065
0.2,47,85,2,E067
0.2,47,85,2,E073
0.2,47,85,2,E081
0.2,47,85,3,E084
0.2,47,86,0,E004
0.2,47,86,0,E014
0.2,47,86,0,E015
0.2,47,86,0,E017
0.2,47,86,0,E022
0.2,47,86,0,E023
0.2,47,86,0,E027
0.2,47,86,0,E029
0.2,47,86,0,E034
0.2,47,86,0,E035
0.2,47,86,0,E041
0.2,47,86,0,E053
0.2,47,86,0,E065
0.2,47,86,0,E067
0.2,47,86,0,E074
0.2,47,86,0,E077
0.2,47,86,0,E078
0.2,47,86,0,E089
0.2,47,86,0,E092
0.2,47,86,0,E096
0.2,47,86,1,E036
0.2,47,86,1,E040
0.2,47,86,1,E049
0.2,47,86,1,E081
0.2,47,86,1,E094
0.2,47,87,0,E000
0.2,47,87,0,E001
0.2,47,87,0,E014
0.2,47,87,0,E022
0.2,47,87,0,E034
0.2,47,87,0,E038
0.2,47,87,0,E039
0.2,47,87,0,E041
0.2,47,87,0,E050
0.2,47,87,0,E052
0.2,47,87,0,E064
0.2,47,87,0,E065
0.2,47,87,0,E068
0.2,47,87,0,E073
0.2,47,87,0,E074
0.2,47,87,0,E075
0.2,47,87,0,E080
0.2,47,87,0,E085
0.2,47,87,0,E088
0.2,47,87,0,E092
0.2,47,87,1,E024
0.2,47,87,1,E036
0.2,47,87,1,E097
0.2,47,87,2,E054
0.2,47,87,3,E062
0.2,47,88,0,E003
0.2,47,88,0,E017
0.2,47,88,0,E018
0.2,47,88,0,E027
0.2,47,88,0,E031
0.2,47,88,0,E036
0.2,47,88,0,E042
0.2,47,88,0,E043
0.2,47,88,0,E045
0.2,47,88,0,E047
0.2,47,88,0,E050
0.2,47,88,0,E051
0.2,47,88,0,E059
0.2,47,88,0,E065
0.2,47,88,0,E069
0.2,47,88,0,E087
0.2,47,88,0,E088
0.2,47,88,0,E089
0.2,47,88,0,E094
0.2,47,88,0,E097
0.2,47,88,1,E022
0.2,47,88,1,E049
0.2,47,88,1,E070
0.2,47,88,1,E073
0.2,47,88,1,E075
0.2,47,88,2,E040
0.2,47,88,2,E074
0.2,47,88,2,E090
0.2,47,89,0,E008
0.2,47,89,0,E009
0.2,47,89,0,E011
0.2,47,89,0,E019
0.2,47,89,0,E021
0.2,47,89,0,E023
0.2,47,89,0,E024
0.2,47,89,0,E025
0.2,47,89,0,E027
0.2,47,89,0,E046
0.2,47,89,0,E049
0.2,47,89,0,E053
0.2,47,89,0,E057
0.2,47,89,0,E063
0.2,47,89,0,E064
0.2,47,89,0,E071
0.2,47,89,0,E080
0.2,47,89,0,E085
0.2,47,89,0,E086
0.2,47,89,0,E089
0.2,47,89,1,E035
0.2,47,89,1,E055
0.2,47,89,1,E058
0.2,47,89,1,E077
0.2,47,89,2,E081
0.2,47,90,0,E001
0.2,47,90,0,E002
0.2,47,90,0,E007
0.2,47,90,0,E013
0.2,47,90,0,E017
0.2,47,90,0,E024
0.2,47,90,0,E025
0.2,47,90,0,E029
0.2,47,90,0,E031
0.2,47,90,0,E032
0.2,47,90,0,E041
0.2,47,90,0,E047
0.2,47,90,0,E048
0.2,47,90,0,E049
0.2,47,90,0,E050
0.2,47,90,0,E059
0.2,47,90,0,E071
0.2,47,90,0,E075
0.2,47,90,0,E085
0.2,47,90,0,E093
0.2,47,90,1,E021
0.2,47,90,1,E023
0.2,47,90,1,E028
0.2,47,90,1,E039
0.2,47,90,1,E043
0.2,47,90,1,E067
0.2,47,90,1,E074
0.2,47,90,2,E065
0.2,47,90,2,E073
0.2,47,90,3,E097
0.2,47,91,0,E004
0.2,47,91,0,E006
0.2,47,91,0,E016
0.2,47,91,0,E018
0.2,47,91,0,E019
0.2,47,91,0,E021
0.2,47,91,0,E023
0.2,47,91,0,E024
0.2,47,91,0,E044
0.2,47,91,0,E045
0.2,47,91,0,E050
0.2,47,91,0,E053
0.2,47,91,0,E061
0.2,47,91,0,E068
0.2,47,91,0,E076
0.2,47,91,0,E081
0.2,47,91,0,E082
0.2,47,91,0,E088
0.2,47,91,0,E092
0.2,47,91,0,E099
0.2,47,91,1,E025
0.2,47,91,1,E026
0.2,47,91,1,E032
0.2,47,91,1,E060
0.2,47,91,1,E078
0.2,47,91,1,E091
0.2,47,91,2,E041
0.2,47,91,2,E086
0.2,47,91,2,E094
0.2,47,92,0,E001
0.2,47,92,0,E002
0.2,47,92,0,E003
0.2,47,92,0,E006
0.2,47,92,0,E017
0.2,47,92,0,E018
0.2,47,92,0,E022
0.2,47,92,0,E026
0.2,47,92,0,E032
0.2,47,92,0,E038
0.2,47,92,0,E043
0.2,47,92,0,E045
0.2,47,92,0,E053
0.2,47,92,0,E056
0.2,47,92,0,E057
0.2,47,92,0,E064
0.2,47,92,0,E089
0.2,47,92,0,E092
0.2,47,92,0,E093
0.2,47,92,0,E095
0.2,47,92,1,E025
0.2,47,92,1,E033
0.2,47,92,1,E041
0.2,47,92,1,E052
0.2,47,92,1,E068
0.2,47,92,1,E071
0.2,47,92,1,E073
0.2,47,92,1,E077
0.2,47,92,2,E081
0.2,47,92,2,E097
0.2,47,93,0,E001
0.2,47,93,0,E003
0.2,47,93,0,E016
0.2,47,93,0,E020
0.2,47,93,0,E021
0.2,47,93,0,E023
0.2,47,93,0,E026
0.2,47,93,0,E035
0.2,47,93,0,E038
0.2,47,93,0,E047
0.2,47,93,0,E053
0.2,47,93,0,E054
0.2,47,93,0,E058
0.2,47,93,0,E062
0.2,47,93,0,E066
0.2,47,93,0,E067
0.2,47,93,0,E074
0.2,47,93,0,E084
0.2,47,93,0,E092
0.2,47,93,0,E098
0.2,47,93,1,E022
0.2,47,93,1,E052
0.2,47,93,1,E075
0.2,47,93,1,E085
0.2,47,93,1,E088
0.2,47,93,2,E059
0.2,47,94,0,E003
0.2,47,94,0,E012
0.2,47,94,0,E023
0.2,47,94,0,E026
0.2,47,94,0,E028
0.2,47,94,0,E035
0.2,47,94,0,E039
0.2,47,94,0,E041
0.2,47,94,0,E047
0.2,47,94,0,E053
0.2,47,94,0,E056
0.2,47,94,0,E058
0.2,47,94,0,E070
0.2,47,94,0,E074
0.2,47,94,0,E078
0.2,47,94,0,E083
0.2,47,94,0,E084
0.2,47,94,0,E092
0.2,47,94,0,E097
0.2,47,94,0,E098
0.2,47,94,1,E022
0.2,47,94,1,E044
0.2,47,94,1,E075
0.2,47,94,1,E090
0.2,47,94,1,E094
0.2,47,94,2,E051
0.2,47,94,2,E060
0.2,47,94,3,E086
0.2,47,95,0,E001
0.2,47,95,0,E004
0.2,47,95,0,E006
0.2,47,95,0,E007
0.2,47,95,0,E012
0.2,47,95,0,E013
0.2,47,95,0,E025
0.2,47,95,0,E027
0.2,47,95,0,E028
0.2,47,95,0,E032
0.2,47,95,0,E043
0.2,47,95,0,E044
0.2,47,95,0,E046
0.2,47,95,0,E047
0.2,47,95,0,E050
0.2,47,95,0,E056
0.2,47,95,0,E072
0.2,47,95,0,E080
0.2,47,95,0,E081
0.2,47,95,0,E084
0.2,47,95,1,E021
0.2,47,95,1,E041
0.2,47,95,1,E049
0.2,47,95,1,E060
0.2,47,95,1,E073
0.2,47,95,1,E075
0.2,47,95,1,E078
0.2,47,95,2,E065
0.2,47,95,2,E069
0.2,47,95,2,E074
0.2,47,95,2,E086
0.2,47,95,2,E094
0.2,47,95,2,E097
0.2,47,96,0,E007
0.2,47,96,0,E014
0.2,47,96,0,E016
0.2,47,96,0,E021
0.2,47,96,0,E023
0.2,47,96,0,E030
0.2,47,96,0,E041
0.2,47,96,0,E043
0.2,47,96,0,E046
0.2,47,96,0,E049
0.2,47,96,0,E053
0.2,47,96,0,E057
0.2,47,96,0,E059
0.2,47,96,0,E062
0.2,47,96,0,E063
0.2,47,96,0,E065
0.2,47,96,0,E075
0.2,47,96,0,E078
0.2,47,96,0,E079
0.2,47,96,0,E085
0.2,47,96,1,E026
0.2,47,96,1,E036
0.2,47,96,1,E048
0.2,47,96,1,E050
0.2,47,96,1,E071
0.2,47,96,1,E073
0.2,47,96,1,E077
0.2,47,96,1,E088
0.2,47,96,1,E094
0.2,47,96,2,E064
0.2,47,96,2,E067
0.2,47,96,2,E081
0.2,47,96,2,E097
0.2,47,96,2,E098
0.2,47,96,3,E084
0.2,47,96,3,E087
0.2,47,96,3,E095
0.2,47,97,0,E004
0.2,47,97,0,E021
0.2,47,97,0,E029
0.2,47,97,0,E041
0.2,47,97,0,E047
0.2,47,97,0,E052
0.2,47,97,0,E053
0.2,47,97,0,E055
0.2,47,97,0,E059
0.2,47,97,0,E063
0.2,47,97,0,E064
0.2,47,97,0,E066
0.2,47,97,0,E068
0.2,47,97,0,E069
0.2,47,97,0,E070
0.2,47,97,0,E075
0.2,47,97,0,E083
0.2,47,97,0,E095
0.2,47,97,0,E097
0.2,47,97,0,E099
0.2,47,97,1,E090
0.2,47,97,1,E092
0.2,47,97,1,E096
0.2,47,98,0,E003
0.2,47,98,0,E005
0.2,47,98,0,E011
0.2,47,98,0,E024
0.2,47,98,0,E026
0.2,47,98,0,E027
0.2,47,98,0,E031
0.2,47,98,0,E038
0.2,47,98,0,E041
0.2,47,98,0,E042
0.2,47,98,0,E044
0.2,47,98,0,E048
0.2,47,98,0,E060
0.2,47,98,0,E063
0.2,47,98,0,E066
0.2,47,98,0,E074
0.2,47,98,0,E075
0.2,47,98,0,E079
0.2,47,98,0,E084
0.2,47,98,0,E093
0.2,47,98,1,E022
0.2,47,98,1,E030
0.2,47,98,1,E034
0.2,47,98,1,E043
0.2,47,98,1,E049
0.2,47,98,1,E052
0.2,47,98,1,E055
0.2,47,98,1,E058
0.2,47,98,1,E067
0.2,47,98,1,E078
0.2,47,98,1,E096
0.2,47,98,2,E040
0.2,47,98,2,E050
0.2,47,98,2,E054
0.2,47,98,2,E073
0.2,47,98,2,E086
0.2,47,98,2,E087
0.2,47,98,2,E094
0.2,47,98,2,E095
0.2,47,98,3,E062
0.2,47,98,3,E065
0.2,47,98,3,E072
0.2,47,98,3,E097
0.2,47,98,3,E098
0.2,47,98,4,E085
0.2,47,98,4,E088
0.2,47,99,0,E002
0.2,47,99,0,E004
0.2,47,99,0,E005
0.2,47,99,0,E023
0.2,47,99,0,E028
0.2,47,99,0,E041
0.2,47,99,0,E042
0.2,47,99,0,E044
0.2,47,99,0,E050
0.2,47,99,0,E058
0.2,47,99,0,E065
0.2,47,99,0,E069
0.2,47,99,0,E071
0.2,47,99,0,E073
0.2,47,99,0,E074
0.2,47,99,0,E076
0.2,47,99,0,E079
0.2,47,99,0,E081
0.2,47,99,0,E090
0.2,47,99,0,E096
0.2,47,99,1,E030
0.2,47,99,1,E060
0.2,47,99,1,E078
0.2,47,99,1,E080
0.2,47,99,1,E083
0.2,47,99,1,E091
0.2,47,99,1,E097
0.2,47,99,1,E098
0.2,47,99,2,E048
0.2,47,99,2,E086
0.2,47,99,2,E094
0.2,47,99,3,E067
0.2,47,99,4,E087
0.2,47,100,0,E003
0.2,47,100,0,E008
0.2,47,100,0,E012
0.2,47,100,0,E026
0.2,47,100,0,E032
0.2,47,100,0,E033
0.2,47,100,0,E034
0.2,47,100,0,E045
0.2,47,100,0,E046
0.2,47,100,0,E048
0.2,47,100,0,E053
0.2,47,100,0,E065
0.2,47,100,0,E066
0.2,47,100,0,E073
0.2,47,100,0,E075
0.2,47,100,0,E085
0.2,47,100,0,E087
0.2,47,100,0,E092
0.2,47,100,0,E098
0.2,47,100,0,E099
0.2,47,100,1,E022
0.2,47,100,1,E041
0.2,47,100,1,E067
0.2,47,100,1,E097
