repetition,round,firm
1,0,E052
2,0,E066
3,0,E069
4,0,E089
5,0,E014
5,1,E036
6,0,E022
7,0,E048
7,1,E067
8,0,E028
9,0,E037
10,0,E003
10,1,E022
11,0,E028
12,0,E014
12,1,E036
13,0,E072
14,0,E001
15,0,E012
16,0,E020
17,0,E099
18,0,E065
19,0,E088
20,0,E038
20,1,E052
21,0,E088
22,0,E081
23,0,E048
23,1,E067
24,0,E075
25,0,E051
25,1,E070
25,2,E090
26,0,E098
27,0,E088
28,0,E085
29,0,E041
30,0,E045
31,0,E009
32,0,E043
32,1,E073
32,2,E097
33,0,E036
34,0,E079
35,0,E020
36,0,E014
36,1,E036
37,0,E065
38,0,E008
39,0,E075
40,0,E012
41,0,E034
42,0,E040
43,0,E013
44,0,E080
45,0,E037
46,0,E004
47,0,E044
47,1,E060
47,1,E078
47,2,E086
47,2,E094
48,0,E049
49,0,E012
50,0,E061
51,0,E060
52,0,E024
53,0,E024
54,0,E016
54,1,E026
55,0,E033
56,0,E095
57,0,E031
57,1,E043
57,2,E073
57,3,E097
58,0,E099
59,0,E006
59,1,E025
59,1,E032
59,2,E041
60,0,E005
60,1,E030
60,2,E048
60,2,E050
60,3,E067
61,0,E086
62,0,E087
63,0,E055
64,0,E090
65,0,E004
66,0,E094
67,0,E091
68,0,E088
69,0,E094
70,0,E083
71,0,E042
72,0,E047
72,1,E075
73,0,E060
74,0,E080
75,0,E058
76,0,E075
77,0,E069
78,0,E019
79,0,E029
80,0,E061
81,0,E058
82,0,E094
83,0,E087
84,0,E044
84,1,E060
84,1,E078
84,2,E086
84,2,E094
85,0,E078
85,1,E094
86,0,E094
87,0,E005
87,1,E030
87,2,E048
87,2,E050
87,3,E067
88,0,E035
89,0,E020
90,0,E001
91,0,E028
92,0,E001
93,0,E074
94,0,E096
95,0,E077
95,1,E081
96,0,E082
97,0,E071
98,0,E069
99,0,E036
100,0,E045
