strategy,network_id,shock_fraction,original_mean_total_failures,min_assignment_mean_total_failures,max_assignment_mean_total_failures,assignment_mean_total_span,all_assignment_means_below_original
random,N01,0.01,13.82,10.02,10.06,0.040000000000000924,True
random,N01,0.05,69.27,50.65,50.81,0.1600000000000037,True
random,N01,0.1,137.96,102.87,102.94,0.06999999999999318,True
random,N01,0.2,279.42,212.35,212.71,0.36000000000001364,True
random,N02,0.01,14.07,10.01,10.02,0.009999999999999787,True
random,N02,0.05,68.61,50.56,50.69,0.12999999999999545,True
random,N02,0.1,136.47,102.58,102.95,0.37000000000000455,True
random,N02,0.2,278.98,211.68,212.13,0.44999999999998863,True
random,N03,0.01,13.62,10.01,10.03,0.019999999999999574,True
random,N03,0.05,69.63,50.68,50.73,0.04999999999999716,True
random,N03,0.1,136.85,102.75,102.96,0.20999999999999375,True
random,N03,0.2,278.22,211.83,212.83,1.0,True
random,N04,0.01,13.62,10.03,10.04,0.009999999999999787,True
random,N04,0.05,66.69,50.5,50.73,0.22999999999999687,True
random,N04,0.1,134.67,102.57,102.73,0.1600000000000108,True
random,N04,0.2,275.8,210.81,212.18,1.3700000000000045,True
random,N05,0.01,13.99,10.02,10.04,0.019999999999999574,True
random,N05,0.05,68.59,50.6,50.85,0.25,True
random,N05,0.1,138.36,102.61,103.13,0.519999999999996,True
random,N05,0.2,278.72,211.92,212.45,0.5300000000000011,True
random,N06,0.01,13.27,10.01,10.03,0.019999999999999574,True
random,N06,0.05,67.22,50.49,50.82,0.3299999999999983,True
random,N06,0.1,136.3,102.3,102.79,0.4900000000000091,True
random,N06,0.2,276.32,210.86,211.66,0.799999999999983,True
random,N07,0.01,13.75,10.01,10.03,0.019999999999999574,True
random,N07,0.05,68.12,50.65,50.68,0.030000000000001137,True
random,N07,0.1,137.14,102.64,102.78,0.14000000000000057,True
random,N07,0.2,276.66,211.5,212.22,0.7199999999999989,True
random,N08,0.01,12.93,10.02,10.03,0.009999999999999787,True
random,N08,0.05,65.34,50.51,50.76,0.25,True
random,N08,0.1,130,102.37,102.49,0.11999999999999034,True
random,N08,0.2,264.92,210.59,210.85,0.2599999999999909,True
random,N09,0.01,13.25,10.01,10.02,0.009999999999999787,True
random,N09,0.05,67.21,50.68,50.86,0.17999999999999972,True
random,N09,0.1,135.75,102.68,103.14,0.45999999999999375,True
random,N09,0.2,274.32,211.05,211.94,0.8899999999999864,True
random,N10,0.01,13.98,10.01,10.05,0.040000000000000924,True
random,N10,0.05,68.53,50.73,50.79,0.060000000000002274,True
random,N10,0.1,137.2,102.89,103.01,0.12000000000000455,True
random,N10,0.2,278.33,211.79,212.4,0.6100000000000136,True
random,N11,0.01,13.89,10.02,10.05,0.030000000000001137,True
random,N11,0.05,68.23,50.69,50.8,0.10999999999999943,True
random,N11,0.1,138.67,102.85,103.11,0.2600000000000051,True
random,N11,0.2,280.48,211.88,212.36,0.4800000000000182,True
random,N12,0.01,13.89,10.03,10.04,0.009999999999999787,True
random,N12,0.05,67.7,50.52,50.68,0.1599999999999966,True
random,N12,0.1,139.28,102.83,103.28,0.45000000000000284,True
random,N12,0.2,279.89,211.47,212.27,0.8000000000000114,True
random,N13,0.01,13.48,10.0,10.03,0.02999999999999936,True
random,N13,0.05,68.58,50.64,50.71,0.07000000000000028,True
random,N13,0.1,138.46,102.78,103.0,0.21999999999999886,True
random,N13,0.2,278.6,212.04,212.5,0.46000000000000796,True
random,N14,0.01,12.93,10.01,10.01,0.0,True
random,N14,0.05,66.15,50.44,50.73,0.28999999999999915,True
random,N14,0.1,134.15,102.68,103.08,0.3999999999999915,True
random,N14,0.2,272.5,211.12,211.83,0.710000000000008,True
random,N15,0.01,13.52,10.0,10.05,0.05000000000000071,True
random,N15,0.05,66.43,50.62,50.68,0.060000000000002274,True
random,N15,0.1,135.82,102.62,102.88,0.2599999999999909,True
random,N15,0.2,277.68,211.49,212.31,0.8199999999999932,True
random,N16,0.01,13.52,10.02,10.05,0.030000000000001137,True
random,N16,0.05,67.2,50.72,50.84,0.12000000000000455,True
random,N16,0.1,136.9,102.74,102.88,0.14000000000000057,True
random,N16,0.2,276.27,211.81,212.36,0.5500000000000114,True
random,N17,0.01,14.07,10.02,10.04,0.019999999999999574,True
random,N17,0.05,68.76,50.59,50.63,0.03999999999999915,True
random,N17,0.1,140.45,103.01,103.11,0.09999999999999432,True
random,N17,0.2,280.79,212.2,212.44,0.2400000000000091,True
random,N18,0.01,12.59,10.0,10.01,0.009999999999999787,True
random,N18,0.05,64.99,50.51,50.62,0.10999999999999943,True
random,N18,0.1,129.9,102.07,102.72,0.6500000000000057,True
random,N18,0.2,268.9,210.83,211.13,0.29999999999998295,True
random,N19,0.01,13.78,10.01,10.03,0.019999999999999574,True
random,N19,0.05,68.92,50.56,50.64,0.0799999999999983,True
random,N19,0.1,140.75,102.79,103.0,0.20999999999999375,True
random,N19,0.2,284.85,212.24,212.78,0.539999999999992,True
random,N20,0.01,13.99,10.02,10.06,0.040000000000000924,True
random,N20,0.05,69.4,50.64,50.74,0.10000000000000142,True
random,N20,0.1,141.03,102.87,103.21,0.3399999999999892,True
random,N20,0.2,280.57,212.35,212.67,0.3199999999999932,True
targeted_original_out_degree,N01,0.01,26.39,10.04,11.01,0.9700000000000006,True
targeted_original_out_degree,N01,0.05,134.68,53.14,54.49,1.3500000000000014,True
targeted_original_out_degree,N01,0.1,270.34,109.41,115.57,6.159999999999997,True
targeted_original_out_degree,N01,0.2,477.73,249.68,254.43,4.75,True
targeted_original_out_degree,N02,0.01,28.82,10.0,10.59,0.5899999999999999,True
targeted_original_out_degree,N02,0.05,142.75,52.82,55.55,2.729999999999997,True
targeted_original_out_degree,N02,0.1,255.23,115.53,116.95,1.4200000000000017,True
targeted_original_out_degree,N02,0.2,496.56,259.62,260.87,1.25,True
targeted_original_out_degree,N03,0.01,22.52,10.0,10.0,0.0,True
targeted_original_out_degree,N03,0.05,120.68,52.08,54.09,2.010000000000005,True
targeted_original_out_degree,N03,0.1,250.72,110.97,116.29,5.320000000000007,True
targeted_original_out_degree,N03,0.2,510.04,249.66,266.53,16.869999999999976,True
targeted_original_out_degree,N04,0.01,26.34,10.0,10.0,0.0,True
targeted_original_out_degree,N04,0.05,114.03,51.1,52.57,1.4699999999999989,True
targeted_original_out_degree,N04,0.1,243.21,112.42,117.35,4.929999999999993,True
targeted_original_out_degree,N04,0.2,471.58,254.57,269.1,14.53000000000003,True
targeted_original_out_degree,N05,0.01,23.31,10.0,10.51,0.5099999999999998,True
targeted_original_out_degree,N05,0.05,112.08,54.12,55.95,1.8300000000000054,True
targeted_original_out_degree,N05,0.1,230.26,111.92,114.83,2.9099999999999966,True
targeted_original_out_degree,N05,0.2,482.59,251.87,261.88,10.009999999999991,True
targeted_original_out_degree,N06,0.01,26.03,10.0,10.0,0.0,True
targeted_original_out_degree,N06,0.05,123.69,52.26,57.06,4.800000000000004,True
targeted_original_out_degree,N06,0.1,242,110.27,117.69,7.420000000000002,True
targeted_original_out_degree,N06,0.2,482.13,246.6,252.7,6.099999999999994,True
targeted_original_out_degree,N07,0.01,24,10.0,10.0,0.0,True
targeted_original_out_degree,N07,0.05,131.08,52.49,54.06,1.5700000000000003,True
targeted_original_out_degree,N07,0.1,249.12,109.17,116.97,7.799999999999997,True
targeted_original_out_degree,N07,0.2,476.64,248.31,257.26,8.949999999999989,True
targeted_original_out_degree,N08,0.01,26.47,10.0,11.52,1.5199999999999996,True
targeted_original_out_degree,N08,0.05,126,50.91,54.7,3.7900000000000063,True
targeted_original_out_degree,N08,0.1,243.47,108.93,115.01,6.079999999999998,True
targeted_original_out_degree,N08,0.2,471.05,247.13,254.2,7.069999999999993,True
targeted_original_out_degree,N09,0.01,26.81,10.0,10.57,0.5700000000000003,True
targeted_original_out_degree,N09,0.05,128.59,52.01,53.63,1.6200000000000045,True
targeted_original_out_degree,N09,0.1,254.99,111.55,113.23,1.6800000000000068,True
targeted_original_out_degree,N09,0.2,508.6,254.41,263.27,8.859999999999985,True
targeted_original_out_degree,N10,0.01,29.65,10.0,11.0,1.0,True
targeted_original_out_degree,N10,0.05,120.05,52.47,55.53,3.0600000000000023,True
targeted_original_out_degree,N10,0.1,265.86,112.85,117.83,4.980000000000004,True
targeted_original_out_degree,N10,0.2,511.43,257.78,260.87,3.090000000000032,True
targeted_original_out_degree,N11,0.01,32.62,10.0,10.0,0.0,True
targeted_original_out_degree,N11,0.05,139.23,50.95,54.89,3.9399999999999977,True
targeted_original_out_degree,N11,0.1,265.67,110.92,129.06,18.14,True
targeted_original_out_degree,N11,0.2,509.64,256.23,280.05,23.819999999999993,True
targeted_original_out_degree,N12,0.01,24.46,10.0,10.0,0.0,True
targeted_original_out_degree,N12,0.05,123.23,51.84,54.52,2.6799999999999997,True
targeted_original_out_degree,N12,0.1,249.41,107.58,113.14,5.560000000000002,True
targeted_original_out_degree,N12,0.2,483.47,244.29,254.14,9.849999999999994,True
targeted_original_out_degree,N13,0.01,30.87,10.0,11.0,1.0,True
targeted_original_out_degree,N13,0.05,119.42,54.35,54.58,0.22999999999999687,True
targeted_original_out_degree,N13,0.1,245.45,113.59,114.52,0.9299999999999926,True
targeted_original_out_degree,N13,0.2,495.32,252.83,265.96,13.129999999999967,True
targeted_original_out_degree,N14,0.01,24.12,10.0,10.0,0.0,True
targeted_original_out_degree,N14,0.05,119.72,50.0,51.96,1.9600000000000009,True
targeted_original_out_degree,N14,0.1,233.44,109.85,113.92,4.070000000000007,True
targeted_original_out_degree,N14,0.2,493.9,257.95,263.29,5.340000000000032,True
targeted_original_out_degree,N15,0.01,25.01,10.0,10.17,0.16999999999999993,True
targeted_original_out_degree,N15,0.05,112.46,51.27,53.55,2.279999999999994,True
targeted_original_out_degree,N15,0.1,251.29,106.35,115.47,9.120000000000005,True
targeted_original_out_degree,N15,0.2,495.91,252.61,268.09,15.479999999999961,True
targeted_original_out_degree,N16,0.01,23.95,10.0,10.0,0.0,True
targeted_original_out_degree,N16,0.05,108.62,50.65,51.57,0.9200000000000017,True
targeted_original_out_degree,N16,0.1,237.31,109.05,110.26,1.210000000000008,True
targeted_original_out_degree,N16,0.2,471.1,245.74,258.15,12.409999999999968,True
targeted_original_out_degree,N17,0.01,32.6,10.0,11.07,1.0700000000000003,True
targeted_original_out_degree,N17,0.05,128.34,53.33,55.6,2.270000000000003,True
targeted_original_out_degree,N17,0.1,252.71,114.39,119.29,4.900000000000006,True
targeted_original_out_degree,N17,0.2,514.66,252.34,268.33,15.98999999999998,True
targeted_original_out_degree,N18,0.01,25.1,10.0,10.29,0.28999999999999915,True
targeted_original_out_degree,N18,0.05,111.47,50.86,52.97,2.1099999999999994,True
targeted_original_out_degree,N18,0.1,236.65,107.83,118.46,10.629999999999995,True
targeted_original_out_degree,N18,0.2,496.56,241.79,274.35,32.56000000000003,True
targeted_original_out_degree,N19,0.01,24,10.0,10.0,0.0,True
targeted_original_out_degree,N19,0.05,117.11,52.83,54.9,2.0700000000000003,True
targeted_original_out_degree,N19,0.1,250.73,113.06,121.59,8.530000000000001,True
targeted_original_out_degree,N19,0.2,520.36,261.26,265.29,4.03000000000003,True
targeted_original_out_degree,N20,0.01,34.26,10.0,10.0,0.0,True
targeted_original_out_degree,N20,0.05,144.4,52.54,56.73,4.189999999999998,True
targeted_original_out_degree,N20,0.1,269.93,112.94,117.32,4.3799999999999955,True
targeted_original_out_degree,N20,0.2,499.99,249.97,267.47,17.50000000000003,True
