assignment,strategy,network_id,shock_fraction,repetitions,initial_failures,mean_additional_failures,mean_total_failures,median_total_failures,min_total_failures,max_total_failures,mean_functional_firms_pct,mean_amplification,shocks_with_cascade,original_mean_total_failures
R1,random,N01,0.01,100.0,10.0,0.02,10.02,10.0,10.0,11.0,98.998,1.002,2.0,13.82
R1,random,N01,0.05,100.0,50.0,0.81,50.81,51.0,50.0,54.0,94.919,1.0162,57.0,69.27
R1,random,N01,0.1,100.0,100.0,2.87,102.87,103.0,100.0,108.0,89.713,1.0287,90.0,137.96
R1,random,N01,0.2,100.0,200.0,12.48,212.48,212.0,204.0,232.0,78.752,1.0624,100.0,279.42
R1,random,N02,0.01,100.0,10.0,0.02,10.02,10.0,10.0,11.0,98.998,1.002,2.0,14.07
R1,random,N02,0.05,100.0,50.0,0.66,50.66,50.0,50.0,54.0,94.934,1.0132,48.0,68.61
R1,random,N02,0.1,100.0,100.0,2.95,102.95,103.0,100.0,108.0,89.705,1.0295,93.0,136.47
R1,random,N02,0.2,100.0,200.0,11.88,211.88,211.0,203.0,226.0,78.812,1.0594,100.0,278.98
R1,random,N03,0.01,100.0,10.0,0.02,10.02,10.0,10.0,11.0,98.998,1.002,2.0,13.62
R1,random,N03,0.05,100.0,50.0,0.69,50.69,50.0,50.0,54.0,94.931,1.0138,47.0,69.63
R1,random,N03,0.1,100.0,100.0,2.96,102.96,103.0,100.0,110.0,89.704,1.0296,92.0,136.85
R1,random,N03,0.2,100.0,200.0,12.46,212.46,212.0,205.0,222.0,78.754,1.0623,100.0,278.22
R1,random,N04,0.01,100.0,10.0,0.04,10.04,10.0,10.0,11.0,98.996,1.004,4.0,13.62
R1,random,N04,0.05,100.0,50.0,0.7,50.7,50.0,50.0,55.0,94.93,1.014,46.0,66.69
R1,random,N04,0.1,100.0,100.0,2.6,102.6,102.0,100.0,108.0,89.74,1.026,90.0,134.67
R1,random,N04,0.2,100.0,200.0,10.81,210.81,210.5,205.0,221.0,78.919,1.05405,100.0,275.8
R1,random,N05,0.01,100.0,10.0,0.03,10.03,10.0,10.0,11.0,98.997,1.0030000000000001,3.0,13.99
R1,random,N05,0.05,100.0,50.0,0.6,50.6,50.0,50.0,54.0,94.94,1.012,43.0,68.59
R1,random,N05,0.1,100.0,100.0,2.8,102.8,102.0,100.0,110.0,89.72,1.028,94.0,138.36
R1,random,N05,0.2,100.0,200.0,12.45,212.45,212.0,202.0,225.0,78.755,1.06225,100.0,278.72
R1,random,N06,0.01,100.0,10.0,0.02,10.02,10.0,10.0,11.0,98.998,1.002,2.0,13.27
R1,random,N06,0.05,100.0,50.0,0.82,50.82,51.0,50.0,54.0,94.918,1.0164,54.0,67.22
R1,random,N06,0.1,100.0,100.0,2.3,102.3,102.0,100.0,107.0,89.77,1.0230000000000001,86.0,136.3
R1,random,N06,0.2,100.0,200.0,11.66,211.66,211.0,203.0,224.0,78.834,1.0583,100.0,276.32
R1,random,N07,0.01,100.0,10.0,0.03,10.03,10.0,10.0,11.0,98.997,1.0030000000000001,3.0,13.75
R1,random,N07,0.05,100.0,50.0,0.65,50.65,50.0,50.0,53.0,94.935,1.013,48.0,68.12
R1,random,N07,0.1,100.0,100.0,2.78,102.78,102.0,100.0,108.0,89.722,1.0278,95.0,137.14
R1,random,N07,0.2,100.0,200.0,11.54,211.54,211.0,202.0,227.0,78.846,1.0577,100.0,276.66
R1,random,N08,0.01,100.0,10.0,0.03,10.03,10.0,10.0,11.0,98.997,1.0030000000000001,3.0,12.93
R1,random,N08,0.05,100.0,50.0,0.51,50.51,50.0,50.0,54.0,94.949,1.0102,40.0,65.34
R1,random,N08,0.1,100.0,100.0,2.37,102.37,102.0,100.0,107.0,89.763,1.0237,87.0,130
R1,random,N08,0.2,100.0,200.0,10.85,210.85,211.0,204.0,226.0,78.915,1.05425,100.0,264.92
R1,random,N09,0.01,100.0,10.0,0.02,10.02,10.0,10.0,11.0,98.998,1.002,2.0,13.25
R1,random,N09,0.05,100.0,50.0,0.84,50.84,51.0,50.0,53.0,94.916,1.0168,57.0,67.21
R1,random,N09,0.1,100.0,100.0,2.68,102.68,103.0,100.0,108.0,89.732,1.0268,90.0,135.75
R1,random,N09,0.2,100.0,200.0,11.94,211.94,211.0,204.0,224.0,78.806,1.0597,100.0,274.32
R1,random,N10,0.01,100.0,10.0,0.01,10.01,10.0,10.0,11.0,98.999,1.001,1.0,13.98
R1,random,N10,0.05,100.0,50.0,0.79,50.79,50.5,50.0,54.0,94.921,1.0158,50.0,68.53
R1,random,N10,0.1,100.0,100.0,3.01,103.01,103.0,100.0,111.0,89.699,1.0301,94.0,137.2
R1,random,N10,0.2,100.0,200.0,12.4,212.4,212.0,203.0,222.0,78.76,1.062,100.0,278.33
R1,random,N11,0.01,100.0,10.0,0.05,10.05,10.0,10.0,11.0,98.995,1.005,5.0,13.89
R1,random,N11,0.05,100.0,50.0,0.69,50.69,50.0,50.0,54.0,94.931,1.0138,48.0,68.23
R1,random,N11,0.1,100.0,100.0,2.94,102.94,103.0,100.0,108.0,89.706,1.0294,89.0,138.67
R1,random,N11,0.2,100.0,200.0,12.1,212.1,211.0,205.0,223.0,78.79,1.0605,100.0,280.48
R1,random,N12,0.01,100.0,10.0,0.03,10.03,10.0,10.0,11.0,98.997,1.0030000000000001,3.0,13.89
R1,random,N12,0.05,100.0,50.0,0.58,50.58,50.0,50.0,53.0,94.94200000000001,1.0116,42.0,67.7
R1,random,N12,0.1,100.0,100.0,3.28,103.28,103.0,100.0,108.0,89.672,1.0328,92.0,139.28
R1,random,N12,0.2,100.0,200.0,11.47,211.47,212.0,204.0,219.0,78.853,1.05735,100.0,279.89
R1,random,N13,0.01,100.0,10.0,0.03,10.03,10.0,10.0,11.0,98.997,1.0030000000000001,3.0,13.48
R1,random,N13,0.05,100.0,50.0,0.64,50.64,50.0,50.0,54.0,94.936,1.0128,46.0,68.58
R1,random,N13,0.1,100.0,100.0,2.78,102.78,102.5,100.0,108.0,89.722,1.0278,88.0,138.46
R1,random,N13,0.2,100.0,200.0,12.04,212.04,211.0,205.0,222.0,78.796,1.0602,100.0,278.6
R1,random,N14,0.01,100.0,10.0,0.01,10.01,10.0,10.0,11.0,98.999,1.001,1.0,12.93
R1,random,N14,0.05,100.0,50.0,0.73,50.73,50.0,50.0,54.0,94.927,1.0146,48.0,66.15
R1,random,N14,0.1,100.0,100.0,3.08,103.08,103.0,100.0,111.0,89.692,1.0308,96.0,134.15
R1,random,N14,0.2,100.0,200.0,11.12,211.12,210.0,202.0,224.0,78.888,1.0556,100.0,272.5
R1,random,N15,0.01,100.0,10.0,0.05,10.05,10.0,10.0,11.0,98.995,1.005,5.0,13.52
R1,random,N15,0.05,100.0,50.0,0.66,50.66,50.5,50.0,53.0,94.934,1.0132,50.0,66.43
R1,random,N15,0.1,100.0,100.0,2.73,102.73,102.0,100.0,108.0,89.727,1.0273,96.0,135.82
R1,random,N15,0.2,100.0,200.0,11.61,211.61,212.0,204.0,221.0,78.839,1.05805,100.0,277.68
R1,random,N16,0.01,100.0,10.0,0.02,10.02,10.0,10.0,11.0,98.998,1.002,2.0,13.52
R1,random,N16,0.05,100.0,50.0,0.73,50.73,50.0,50.0,54.0,94.927,1.0146,47.0,67.2
R1,random,N16,0.1,100.0,100.0,2.74,102.74,102.0,100.0,109.0,89.726,1.0274,94.0,136.9
R1,random,N16,0.2,100.0,200.0,11.82,211.82,212.0,204.0,227.0,78.818,1.0591,100.0,276.27
R1,random,N17,0.01,100.0,10.0,0.03,10.03,10.0,10.0,11.0,98.997,1.0030000000000001,3.0,14.07
R1,random,N17,0.05,100.0,50.0,0.61,50.61,50.0,50.0,54.0,94.93900000000001,1.0122,44.0,68.76
R1,random,N17,0.1,100.0,100.0,3.03,103.03,103.0,100.0,108.0,89.697,1.0303,94.0,140.45
R1,random,N17,0.2,100.0,200.0,12.2,212.2,212.0,205.0,220.0,78.78,1.061,100.0,280.79
R1,random,N18,0.01,100.0,10.0,0.01,10.01,10.0,10.0,11.0,98.999,1.001,1.0,12.59
R1,random,N18,0.05,100.0,50.0,0.62,50.62,50.0,50.0,53.0,94.938,1.0124,47.0,64.99
R1,random,N18,0.1,100.0,100.0,2.31,102.31,102.0,100.0,108.0,89.769,1.0231000000000001,83.0,129.9
R1,random,N18,0.2,100.0,200.0,10.83,210.83,211.0,204.0,219.0,78.917,1.05415,100.0,268.9
R1,random,N19,0.01,100.0,10.0,0.01,10.01,10.0,10.0,11.0,98.999,1.001,1.0,13.78
R1,random,N19,0.05,100.0,50.0,0.58,50.58,50.5,50.0,53.0,94.94200000000001,1.0116,50.0,68.92
R1,random,N19,0.1,100.0,100.0,2.99,102.99,103.0,100.0,107.0,89.701,1.0299,96.0,140.75
R1,random,N19,0.2,100.0,200.0,12.78,212.78,212.0,203.0,225.0,78.722,1.0639,100.0,284.85
R1,random,N20,0.01,100.0,10.0,0.03,10.03,10.0,10.0,11.0,98.997,1.0030000000000001,3.0,13.99
R1,random,N20,0.05,100.0,50.0,0.64,50.64,50.0,50.0,54.0,94.936,1.0128,44.0,69.4
R1,random,N20,0.1,100.0,100.0,3.21,103.21,103.0,100.0,110.0,89.679,1.0321,96.0,141.03
R1,random,N20,0.2,100.0,200.0,12.67,212.67,212.0,204.0,223.0,78.733,1.06335,100.0,280.57
R1,targeted_original_out_degree,N01,0.01,100.0,10.0,0.04,10.04,10.0,10.0,11.0,98.996,1.004,4.0,26.39
R1,targeted_original_out_degree,N01,0.05,100.0,50.0,3.54,53.54,54.0,52.0,56.0,94.646,1.0708,100.0,134.68
R1,targeted_original_out_degree,N01,0.1,100.0,100.0,11.29,111.29,111.0,110.0,116.0,88.87100000000001,1.1129,100.0,270.34
R1,targeted_original_out_degree,N01,0.2,100.0,200.0,54.43,254.43,255.0,241.0,274.0,74.557,1.27215,100.0,477.73
R1,targeted_original_out_degree,N02,0.01,100.0,10.0,0.0,10.0,10.0,10.0,10.0,99.0,1.0,0.0,28.82
R1,targeted_original_out_degree,N02,0.05,100.0,50.0,5.55,55.55,55.0,54.0,58.0,94.44500000000001,1.111,100.0,142.75
R1,targeted_original_out_degree,N02,0.1,100.0,100.0,15.54,115.54,116.0,109.0,121.0,88.446,1.1554,100.0,255.23
R1,targeted_original_out_degree,N02,0.2,100.0,200.0,60.87,260.87,261.0,246.0,273.0,73.913,1.30435,100.0,496.56
R1,targeted_original_out_degree,N03,0.01,100.0,10.0,0.0,10.0,10.0,10.0,10.0,99.0,1.0,0.0,22.52
R1,targeted_original_out_degree,N03,0.05,100.0,50.0,2.08,52.08,52.0,51.0,54.0,94.792,1.0416,100.0,120.68
R1,targeted_original_out_degree,N03,0.1,100.0,100.0,12.21,112.21,112.5,105.0,118.0,88.779,1.1221,100.0,250.72
R1,targeted_original_out_degree,N03,0.2,100.0,200.0,63.5,263.5,264.0,246.0,281.0,73.65,1.3175,100.0,510.04
R1,targeted_original_out_degree,N04,0.01,100.0,10.0,0.0,10.0,10.0,10.0,10.0,99.0,1.0,0.0,26.34
R1,targeted_original_out_degree,N04,0.05,100.0,50.0,1.69,51.69,52.0,51.0,56.0,94.831,1.0338,100.0,114.03
R1,targeted_original_out_degree,N04,0.1,100.0,100.0,12.42,112.42,113.0,106.0,117.0,88.758,1.1242,100.0,243.21
R1,targeted_original_out_degree,N04,0.2,100.0,200.0,58.71,258.71,259.0,238.0,278.0,74.129,1.29355,100.0,471.58
R1,targeted_original_out_degree,N05,0.01,100.0,10.0,0.0,10.0,10.0,10.0,10.0,99.0,1.0,0.0,23.31
R1,targeted_original_out_degree,N05,0.05,100.0,50.0,4.12,54.12,54.0,53.0,57.0,94.588,1.0824,100.0,112.08
R1,targeted_original_out_degree,N05,0.1,100.0,100.0,14.83,114.83,115.0,111.0,118.0,88.517,1.1482999999999999,100.0,230.26
R1,targeted_original_out_degree,N05,0.2,100.0,200.0,51.87,251.87,251.0,240.0,272.0,74.813,1.25935,100.0,482.59
R1,targeted_original_out_degree,N06,0.01,100.0,10.0,0.0,10.0,10.0,10.0,10.0,99.0,1.0,0.0,26.03
R1,targeted_original_out_degree,N06,0.05,100.0,50.0,7.06,57.06,57.0,55.0,59.0,94.294,1.1412,100.0,123.69
R1,targeted_original_out_degree,N06,0.1,100.0,100.0,17.69,117.69,118.0,113.0,122.0,88.231,1.1768999999999998,100.0,242
R1,targeted_original_out_degree,N06,0.2,100.0,200.0,46.6,246.6,246.0,234.0,258.0,75.34,1.233,100.0,482.13
R1,targeted_original_out_degree,N07,0.01,100.0,10.0,0.0,10.0,10.0,10.0,10.0,99.0,1.0,0.0,24
R1,targeted_original_out_degree,N07,0.05,100.0,50.0,3.18,53.18,53.0,53.0,55.0,94.682,1.0636,100.0,131.08
R1,targeted_original_out_degree,N07,0.1,100.0,100.0,9.17,109.17,109.0,105.0,113.0,89.083,1.0917000000000001,100.0,249.12
R1,targeted_original_out_degree,N07,0.2,100.0,200.0,56.39,256.39,256.0,241.0,270.0,74.361,1.28195,100.0,476.64
R1,targeted_original_out_degree,N08,0.01,100.0,10.0,1.52,11.52,12.0,11.0,12.0,98.848,1.152,100.0,26.47
R1,targeted_original_out_degree,N08,0.05,100.0,50.0,4.7,54.7,55.0,53.0,55.0,94.53,1.094,100.0,126
R1,targeted_original_out_degree,N08,0.1,100.0,100.0,12.2,112.2,112.0,108.0,116.0,88.78,1.122,100.0,243.47
R1,targeted_original_out_degree,N08,0.2,100.0,200.0,54.2,254.2,254.0,236.0,272.0,74.58,1.271,100.0,471.05
R1,targeted_original_out_degree,N09,0.01,100.0,10.0,0.57,10.57,11.0,10.0,11.0,98.943,1.057,57.0,26.81
R1,targeted_original_out_degree,N09,0.05,100.0,50.0,2.73,52.73,52.0,51.0,56.0,94.727,1.0546,100.0,128.59
R1,targeted_original_out_degree,N09,0.1,100.0,100.0,11.55,111.55,111.0,106.0,120.0,88.845,1.1155,100.0,254.99
R1,targeted_original_out_degree,N09,0.2,100.0,200.0,63.27,263.27,263.0,248.0,282.0,73.673,1.31635,100.0,508.6
R1,targeted_original_out_degree,N10,0.01,100.0,10.0,0.02,10.02,10.0,10.0,11.0,98.998,1.002,2.0,29.65
R1,targeted_original_out_degree,N10,0.05,100.0,50.0,5.53,55.53,55.0,55.0,58.0,94.447,1.1106,100.0,120.05
R1,targeted_original_out_degree,N10,0.1,100.0,100.0,17.83,117.83,117.5,114.0,123.0,88.217,1.1783,100.0,265.86
R1,targeted_original_out_degree,N10,0.2,100.0,200.0,57.78,257.78,258.0,248.0,273.0,74.222,1.2889,100.0,511.43
R1,targeted_original_out_degree,N11,0.01,100.0,10.0,0.0,10.0,10.0,10.0,10.0,99.0,1.0,0.0,32.62
R1,targeted_original_out_degree,N11,0.05,100.0,50.0,0.95,50.95,51.0,50.0,53.0,94.905,1.0190000000000001,61.0,139.23
R1,targeted_original_out_degree,N11,0.1,100.0,100.0,18.33,118.33,118.0,113.0,122.0,88.167,1.1833,100.0,265.67
R1,targeted_original_out_degree,N11,0.2,100.0,200.0,70.7,270.7,270.0,254.0,295.0,72.93,1.3535,100.0,509.64
R1,targeted_original_out_degree,N12,0.01,100.0,10.0,0.0,10.0,10.0,10.0,10.0,99.0,1.0,0.0,24.46
R1,targeted_original_out_degree,N12,0.05,100.0,50.0,2.65,52.65,52.5,51.0,56.0,94.735,1.053,100.0,123.23
R1,targeted_original_out_degree,N12,0.1,100.0,100.0,11.85,111.85,112.0,109.0,114.0,88.815,1.1185,100.0,249.41
R1,targeted_original_out_degree,N12,0.2,100.0,200.0,44.29,244.29,245.0,230.0,260.0,75.571,1.22145,100.0,483.47
R1,targeted_original_out_degree,N13,0.01,100.0,10.0,1.0,11.0,11.0,11.0,11.0,98.9,1.1,100.0,30.87
R1,targeted_original_out_degree,N13,0.05,100.0,50.0,4.35,54.35,54.0,52.0,57.0,94.565,1.087,100.0,119.42
R1,targeted_original_out_degree,N13,0.1,100.0,100.0,14.52,114.52,115.0,110.0,118.0,88.548,1.1452,100.0,245.45
R1,targeted_original_out_degree,N13,0.2,100.0,200.0,61.3,261.3,261.0,243.0,281.0,73.87,1.3065,100.0,495.32
R1,targeted_original_out_degree,N14,0.01,100.0,10.0,0.0,10.0,10.0,10.0,10.0,99.0,1.0,0.0,24.12
R1,targeted_original_out_degree,N14,0.05,100.0,50.0,1.94,51.94,52.0,51.0,52.0,94.806,1.0388,100.0,119.72
R1,targeted_original_out_degree,N14,0.1,100.0,100.0,13.92,113.92,114.0,110.0,117.0,88.608,1.1392,100.0,233.44
R1,targeted_original_out_degree,N14,0.2,100.0,200.0,57.95,257.95,257.0,245.0,279.0,74.205,1.28975,100.0,493.9
R1,targeted_original_out_degree,N15,0.01,100.0,10.0,0.0,10.0,10.0,10.0,10.0,99.0,1.0,0.0,25.01
R1,targeted_original_out_degree,N15,0.05,100.0,50.0,1.27,51.27,51.0,50.0,54.0,94.873,1.0254,71.0,112.46
R1,targeted_original_out_degree,N15,0.1,100.0,100.0,6.35,106.35,107.0,102.0,109.0,89.365,1.0635000000000001,100.0,251.29
R1,targeted_original_out_degree,N15,0.2,100.0,200.0,52.61,252.61,253.0,241.0,272.0,74.739,1.26305,100.0,495.91
R1,targeted_original_out_degree,N16,0.01,100.0,10.0,0.0,10.0,10.0,10.0,10.0,99.0,1.0,0.0,23.95
R1,targeted_original_out_degree,N16,0.05,100.0,50.0,1.18,51.18,51.0,50.0,55.0,94.882,1.0236,72.0,108.62
R1,targeted_original_out_degree,N16,0.1,100.0,100.0,9.16,109.16,109.0,105.0,113.0,89.084,1.0916000000000001,100.0,237.31
R1,targeted_original_out_degree,N16,0.2,100.0,200.0,45.74,245.74,245.5,230.0,260.0,75.426,1.2287,100.0,471.1
R1,targeted_original_out_degree,N17,0.01,100.0,10.0,0.01,10.01,10.0,10.0,11.0,98.999,1.001,1.0,32.6
R1,targeted_original_out_degree,N17,0.05,100.0,50.0,3.33,53.33,53.0,51.0,58.0,94.667,1.0666,100.0,128.34
R1,targeted_original_out_degree,N17,0.1,100.0,100.0,14.39,114.39,114.0,114.0,117.0,88.56099999999999,1.1439,100.0,252.71
R1,targeted_original_out_degree,N17,0.2,100.0,200.0,68.31,268.31,268.0,246.0,293.0,73.169,1.34155,100.0,514.66
R1,targeted_original_out_degree,N18,0.01,100.0,10.0,0.0,10.0,10.0,10.0,10.0,99.0,1.0,0.0,25.1
R1,targeted_original_out_degree,N18,0.05,100.0,50.0,1.83,51.83,52.0,51.0,52.0,94.817,1.0366,100.0,111.47
R1,targeted_original_out_degree,N18,0.1,100.0,100.0,8.66,108.66,109.0,104.0,113.0,89.134,1.0866,100.0,236.65
R1,targeted_original_out_degree,N18,0.2,100.0,200.0,60.47,260.47,261.0,237.0,277.0,73.953,1.30235,100.0,496.56
R1,targeted_original_out_degree,N19,0.01,100.0,10.0,0.0,10.0,10.0,10.0,10.0,99.0,1.0,0.0,24
R1,targeted_original_out_degree,N19,0.05,100.0,50.0,4.22,54.22,54.0,53.0,57.0,94.578,1.0844,100.0,117.11
R1,targeted_original_out_degree,N19,0.1,100.0,100.0,13.06,113.06,113.0,110.0,116.0,88.694,1.1306,100.0,250.73
R1,targeted_original_out_degree,N19,0.2,100.0,200.0,63.69,263.69,263.0,243.0,282.0,73.631,1.3184500000000001,100.0,520.36
R1,targeted_original_out_degree,N20,0.01,100.0,10.0,0.0,10.0,10.0,10.0,10.0,99.0,1.0,0.0,34.26
R1,targeted_original_out_degree,N20,0.05,100.0,50.0,2.77,52.77,53.0,51.0,57.0,94.723,1.0554000000000001,100.0,144.4
R1,targeted_original_out_degree,N20,0.1,100.0,100.0,17.32,117.32,117.5,112.0,122.0,88.268,1.1732,100.0,269.93
R1,targeted_original_out_degree,N20,0.2,100.0,200.0,67.47,267.47,267.0,256.0,283.0,73.253,1.33735,100.0,499.99
R2,random,N01,0.01,100,10,0.02,10.02,10.0,10.0,11.0,98.998,1.002,2,13.82
R2,random,N01,0.05,100,50,0.69,50.69,50.5,50.0,54.0,94.931,1.0138,50,69.27
R2,random,N01,0.1,100,100,2.94,102.94,102.0,100.0,108.0,89.706,1.0294,98,137.96
R2,random,N01,0.2,100,200,12.71,212.71,212.0,204.0,223.0,78.729,1.06355,100,279.42
R2,random,N02,0.01,100,10,0.01,10.01,10.0,10.0,11.0,98.999,1.001,1,14.07
R2,random,N02,0.05,100,50,0.56,50.56,50.0,50.0,54.0,94.944,1.0112,41,68.61
R2,random,N02,0.1,100,100,2.64,102.64,103.0,100.0,107.0,89.736,1.0264,90,136.47
R2,random,N02,0.2,100,200,11.68,211.68,211.0,203.0,225.0,78.832,1.0584,100,278.98
R2,random,N03,0.01,100,10,0.01,10.01,10.0,10.0,11.0,98.999,1.001,1,13.62
R2,random,N03,0.05,100,50,0.73,50.73,50.0,50.0,54.0,94.927,1.0146,47,69.63
R2,random,N03,0.1,100,100,2.77,102.77,102.0,100.0,109.0,89.723,1.0277,97,136.85
R2,random,N03,0.2,100,200,12.83,212.83,212.0,203.0,227.0,78.717,1.06415,100,278.22
R2,random,N04,0.01,100,10,0.04,10.04,10.0,10.0,11.0,98.996,1.004,4,13.62
R2,random,N04,0.05,100,50,0.73,50.73,51.0,50.0,53.0,94.927,1.0146,52,66.69
R2,random,N04,0.1,100,100,2.57,102.57,102.0,100.0,109.0,89.743,1.0257,88,134.67
R2,random,N04,0.2,100,200,12.18,212.18,211.0,205.0,222.0,78.782,1.0609,100,275.8
R2,random,N05,0.01,100,10,0.02,10.02,10.0,10.0,11.0,98.998,1.002,2,13.99
R2,random,N05,0.05,100,50,0.85,50.85,51.0,50.0,54.0,94.915,1.017,58,68.59
R2,random,N05,0.1,100,100,2.61,102.61,102.5,100.0,107.0,89.739,1.0261,91,138.36
R2,random,N05,0.2,100,200,11.92,211.92,211.0,205.0,225.0,78.808,1.0596,100,278.72
R2,random,N06,0.01,100,10,0.03,10.03,10.0,10.0,11.0,98.997,1.0030000000000001,3,13.27
R2,random,N06,0.05,100,50,0.74,50.74,51.0,50.0,54.0,94.926,1.0148,56,67.22
R2,random,N06,0.1,100,100,2.79,102.79,102.0,100.0,108.0,89.721,1.0279,91,136.3
R2,random,N06,0.2,100,200,10.86,210.86,210.0,203.0,221.0,78.914,1.0543,100,276.32
R2,random,N07,0.01,100,10,0.03,10.03,10.0,10.0,11.0,98.997,1.0030000000000001,3,13.75
R2,random,N07,0.05,100,50,0.66,50.66,50.0,50.0,54.0,94.934,1.0132,46,68.12
R2,random,N07,0.1,100,100,2.64,102.64,102.0,100.0,107.0,89.736,1.0264,94,137.14
R2,random,N07,0.2,100,200,11.5,211.5,211.0,203.0,221.0,78.85,1.0574999999999999,100,276.66
R2,random,N08,0.01,100,10,0.02,10.02,10.0,10.0,12.0,98.998,1.002,1,12.93
R2,random,N08,0.05,100,50,0.76,50.76,51.0,50.0,54.0,94.924,1.0152,51,65.34
R2,random,N08,0.1,100,100,2.49,102.49,102.0,100.0,108.0,89.751,1.0249,89,130
R2,random,N08,0.2,100,200,10.59,210.59,210.5,202.0,221.0,78.941,1.05295,100,264.92
R2,random,N09,0.01,100,10,0.01,10.01,10.0,10.0,11.0,98.999,1.001,1,13.25
R2,random,N09,0.05,100,50,0.68,50.68,50.0,50.0,53.0,94.932,1.0136,48,67.21
R2,random,N09,0.1,100,100,2.8,102.8,102.5,100.0,109.0,89.72,1.028,93,135.75
R2,random,N09,0.2,100,200,11.05,211.05,210.0,203.0,223.0,78.895,1.05525,100,274.32
R2,random,N10,0.01,100,10,0.04,10.04,10.0,10.0,11.0,98.996,1.004,4,13.98
R2,random,N10,0.05,100,50,0.78,50.78,51.0,50.0,53.0,94.922,1.0156,53,68.53
R2,random,N10,0.1,100,100,2.91,102.91,102.0,100.0,108.0,89.709,1.0291000000000001,96,137.2
R2,random,N10,0.2,100,200,11.79,211.79,212.0,202.0,226.0,78.821,1.05895,100,278.33
R2,random,N11,0.01,100,10,0.02,10.02,10.0,10.0,11.0,98.998,1.002,2,13.89
R2,random,N11,0.05,100,50,0.8,50.8,51.0,50.0,54.0,94.92,1.016,58,68.23
R2,random,N11,0.1,100,100,3.11,103.11,103.0,100.0,108.0,89.68900000000001,1.0311000000000001,95,138.67
R2,random,N11,0.2,100,200,11.88,211.88,211.5,203.0,226.0,78.812,1.0594,100,280.48
R2,random,N12,0.01,100,10,0.03,10.03,10.0,10.0,11.0,98.997,1.0030000000000001,3,13.89
R2,random,N12,0.05,100,50,0.52,50.52,50.0,50.0,53.0,94.94800000000001,1.0104,36,67.7
R2,random,N12,0.1,100,100,2.98,102.98,103.0,100.0,110.0,89.702,1.0298,97,139.28
R2,random,N12,0.2,100,200,11.86,211.86,211.5,204.0,223.0,78.814,1.0593,100,279.89
R2,random,N13,0.01,100,10,0.02,10.02,10.0,10.0,11.0,98.998,1.002,2,13.48
R2,random,N13,0.05,100,50,0.71,50.71,50.5,50.0,54.0,94.929,1.0142,50,68.58
R2,random,N13,0.1,100,100,2.96,102.96,102.5,100.0,108.0,89.704,1.0296,93,138.46
R2,random,N13,0.2,100,200,12.5,212.5,212.0,205.0,223.0,78.75,1.0625,100,278.6
R2,random,N14,0.01,100,10,0.01,10.01,10.0,10.0,11.0,98.999,1.001,1,12.93
R2,random,N14,0.05,100,50,0.62,50.62,50.5,50.0,53.0,94.938,1.0124,50,66.15
R2,random,N14,0.1,100,100,2.79,102.79,103.0,100.0,109.0,89.721,1.0279,93,134.15
R2,random,N14,0.2,100,200,11.54,211.54,211.0,201.0,223.0,78.846,1.0577,100,272.5
R2,random,N15,0.01,100,10,0.0,10.0,10.0,10.0,10.0,99.0,1.0,0,13.52
R2,random,N15,0.05,100,50,0.68,50.68,50.0,50.0,54.0,94.932,1.0136,47,66.43
R2,random,N15,0.1,100,100,2.62,102.62,102.0,100.0,106.0,89.738,1.0262,94,135.82
R2,random,N15,0.2,100,200,12.31,212.31,212.0,205.0,223.0,78.769,1.06155,100,277.68
R2,random,N16,0.01,100,10,0.05,10.05,10.0,10.0,11.0,98.995,1.005,5,13.52
R2,random,N16,0.05,100,50,0.72,50.72,51.0,50.0,54.0,94.928,1.0144,51,67.2
R2,random,N16,0.1,100,100,2.87,102.87,102.5,100.0,107.0,89.713,1.0287,97,136.9
R2,random,N16,0.2,100,200,12.36,212.36,212.0,204.0,223.0,78.764,1.0618,100,276.27
R2,random,N17,0.01,100,10,0.02,10.02,10.0,10.0,11.0,98.998,1.002,2,14.07
R2,random,N17,0.05,100,50,0.63,50.63,50.0,50.0,53.0,94.937,1.0126,47,68.76
R2,random,N17,0.1,100,100,3.11,103.11,103.0,100.0,111.0,89.68900000000001,1.0311000000000001,93,140.45
R2,random,N17,0.2,100,200,12.25,212.25,212.0,202.0,220.0,78.775,1.06125,100,280.79
R2,random,N18,0.01,100,10,0.0,10.0,10.0,10.0,10.0,99.0,1.0,0,12.59
R2,random,N18,0.05,100,50,0.51,50.51,50.0,50.0,52.0,94.949,1.0102,43,64.99
R2,random,N18,0.1,100,100,2.07,102.07,102.0,100.0,108.0,89.793,1.0207,87,129.9
R2,random,N18,0.2,100,200,11.03,211.03,211.0,203.0,222.0,78.897,1.05515,100,268.9
R2,random,N19,0.01,100,10,0.03,10.03,10.0,10.0,11.0,98.997,1.0030000000000001,3,13.78
R2,random,N19,0.05,100,50,0.56,50.56,50.0,50.0,53.0,94.944,1.0112,43,68.92
R2,random,N19,0.1,100,100,2.79,102.79,103.0,100.0,107.0,89.721,1.0279,93,140.75
R2,random,N19,0.2,100,200,12.24,212.24,212.0,204.0,222.0,78.776,1.0612,100,284.85
R2,random,N20,0.01,100,10,0.06,10.06,10.0,10.0,12.0,98.994,1.006,5,13.99
R2,random,N20,0.05,100,50,0.74,50.74,50.0,50.0,54.0,94.926,1.0148,47,69.4
R2,random,N20,0.1,100,100,3.11,103.11,103.0,100.0,109.0,89.689,1.0311000000000001,92,141.03
R2,random,N20,0.2,100,200,12.35,212.35,212.0,203.0,224.0,78.765,1.06175,100,280.57
R2,targeted_original_out_degree,N01,0.01,100,10,1.01,11.01,11.0,11.0,12.0,98.899,1.101,100,26.39
R2,targeted_original_out_degree,N01,0.05,100,50,3.14,53.14,53.0,52.0,55.0,94.68599999999999,1.0628,100,134.68
R2,targeted_original_out_degree,N01,0.1,100,100,9.41,109.41,109.0,108.0,111.0,89.059,1.0941,100,270.34
R2,targeted_original_out_degree,N01,0.2,100,200,49.68,249.68,250.0,235.0,262.0,75.032,1.2484,100,477.73
R2,targeted_original_out_degree,N02,0.01,100,10,0.0,10.0,10.0,10.0,10.0,99.0,1.0,0,28.82
R2,targeted_original_out_degree,N02,0.05,100,50,3.59,53.59,53.0,53.0,56.0,94.641,1.0718,100,142.75
R2,targeted_original_out_degree,N02,0.1,100,100,15.53,115.53,115.0,111.0,122.0,88.447,1.1553,100,255.23
R2,targeted_original_out_degree,N02,0.2,100,200,60.4,260.4,259.0,244.0,281.0,73.96,1.302,100,496.56
R2,targeted_original_out_degree,N03,0.01,100,10,0.0,10.0,10.0,10.0,10.0,99.0,1.0,0,22.52
R2,targeted_original_out_degree,N03,0.05,100,50,3.38,53.38,53.0,53.0,56.0,94.662,1.0676,100,120.68
R2,targeted_original_out_degree,N03,0.1,100,100,16.29,116.29,116.0,109.0,123.0,88.371,1.1629,100,250.72
R2,targeted_original_out_degree,N03,0.2,100,200,66.53,266.53,266.0,250.0,286.0,73.347,1.3326500000000001,100,510.04
R2,targeted_original_out_degree,N04,0.01,100,10,0.0,10.0,10.0,10.0,10.0,99.0,1.0,0,26.34
R2,targeted_original_out_degree,N04,0.05,100,50,2.57,52.57,52.0,52.0,55.0,94.743,1.0514000000000001,100,114.03
R2,targeted_original_out_degree,N04,0.1,100,100,14.53,114.53,114.0,109.0,122.0,88.547,1.1453,100,243.21
R2,targeted_original_out_degree,N04,0.2,100,200,54.57,254.57,254.0,240.0,270.0,74.543,1.27285,100,471.58
R2,targeted_original_out_degree,N05,0.01,100,10,0.51,10.51,11.0,10.0,11.0,98.949,1.0510000000000002,51,23.31
R2,targeted_original_out_degree,N05,0.05,100,50,4.95,54.95,55.0,54.0,57.0,94.505,1.099,100,112.08
R2,targeted_original_out_degree,N05,0.1,100,100,13.84,113.84,114.0,111.0,116.0,88.616,1.1383999999999999,100,230.26
R2,targeted_original_out_degree,N05,0.2,100,200,61.88,261.88,263.0,247.0,273.0,73.812,1.3094,100,482.59
R2,targeted_original_out_degree,N06,0.01,100,10,0.0,10.0,10.0,10.0,10.0,99.0,1.0,0,26.03
R2,targeted_original_out_degree,N06,0.05,100,50,2.26,52.26,52.0,52.0,54.0,94.774,1.0452000000000001,100,123.69
R2,targeted_original_out_degree,N06,0.1,100,100,10.27,110.27,110.0,106.0,113.0,88.973,1.1027,100,242
R2,targeted_original_out_degree,N06,0.2,100,200,49.9,249.9,250.0,238.0,261.0,75.01,1.2495,100,482.13
R2,targeted_original_out_degree,N07,0.01,100,10,0.0,10.0,10.0,10.0,10.0,99.0,1.0,0,24
R2,targeted_original_out_degree,N07,0.05,100,50,2.49,52.49,52.0,52.0,55.0,94.751,1.0498,100,131.08
R2,targeted_original_out_degree,N07,0.1,100,100,10.94,110.94,111.0,106.0,116.0,88.906,1.1094000000000002,100,249.12
R2,targeted_original_out_degree,N07,0.2,100,200,48.31,248.31,248.0,236.0,258.0,75.169,1.24155,100,476.64
R2,targeted_original_out_degree,N08,0.01,100,10,0.0,10.0,10.0,10.0,10.0,99.0,1.0,0,26.47
R2,targeted_original_out_degree,N08,0.05,100,50,0.91,50.91,51.0,50.0,51.0,94.909,1.0182,91,126
R2,targeted_original_out_degree,N08,0.1,100,100,15.01,115.01,115.0,107.0,123.0,88.499,1.1501,100,243.47
R2,targeted_original_out_degree,N08,0.2,100,200,47.13,247.13,247.0,236.0,260.0,75.287,1.23565,100,471.05
R2,targeted_original_out_degree,N09,0.01,100,10,0.0,10.0,10.0,10.0,10.0,99.0,1.0,0,26.81
R2,targeted_original_out_degree,N09,0.05,100,50,2.01,52.01,52.0,51.0,55.0,94.799,1.0402,100,128.59
R2,targeted_original_out_degree,N09,0.1,100,100,12.12,112.12,112.0,106.0,118.0,88.788,1.1212,100,254.99
R2,targeted_original_out_degree,N09,0.2,100,200,55.31,255.31,255.5,239.0,271.0,74.469,1.27655,100,508.6
R2,targeted_original_out_degree,N10,0.01,100,10,1.0,11.0,11.0,11.0,11.0,98.9,1.1,100,29.65
R2,targeted_original_out_degree,N10,0.05,100,50,2.47,52.47,52.0,52.0,55.0,94.753,1.0494,100,120.05
R2,targeted_original_out_degree,N10,0.1,100,100,15.47,115.47,116.0,108.0,126.0,88.453,1.1547,100,265.86
R2,targeted_original_out_degree,N10,0.2,100,200,59.75,259.75,259.0,243.0,276.0,74.025,1.29875,100,511.43
R2,targeted_original_out_degree,N11,0.01,100,10,0.0,10.0,10.0,10.0,10.0,99.0,1.0,0,32.62
R2,targeted_original_out_degree,N11,0.05,100,50,2.93,52.93,53.0,52.0,55.0,94.707,1.0586,100,139.23
R2,targeted_original_out_degree,N11,0.1,100,100,10.92,110.92,111.0,108.0,114.0,88.908,1.1092000000000002,100,265.67
R2,targeted_original_out_degree,N11,0.2,100,200,56.23,256.23,255.0,243.0,279.0,74.377,1.28115,100,509.64
R2,targeted_original_out_degree,N12,0.01,100,10,0.0,10.0,10.0,10.0,10.0,99.0,1.0,0,24.46
R2,targeted_original_out_degree,N12,0.05,100,50,4.52,54.52,54.5,53.0,58.0,94.548,1.0904,100,123.23
R2,targeted_original_out_degree,N12,0.1,100,100,13.14,113.14,113.0,111.0,115.0,88.68599999999999,1.1314,100,249.41
R2,targeted_original_out_degree,N12,0.2,100,200,54.14,254.14,254.0,242.0,269.0,74.586,1.2707,100,483.47
R2,targeted_original_out_degree,N13,0.01,100,10,0.0,10.0,10.0,10.0,10.0,99.0,1.0,0,30.87
R2,targeted_original_out_degree,N13,0.05,100,50,4.58,54.58,54.0,53.0,58.0,94.542,1.0916000000000001,100,119.42
R2,targeted_original_out_degree,N13,0.1,100,100,14.07,114.07,114.0,110.0,118.0,88.593,1.1406999999999998,100,245.45
R2,targeted_original_out_degree,N13,0.2,100,200,65.96,265.96,266.0,250.0,288.0,73.404,1.3298,100,495.32
R2,targeted_original_out_degree,N14,0.01,100,10,0.0,10.0,10.0,10.0,10.0,99.0,1.0,0,24.12
R2,targeted_original_out_degree,N14,0.05,100,50,1.96,51.96,52.0,51.0,52.0,94.804,1.0392000000000001,100,119.72
R2,targeted_original_out_degree,N14,0.1,100,100,9.85,109.85,110.0,106.0,112.0,89.015,1.0985,100,233.44
R2,targeted_original_out_degree,N14,0.2,100,200,61.16,261.16,262.0,247.0,282.0,73.884,1.3058,100,493.9
R2,targeted_original_out_degree,N15,0.01,100,10,0.17,10.17,10.0,10.0,11.0,98.983,1.017,17,25.01
R2,targeted_original_out_degree,N15,0.05,100,50,3.47,53.47,53.0,52.0,56.0,94.65299999999999,1.0694000000000001,100,112.46
R2,targeted_original_out_degree,N15,0.1,100,100,15.47,115.47,115.0,110.0,119.0,88.453,1.1546999999999998,100,251.29
R2,targeted_original_out_degree,N15,0.2,100,200,52.63,252.63,252.0,242.0,269.0,74.737,1.26315,100,495.91
R2,targeted_original_out_degree,N16,0.01,100,10,0.0,10.0,10.0,10.0,10.0,99.0,1.0,0,23.95
R2,targeted_original_out_degree,N16,0.05,100,50,0.65,50.65,50.5,50.0,53.0,94.935,1.013,50,108.62
R2,targeted_original_out_degree,N16,0.1,100,100,10.26,110.26,110.0,105.0,114.0,88.974,1.1026,100,237.31
R2,targeted_original_out_degree,N16,0.2,100,200,58.15,258.15,258.0,243.0,274.0,74.185,1.29075,100,471.1
R2,targeted_original_out_degree,N17,0.01,100,10,1.07,11.07,11.0,11.0,12.0,98.893,1.107,100,32.6
R2,targeted_original_out_degree,N17,0.05,100,50,5.6,55.6,55.5,53.0,59.0,94.44,1.112,100,128.34
R2,targeted_original_out_degree,N17,0.1,100,100,16.2,116.2,116.0,115.0,118.0,88.38000000000001,1.162,100,252.71
R2,targeted_original_out_degree,N17,0.2,100,200,52.34,252.34,252.5,237.0,265.0,74.766,1.2617,100,514.66
R2,targeted_original_out_degree,N18,0.01,100,10,0.29,10.29,10.0,10.0,12.0,98.971,1.029,28,25.1
R2,targeted_original_out_degree,N18,0.05,100,50,2.97,52.97,53.0,52.0,53.0,94.703,1.0594000000000001,100,111.47
R2,targeted_original_out_degree,N18,0.1,100,100,18.46,118.46,118.0,109.0,125.0,88.154,1.1845999999999999,100,236.65
R2,targeted_original_out_degree,N18,0.2,100,200,74.35,274.35,274.0,257.0,295.0,72.565,1.37175,100,496.56
R2,targeted_original_out_degree,N19,0.01,100,10,0.0,10.0,10.0,10.0,10.0,99.0,1.0,0,24
R2,targeted_original_out_degree,N19,0.05,100,50,4.9,54.9,55.0,52.0,59.0,94.51,1.098,100,117.11
R2,targeted_original_out_degree,N19,0.1,100,100,21.59,121.59,122.0,117.0,125.0,87.841,1.2159,100,250.73
R2,targeted_original_out_degree,N19,0.2,100,200,65.29,265.29,264.5,248.0,276.0,73.471,1.32645,100,520.36
R2,targeted_original_out_degree,N20,0.01,100,10,0.0,10.0,10.0,10.0,10.0,99.0,1.0,0,34.26
R2,targeted_original_out_degree,N20,0.05,100,50,2.54,52.54,52.0,51.0,56.0,94.746,1.0508,100,144.4
R2,targeted_original_out_degree,N20,0.1,100,100,16.53,116.53,116.0,109.0,121.0,88.347,1.1653,100,269.93
R2,targeted_original_out_degree,N20,0.2,100,200,59.6,259.6,260.0,239.0,276.0,74.04,1.298,100,499.99
R3,random,N01,0.01,100,10,0.06,10.06,10.0,10.0,12.0,98.994,1.006,5,13.82
R3,random,N01,0.05,100,50,0.65,50.65,50.0,50.0,53.0,94.935,1.013,49,69.27
R3,random,N01,0.1,100,100,2.94,102.94,103.0,100.0,109.0,89.706,1.0294,93,137.96
R3,random,N01,0.2,100,200,12.35,212.35,213.0,203.0,221.0,78.765,1.06175,100,279.42
R3,random,N02,0.01,100,10,0.01,10.01,10.0,10.0,11.0,98.999,1.001,1,14.07
R3,random,N02,0.05,100,50,0.69,50.69,50.0,50.0,53.0,94.931,1.0138,49,68.61
R3,random,N02,0.1,100,100,2.58,102.58,102.0,100.0,109.0,89.742,1.0258,88,136.47
R3,random,N02,0.2,100,200,12.13,212.13,212.0,204.0,222.0,78.787,1.06065,100,278.98
R3,random,N03,0.01,100,10,0.03,10.03,10.0,10.0,11.0,98.997,1.0030000000000001,3,13.62
R3,random,N03,0.05,100,50,0.68,50.68,51.0,50.0,53.0,94.932,1.0136,51,69.63
R3,random,N03,0.1,100,100,2.75,102.75,102.0,100.0,108.0,89.725,1.0275,93,136.85
R3,random,N03,0.2,100,200,11.83,211.83,211.0,205.0,223.0,78.817,1.05915,100,278.22
R3,random,N04,0.01,100,10,0.03,10.03,10.0,10.0,11.0,98.997,1.0030000000000001,3,13.62
R3,random,N04,0.05,100,50,0.5,50.5,50.0,50.0,52.0,94.95,1.01,42,66.69
R3,random,N04,0.1,100,100,2.73,102.73,103.0,100.0,109.0,89.727,1.0273,96,134.67
R3,random,N04,0.2,100,200,11.53,211.53,211.0,203.0,222.0,78.847,1.05765,100,275.8
R3,random,N05,0.01,100,10,0.04,10.04,10.0,10.0,11.0,98.996,1.004,4,13.99
R3,random,N05,0.05,100,50,0.7,50.7,50.0,50.0,53.0,94.93,1.014,49,68.59
R3,random,N05,0.1,100,100,3.13,103.13,103.0,100.0,113.0,89.687,1.0313,92,138.36
R3,random,N05,0.2,100,200,11.92,211.92,212.0,204.0,222.0,78.80799999999999,1.0596,100,278.72
R3,random,N06,0.01,100,10,0.01,10.01,10.0,10.0,11.0,98.999,1.001,1,13.27
R3,random,N06,0.05,100,50,0.49,50.49,50.0,50.0,53.0,94.95100000000001,1.0098,37,67.22
R3,random,N06,0.1,100,100,2.5,102.5,102.0,100.0,109.0,89.75,1.025,93,136.3
R3,random,N06,0.2,100,200,11.33,211.33,211.0,203.0,222.0,78.867,1.05665,100,276.32
R3,random,N07,0.01,100,10,0.01,10.01,10.0,10.0,11.0,98.999,1.001,1,13.75
R3,random,N07,0.05,100,50,0.68,50.68,50.0,50.0,54.0,94.932,1.0136,48,68.12
R3,random,N07,0.1,100,100,2.77,102.77,103.0,100.0,107.0,89.723,1.0277,92,137.14
R3,random,N07,0.2,100,200,12.22,212.22,212.0,205.0,222.0,78.778,1.0611,100,276.66
R3,random,N08,0.01,100,10,0.02,10.02,10.0,10.0,11.0,98.998,1.002,2,12.93
R3,random,N08,0.05,100,50,0.68,50.68,50.5,50.0,54.0,94.932,1.0136,50,65.34
R3,random,N08,0.1,100,100,2.39,102.39,102.0,100.0,108.0,89.761,1.0239,92,130
R3,random,N08,0.2,100,200,10.77,210.77,211.0,203.0,220.0,78.923,1.05385,100,264.92
R3,random,N09,0.01,100,10,0.02,10.02,10.0,10.0,11.0,98.998,1.002,2,13.25
R3,random,N09,0.05,100,50,0.86,50.86,51.0,50.0,53.0,94.914,1.0172,60,67.21
R3,random,N09,0.1,100,100,3.14,103.14,103.0,100.0,111.0,89.686,1.0314,98,135.75
R3,random,N09,0.2,100,200,11.83,211.83,211.5,205.0,220.0,78.817,1.05915,100,274.32
R3,random,N10,0.01,100,10,0.05,10.05,10.0,10.0,11.0,98.995,1.005,5,13.98
R3,random,N10,0.05,100,50,0.73,50.73,50.0,50.0,54.0,94.927,1.0146,49,68.53
R3,random,N10,0.1,100,100,2.89,102.89,103.0,100.0,110.0,89.711,1.0289,93,137.2
R3,random,N10,0.2,100,200,12.24,212.24,212.0,205.0,221.0,78.776,1.0612,100,278.33
R3,random,N11,0.01,100,10,0.03,10.03,10.0,10.0,11.0,98.997,1.0030000000000001,3,13.89
R3,random,N11,0.05,100,50,0.69,50.69,50.0,50.0,55.0,94.931,1.0138,47,68.23
R3,random,N11,0.1,100,100,2.85,102.85,103.0,100.0,108.0,89.715,1.0285,89,138.67
R3,random,N11,0.2,100,200,12.36,212.36,212.0,203.0,226.0,78.764,1.0618,100,280.48
R3,random,N12,0.01,100,10,0.04,10.04,10.0,10.0,11.0,98.996,1.004,4,13.89
R3,random,N12,0.05,100,50,0.68,50.68,51.0,50.0,52.0,94.932,1.0136,52,67.7
R3,random,N12,0.1,100,100,2.83,102.83,103.0,100.0,108.0,89.717,1.0283,91,139.28
R3,random,N12,0.2,100,200,12.27,212.27,212.0,203.0,232.0,78.773,1.06135,100,279.89
R3,random,N13,0.01,100,10,0.0,10.0,10.0,10.0,10.0,99.0,1.0,0,13.48
R3,random,N13,0.05,100,50,0.67,50.67,51.0,50.0,53.0,94.933,1.0134,53,68.58
R3,random,N13,0.1,100,100,3.0,103.0,103.0,100.0,109.0,89.7,1.03,95,138.46
R3,random,N13,0.2,100,200,12.36,212.36,212.0,204.0,225.0,78.764,1.0618,100,278.6
R3,random,N14,0.01,100,10,0.01,10.01,10.0,10.0,11.0,98.999,1.001,1,12.93
R3,random,N14,0.05,100,50,0.44,50.44,50.0,50.0,53.0,94.956,1.0088,34,66.15
R3,random,N14,0.1,100,100,2.68,102.68,102.5,100.0,108.0,89.732,1.0268,94,134.15
R3,random,N14,0.2,100,200,11.83,211.83,212.0,204.0,222.0,78.81700000000001,1.05915,100,272.5
R3,random,N15,0.01,100,10,0.02,10.02,10.0,10.0,11.0,98.998,1.002,2,13.52
R3,random,N15,0.05,100,50,0.62,50.62,50.0,50.0,53.0,94.938,1.0124,43,66.43
R3,random,N15,0.1,100,100,2.88,102.88,103.0,100.0,107.0,89.712,1.0288,98,135.82
R3,random,N15,0.2,100,200,11.49,211.49,211.0,203.0,224.0,78.851,1.05745,100,277.68
R3,random,N16,0.01,100,10,0.05,10.05,10.0,10.0,11.0,98.995,1.005,5,13.52
R3,random,N16,0.05,100,50,0.84,50.84,51.0,50.0,54.0,94.916,1.0168,53,67.2
R3,random,N16,0.1,100,100,2.88,102.88,103.0,100.0,106.0,89.712,1.0288,96,136.9
R3,random,N16,0.2,100,200,11.81,211.81,212.0,201.0,226.0,78.819,1.05905,100,276.27
R3,random,N17,0.01,100,10,0.04,10.04,10.0,10.0,11.0,98.996,1.004,4,14.07
R3,random,N17,0.05,100,50,0.59,50.59,50.0,50.0,53.0,94.941,1.0118,42,68.76
R3,random,N17,0.1,100,100,3.01,103.01,103.0,100.0,109.0,89.699,1.0301,94,140.45
R3,random,N17,0.2,100,200,12.44,212.44,212.0,204.0,224.0,78.756,1.0622,100,280.79
R3,random,N18,0.01,100,10,0.01,10.01,10.0,10.0,11.0,98.999,1.001,1,12.59
R3,random,N18,0.05,100,50,0.61,50.61,50.0,50.0,53.0,94.93900000000001,1.0122,43,64.99
R3,random,N18,0.1,100,100,2.72,102.72,102.0,100.0,109.0,89.728,1.0272000000000001,90,129.9
R3,random,N18,0.2,100,200,11.13,211.13,211.0,201.0,221.0,78.887,1.05565,100,268.9
R3,random,N19,0.01,100,10,0.03,10.03,10.0,10.0,11.0,98.997,1.0030000000000001,3,13.78
R3,random,N19,0.05,100,50,0.64,50.64,50.0,50.0,53.0,94.936,1.0128,48,68.92
R3,random,N19,0.1,100,100,3.0,103.0,103.0,100.0,108.0,89.7,1.03,96,140.75
R3,random,N19,0.2,100,200,12.68,212.68,212.0,204.0,224.0,78.732,1.0634,100,284.85
R3,random,N20,0.01,100,10,0.02,10.02,10.0,10.0,11.0,98.998,1.002,2,13.99
R3,random,N20,0.05,100,50,0.69,50.69,50.0,50.0,54.0,94.931,1.0138,46,69.4
R3,random,N20,0.1,100,100,2.87,102.87,102.0,100.0,109.0,89.713,1.0287,92,141.03
R3,random,N20,0.2,100,200,12.45,212.45,212.0,205.0,223.0,78.755,1.06225,100,280.57
R3,targeted_original_out_degree,N01,0.01,100,10,0.08,10.08,10.0,10.0,11.0,98.992,1.008,8,26.39
R3,targeted_original_out_degree,N01,0.05,100,50,4.49,54.49,54.0,53.0,58.0,94.551,1.0898,100,134.68
R3,targeted_original_out_degree,N01,0.1,100,100,15.57,115.57,115.0,114.0,118.0,88.443,1.1557,100,270.34
R3,targeted_original_out_degree,N01,0.2,100,200,52.66,252.66,252.0,241.0,268.0,74.734,1.2633,100,477.73
R3,targeted_original_out_degree,N02,0.01,100,10,0.59,10.59,11.0,10.0,11.0,98.941,1.0590000000000002,59,28.82
R3,targeted_original_out_degree,N02,0.05,100,50,2.82,52.82,53.0,52.0,54.0,94.718,1.0564,100,142.75
R3,targeted_original_out_degree,N02,0.1,100,100,16.95,116.95,117.0,111.0,125.0,88.305,1.1695,100,255.23
R3,targeted_original_out_degree,N02,0.2,100,200,59.62,259.62,260.0,247.0,277.0,74.038,1.2981,100,496.56
R3,targeted_original_out_degree,N03,0.01,100,10,0.0,10.0,10.0,10.0,10.0,99.0,1.0,0,22.52
R3,targeted_original_out_degree,N03,0.05,100,50,4.09,54.09,54.0,54.0,56.0,94.591,1.0818,100,120.68
R3,targeted_original_out_degree,N03,0.1,100,100,10.97,110.97,111.0,107.0,115.0,88.903,1.1097000000000001,100,250.72
R3,targeted_original_out_degree,N03,0.2,100,200,49.66,249.66,249.5,237.0,265.0,75.034,1.2483,100,510.04
R3,targeted_original_out_degree,N04,0.01,100,10,0.0,10.0,10.0,10.0,10.0,99.0,1.0,0,26.34
R3,targeted_original_out_degree,N04,0.05,100,50,1.1,51.1,51.0,50.0,54.0,94.89,1.022,72,114.03
R3,targeted_original_out_degree,N04,0.1,100,100,17.35,117.35,117.0,111.0,123.0,88.265,1.1735,100,243.21
R3,targeted_original_out_degree,N04,0.2,100,200,69.1,269.1,269.0,254.0,291.0,73.09,1.3455,100,471.58
R3,targeted_original_out_degree,N05,0.01,100,10,0.0,10.0,10.0,10.0,10.0,99.0,1.0,0,23.31
R3,targeted_original_out_degree,N05,0.05,100,50,5.95,55.95,56.0,55.0,58.0,94.405,1.119,100,112.08
R3,targeted_original_out_degree,N05,0.1,100,100,11.92,111.92,112.0,108.0,113.0,88.808,1.1192,100,230.26
R3,targeted_original_out_degree,N05,0.2,100,200,53.32,253.32,252.5,236.0,274.0,74.668,1.2666,100,482.59
R3,targeted_original_out_degree,N06,0.01,100,10,0.0,10.0,10.0,10.0,10.0,99.0,1.0,0,26.03
R3,targeted_original_out_degree,N06,0.05,100,50,2.73,52.73,53.0,52.0,55.0,94.727,1.0546,100,123.69
R3,targeted_original_out_degree,N06,0.1,100,100,11.55,111.55,112.0,106.0,115.0,88.845,1.1155,100,242
R3,targeted_original_out_degree,N06,0.2,100,200,52.7,252.7,252.0,241.0,266.0,74.73,1.2635,100,482.13
R3,targeted_original_out_degree,N07,0.01,100,10,0.0,10.0,10.0,10.0,10.0,99.0,1.0,0,24
R3,targeted_original_out_degree,N07,0.05,100,50,4.06,54.06,54.0,53.0,58.0,94.594,1.0812000000000002,100,131.08
R3,targeted_original_out_degree,N07,0.1,100,100,16.97,116.97,117.0,110.0,124.0,88.303,1.1697,100,249.12
R3,targeted_original_out_degree,N07,0.2,100,200,57.26,257.26,257.0,246.0,268.0,74.274,1.2863,100,476.64
R3,targeted_original_out_degree,N08,0.01,100,10,0.0,10.0,10.0,10.0,10.0,99.0,1.0,0,26.47
R3,targeted_original_out_degree,N08,0.05,100,50,1.9,51.9,52.0,51.0,52.0,94.81,1.038,100,126
R3,targeted_original_out_degree,N08,0.1,100,100,8.93,108.93,109.0,104.0,114.0,89.107,1.0893000000000002,100,243.47
R3,targeted_original_out_degree,N08,0.2,100,200,50.54,250.54,250.0,228.0,266.0,74.946,1.2527,100,471.05
R3,targeted_original_out_degree,N09,0.01,100,10,0.0,10.0,10.0,10.0,10.0,99.0,1.0,0,26.81
R3,targeted_original_out_degree,N09,0.05,100,50,3.63,53.63,53.0,53.0,56.0,94.637,1.0726,100,128.59
R3,targeted_original_out_degree,N09,0.1,100,100,13.23,113.23,114.0,107.0,119.0,88.67699999999999,1.1323,100,254.99
R3,targeted_original_out_degree,N09,0.2,100,200,54.41,254.41,254.0,240.0,269.0,74.559,1.27205,100,508.6
R3,targeted_original_out_degree,N10,0.01,100,10,0.0,10.0,10.0,10.0,10.0,99.0,1.0,0,29.65
R3,targeted_original_out_degree,N10,0.05,100,50,4.38,54.38,54.0,54.0,57.0,94.562,1.0876000000000001,100,120.05
R3,targeted_original_out_degree,N10,0.1,100,100,12.85,112.85,113.0,108.0,117.0,88.715,1.1285,100,265.86
R3,targeted_original_out_degree,N10,0.2,100,200,60.87,260.87,261.0,247.0,277.0,73.913,1.30435,100,511.43
R3,targeted_original_out_degree,N11,0.01,100,10,0.0,10.0,10.0,10.0,10.0,99.0,1.0,0,32.62
R3,targeted_original_out_degree,N11,0.05,100,50,4.89,54.89,55.0,53.0,60.0,94.511,1.0978,100,139.23
R3,targeted_original_out_degree,N11,0.1,100,100,29.06,129.06,130.0,118.0,134.0,87.094,1.2906,100,265.67
R3,targeted_original_out_degree,N11,0.2,100,200,80.05,280.05,280.0,261.0,298.0,71.995,1.40025,100,509.64
R3,targeted_original_out_degree,N12,0.01,100,10,0.0,10.0,10.0,10.0,10.0,99.0,1.0,0,24.46
R3,targeted_original_out_degree,N12,0.05,100,50,1.84,51.84,52.0,51.0,54.0,94.816,1.0368,100,123.23
R3,targeted_original_out_degree,N12,0.1,100,100,7.58,107.58,108.0,105.0,109.0,89.242,1.0758,100,249.41
R3,targeted_original_out_degree,N12,0.2,100,200,51.28,251.28,251.0,234.0,273.0,74.872,1.2564,100,483.47
R3,targeted_original_out_degree,N13,0.01,100,10,0.0,10.0,10.0,10.0,10.0,99.0,1.0,0,30.87
R3,targeted_original_out_degree,N13,0.05,100,50,4.45,54.45,54.0,52.0,58.0,94.55499999999999,1.089,100,119.42
R3,targeted_original_out_degree,N13,0.1,100,100,13.59,113.59,114.0,110.0,117.0,88.641,1.1359,100,245.45
R3,targeted_original_out_degree,N13,0.2,100,200,52.83,252.83,252.5,236.0,271.0,74.717,1.2641499999999999,100,495.32
R3,targeted_original_out_degree,N14,0.01,100,10,0.0,10.0,10.0,10.0,10.0,99.0,1.0,0,24.12
R3,targeted_original_out_degree,N14,0.05,100,50,0.0,50.0,50.0,50.0,50.0,95.0,1.0,0,119.72
R3,targeted_original_out_degree,N14,0.1,100,100,11.1,111.1,111.0,107.0,114.0,88.89,1.111,100,233.44
R3,targeted_original_out_degree,N14,0.2,100,200,63.29,263.29,262.0,249.0,280.0,73.671,1.31645,100,493.9
R3,targeted_original_out_degree,N15,0.01,100,10,0.01,10.01,10.0,10.0,11.0,98.999,1.001,1,25.01
R3,targeted_original_out_degree,N15,0.05,100,50,3.55,53.55,53.0,52.0,57.0,94.645,1.071,100,112.46
R3,targeted_original_out_degree,N15,0.1,100,100,12.66,112.66,113.0,107.0,116.0,88.734,1.1266,100,251.29
R3,targeted_original_out_degree,N15,0.2,100,200,68.09,268.09,269.0,246.0,289.0,73.191,1.34045,100,495.91
R3,targeted_original_out_degree,N16,0.01,100,10,0.0,10.0,10.0,10.0,10.0,99.0,1.0,0,23.95
R3,targeted_original_out_degree,N16,0.05,100,50,1.57,51.57,51.0,51.0,54.0,94.843,1.0314,100,108.62
R3,targeted_original_out_degree,N16,0.1,100,100,9.05,109.05,109.0,105.0,111.0,89.095,1.0905,100,237.31
R3,targeted_original_out_degree,N16,0.2,100,200,52.23,252.23,252.0,236.0,271.0,74.777,1.26115,100,471.1
R3,targeted_original_out_degree,N17,0.01,100,10,0.0,10.0,10.0,10.0,10.0,99.0,1.0,0,32.6
R3,targeted_original_out_degree,N17,0.05,100,50,4.47,54.47,54.0,52.0,58.0,94.553,1.0894000000000001,100,128.34
R3,targeted_original_out_degree,N17,0.1,100,100,19.29,119.29,119.0,118.0,122.0,88.071,1.1928999999999998,100,252.71
R3,targeted_original_out_degree,N17,0.2,100,200,68.33,268.33,269.0,251.0,289.0,73.167,1.34165,100,514.66
R3,targeted_original_out_degree,N18,0.01,100,10,0.0,10.0,10.0,10.0,10.0,99.0,1.0,0,25.1
R3,targeted_original_out_degree,N18,0.05,100,50,0.86,50.86,51.0,50.0,51.0,94.914,1.0172,86,111.47
R3,targeted_original_out_degree,N18,0.1,100,100,7.83,107.83,108.0,103.0,112.0,89.217,1.0783,100,236.65
R3,targeted_original_out_degree,N18,0.2,100,200,41.79,241.79,241.0,228.0,255.0,75.821,1.20895,100,496.56
R3,targeted_original_out_degree,N19,0.01,100,10,0.0,10.0,10.0,10.0,10.0,99.0,1.0,0,24
R3,targeted_original_out_degree,N19,0.05,100,50,2.83,52.83,53.0,51.0,57.0,94.717,1.0566,100,117.11
R3,targeted_original_out_degree,N19,0.1,100,100,13.12,113.12,113.0,108.0,117.0,88.688,1.1312,100,250.73
R3,targeted_original_out_degree,N19,0.2,100,200,61.26,261.26,261.0,246.0,271.0,73.874,1.3063,100,520.36
R3,targeted_original_out_degree,N20,0.01,100,10,0.0,10.0,10.0,10.0,10.0,99.0,1.0,0,34.26
R3,targeted_original_out_degree,N20,0.05,100,50,6.73,56.73,56.0,55.0,60.0,94.327,1.1346,100,144.4
R3,targeted_original_out_degree,N20,0.1,100,100,12.94,112.94,113.0,109.0,117.0,88.706,1.1294,100,269.93
R3,targeted_original_out_degree,N20,0.2,100,200,49.97,249.97,250.0,233.0,263.0,75.003,1.24985,100,499.99
