assignment,network_id,redundancy_seed,n,original_edges,added_edges
R2,N01,7000,1000,1565,800
R2,N02,7001,1000,1631,800
R2,N03,7002,1000,1607,800
R2,N04,7003,1000,1643,800
R2,N05,7004,1000,1599,800
R2,N06,7005,1000,1631,800
R2,N07,7006,1000,1612,800
R2,N08,7007,1000,1667,800
R2,N09,7008,1000,1600,800
R2,N10,7009,1000,1594,800
R2,N11,7010,1000,1592,800
R2,N12,7011,1000,1590,800
R2,N13,7012,1000,1598,800
R2,N14,7013,1000,1629,800
R2,N15,7014,1000,1602,800
R2,N16,7015,1000,1599,800
R2,N17,7016,1000,1573,800
R2,N18,7017,1000,1652,800
R2,N19,7018,1000,1542,800
R2,N20,7019,1000,1580,800
R3,N01,8000,1000,1565,800
R3,N02,8001,1000,1631,800
R3,N03,8002,1000,1607,800
R3,N04,8003,1000,1643,800
R3,N05,8004,1000,1599,800
R3,N06,8005,1000,1631,800
R3,N07,8006,1000,1612,800
R3,N08,8007,1000,1667,800
R3,N09,8008,1000,1600,800
R3,N10,8009,1000,1594,800
R3,N11,8010,1000,1592,800
R3,N12,8011,1000,1590,800
R3,N13,8012,1000,1598,800
R3,N14,8013,1000,1629,800
R3,N15,8014,1000,1602,800
R3,N16,8015,1000,1599,800
R3,N17,8016,1000,1573,800
R3,N18,8017,1000,1652,800
R3,N19,8018,1000,1542,800
R3,N20,8019,1000,1580,800
