network_id,n,original_edges,redundant_edges,added_edges,redundancy_seed
N01,1000,1565,2365,800,6000
N02,1000,1631,2431,800,6001
N03,1000,1607,2407,800,6002
N04,1000,1643,2443,800,6003
N05,1000,1599,2399,800,6004
N06,1000,1631,2431,800,6005
N07,1000,1612,2412,800,6006
N08,1000,1667,2467,800,6007
N09,1000,1600,2400,800,6008
N10,1000,1594,2394,800,6009
N11,1000,1592,2392,800,6010
N12,1000,1590,2390,800,6011
N13,1000,1598,2398,800,6012
N14,1000,1629,2429,800,6013
N15,1000,1602,2402,800,6014
N16,1000,1599,2399,800,6015
N17,1000,1573,2373,800,6016
N18,1000,1652,2452,800,6017
N19,1000,1542,2342,800,6018
N20,1000,1580,2380,800,6019
