strategy,version,network_id,shock_fraction,repetitions,initial_failures,mean_additional_failures,mean_total_failures,median_total_failures,min_total_failures,max_total_failures,mean_functional_firms_pct,mean_amplification,shocks_with_cascade
random,original,N01,0.01,100,10,3.82,13.82,14.0,10.0,20.0,98.618,1.382,91
random,redundant,N01,0.01,100,10,0.02,10.02,10.0,10.0,11.0,98.998,1.002,2
random,original,N01,0.05,100,50,19.27,69.27,69.0,57.0,85.0,93.073,1.3854,100
random,redundant,N01,0.05,100,50,0.81,50.81,51.0,50.0,54.0,94.919,1.0162,57
random,original,N01,0.1,100,100,37.96,137.96,137.0,121.0,173.0,86.204,1.3796,100
random,redundant,N01,0.1,100,100,2.87,102.87,103.0,100.0,108.0,89.713,1.0287,90
random,original,N01,0.2,100,200,79.42,279.42,279.5,244.0,310.0,72.05799999999999,1.3971,100
random,redundant,N01,0.2,100,200,12.48,212.48,212.0,204.0,232.0,78.752,1.0624,100
random,original,N02,0.01,100,10,4.07,14.07,13.0,10.0,25.0,98.593,1.407,94
random,redundant,N02,0.01,100,10,0.02,10.02,10.0,10.0,11.0,98.998,1.002,2
random,original,N02,0.05,100,50,18.61,68.61,68.0,54.0,90.0,93.139,1.3722,100
random,redundant,N02,0.05,100,50,0.66,50.66,50.0,50.0,54.0,94.934,1.0132,48
random,original,N02,0.1,100,100,36.47,136.47,136.0,120.0,156.0,86.353,1.3647,100
random,redundant,N02,0.1,100,100,2.95,102.95,103.0,100.0,108.0,89.705,1.0295,93
random,original,N02,0.2,100,200,78.98,278.98,279.0,253.0,327.0,72.102,1.3949,100
random,redundant,N02,0.2,100,200,11.88,211.88,211.0,203.0,226.0,78.812,1.0594,100
random,original,N03,0.01,100,10,3.62,13.62,13.0,10.0,20.0,98.638,1.362,93
random,redundant,N03,0.01,100,10,0.02,10.02,10.0,10.0,11.0,98.998,1.002,2
random,original,N03,0.05,100,50,19.63,69.63,69.0,58.0,90.0,93.037,1.3926,100
random,redundant,N03,0.05,100,50,0.69,50.69,50.0,50.0,54.0,94.931,1.0138,47
random,original,N03,0.1,100,100,36.85,136.85,135.5,115.0,156.0,86.315,1.3685,100
random,redundant,N03,0.1,100,100,2.96,102.96,103.0,100.0,110.0,89.704,1.0296,92
random,original,N03,0.2,100,200,78.22,278.22,277.5,256.0,306.0,72.178,1.3911,100
random,redundant,N03,0.2,100,200,12.46,212.46,212.0,205.0,222.0,78.754,1.0623,100
random,original,N04,0.01,100,10,3.62,13.62,13.0,10.0,21.0,98.638,1.362,95
random,redundant,N04,0.01,100,10,0.04,10.04,10.0,10.0,11.0,98.996,1.004,4
random,original,N04,0.05,100,50,16.69,66.69,66.0,55.0,80.0,93.331,1.3338,100
random,redundant,N04,0.05,100,50,0.7,50.7,50.0,50.0,55.0,94.93,1.014,46
random,original,N04,0.1,100,100,34.67,134.67,134.0,116.0,153.0,86.533,1.3467,100
random,redundant,N04,0.1,100,100,2.6,102.6,102.0,100.0,108.0,89.74,1.026,90
random,original,N04,0.2,100,200,75.8,275.8,274.0,252.0,306.0,72.42,1.379,100
random,redundant,N04,0.2,100,200,10.81,210.81,210.5,205.0,221.0,78.919,1.05405,100
random,original,N05,0.01,100,10,3.99,13.99,14.0,10.0,21.0,98.601,1.399,97
random,redundant,N05,0.01,100,10,0.03,10.03,10.0,10.0,11.0,98.997,1.0030000000000001,3
random,original,N05,0.05,100,50,18.59,68.59,68.0,56.0,90.0,93.141,1.3718,100
random,redundant,N05,0.05,100,50,0.6,50.6,50.0,50.0,54.0,94.94,1.012,43
random,original,N05,0.1,100,100,38.36,138.36,138.0,121.0,158.0,86.164,1.3836,100
random,redundant,N05,0.1,100,100,2.8,102.8,102.0,100.0,110.0,89.72,1.028,94
random,original,N05,0.2,100,200,78.72,278.72,280.0,254.0,304.0,72.128,1.3936,100
random,redundant,N05,0.2,100,200,12.45,212.45,212.0,202.0,225.0,78.755,1.06225,100
random,original,N06,0.01,100,10,3.27,13.27,13.0,10.0,20.0,98.673,1.327,94
random,redundant,N06,0.01,100,10,0.02,10.02,10.0,10.0,11.0,98.998,1.002,2
random,original,N06,0.05,100,50,17.22,67.22,67.0,57.0,79.0,93.278,1.3444,100
random,redundant,N06,0.05,100,50,0.82,50.82,51.0,50.0,54.0,94.918,1.0164,54
random,original,N06,0.1,100,100,36.3,136.3,136.0,117.0,166.0,86.37,1.363,100
random,redundant,N06,0.1,100,100,2.3,102.3,102.0,100.0,107.0,89.77,1.0230000000000001,86
random,original,N06,0.2,100,200,76.32,276.32,275.0,249.0,313.0,72.368,1.3816,100
random,redundant,N06,0.2,100,200,11.66,211.66,211.0,203.0,224.0,78.834,1.0583,100
random,original,N07,0.01,100,10,3.75,13.75,13.0,10.0,24.0,98.625,1.375,91
random,redundant,N07,0.01,100,10,0.03,10.03,10.0,10.0,11.0,98.997,1.0030000000000001,3
random,original,N07,0.05,100,50,18.12,68.12,68.0,56.0,84.0,93.188,1.3624,100
random,redundant,N07,0.05,100,50,0.65,50.65,50.0,50.0,53.0,94.935,1.013,48
random,original,N07,0.1,100,100,37.14,137.14,136.0,119.0,167.0,86.286,1.3714,100
random,redundant,N07,0.1,100,100,2.78,102.78,102.0,100.0,108.0,89.722,1.0278,95
random,original,N07,0.2,100,200,76.66,276.66,277.5,249.0,323.0,72.334,1.3833,100
random,redundant,N07,0.2,100,200,11.54,211.54,211.0,202.0,227.0,78.846,1.0577,100
random,original,N08,0.01,100,10,2.93,12.93,12.5,10.0,23.0,98.707,1.293,88
random,redundant,N08,0.01,100,10,0.03,10.03,10.0,10.0,11.0,98.997,1.0030000000000001,3
random,original,N08,0.05,100,50,15.34,65.34,65.0,54.0,85.0,93.466,1.3068,100
random,redundant,N08,0.05,100,50,0.51,50.51,50.0,50.0,54.0,94.949,1.0102,40
random,original,N08,0.1,100,100,30.0,130.0,128.0,113.0,149.0,87.0,1.3,100
random,redundant,N08,0.1,100,100,2.37,102.37,102.0,100.0,107.0,89.763,1.0237,87
random,original,N08,0.2,100,200,64.92,264.92,265.0,237.0,286.0,73.508,1.3246,100
random,redundant,N08,0.2,100,200,10.85,210.85,211.0,204.0,226.0,78.915,1.05425,100
random,original,N09,0.01,100,10,3.25,13.25,13.0,10.0,20.0,98.675,1.325,95
random,redundant,N09,0.01,100,10,0.02,10.02,10.0,10.0,11.0,98.998,1.002,2
random,original,N09,0.05,100,50,17.21,67.21,67.0,56.0,83.0,93.279,1.3442,100
random,redundant,N09,0.05,100,50,0.84,50.84,51.0,50.0,53.0,94.916,1.0168,57
random,original,N09,0.1,100,100,35.75,135.75,134.0,118.0,165.0,86.425,1.3575,100
random,redundant,N09,0.1,100,100,2.68,102.68,103.0,100.0,108.0,89.732,1.0268,90
random,original,N09,0.2,100,200,74.32,274.32,274.0,244.0,306.0,72.568,1.3716,100
random,redundant,N09,0.2,100,200,11.94,211.94,211.0,204.0,224.0,78.806,1.0597,100
random,original,N10,0.01,100,10,3.98,13.98,14.0,10.0,27.0,98.602,1.398,91
random,redundant,N10,0.01,100,10,0.01,10.01,10.0,10.0,11.0,98.999,1.001,1
random,original,N10,0.05,100,50,18.53,68.53,68.0,56.0,95.0,93.147,1.3706,100
random,redundant,N10,0.05,100,50,0.79,50.79,50.5,50.0,54.0,94.921,1.0158,50
random,original,N10,0.1,100,100,37.2,137.2,136.0,119.0,156.0,86.28,1.372,100
random,redundant,N10,0.1,100,100,3.01,103.01,103.0,100.0,111.0,89.699,1.0301,94
random,original,N10,0.2,100,200,78.33,278.33,278.0,253.0,321.0,72.167,1.39165,100
random,redundant,N10,0.2,100,200,12.4,212.4,212.0,203.0,222.0,78.76,1.062,100
random,original,N11,0.01,100,10,3.89,13.89,13.0,10.0,25.0,98.611,1.389,95
random,redundant,N11,0.01,100,10,0.05,10.05,10.0,10.0,11.0,98.995,1.005,5
random,original,N11,0.05,100,50,18.23,68.23,68.0,54.0,87.0,93.177,1.3646,100
random,redundant,N11,0.05,100,50,0.69,50.69,50.0,50.0,54.0,94.931,1.0138,48
random,original,N11,0.1,100,100,38.67,138.67,138.5,121.0,165.0,86.133,1.3867,100
random,redundant,N11,0.1,100,100,2.94,102.94,103.0,100.0,108.0,89.706,1.0294,89
random,original,N11,0.2,100,200,80.48,280.48,280.0,246.0,314.0,71.952,1.4024,100
random,redundant,N11,0.2,100,200,12.1,212.1,211.0,205.0,223.0,78.79,1.0605,100
random,original,N12,0.01,100,10,3.89,13.89,14.0,10.0,22.0,98.611,1.389,89
random,redundant,N12,0.01,100,10,0.03,10.03,10.0,10.0,11.0,98.997,1.0030000000000001,3
random,original,N12,0.05,100,50,17.7,67.7,67.0,56.0,81.0,93.23,1.354,100
random,redundant,N12,0.05,100,50,0.58,50.58,50.0,50.0,53.0,94.94200000000001,1.0116,42
random,original,N12,0.1,100,100,39.28,139.28,140.0,117.0,161.0,86.072,1.3928,100
random,redundant,N12,0.1,100,100,3.28,103.28,103.0,100.0,108.0,89.672,1.0328,92
random,original,N12,0.2,100,200,79.89,279.89,279.0,250.0,312.0,72.011,1.39945,100
random,redundant,N12,0.2,100,200,11.47,211.47,212.0,204.0,219.0,78.853,1.05735,100
random,original,N13,0.01,100,10,3.48,13.48,13.0,10.0,23.0,98.652,1.348,92
random,redundant,N13,0.01,100,10,0.03,10.03,10.0,10.0,11.0,98.997,1.0030000000000001,3
random,original,N13,0.05,100,50,18.58,68.58,68.0,58.0,86.0,93.142,1.3716,100
random,redundant,N13,0.05,100,50,0.64,50.64,50.0,50.0,54.0,94.936,1.0128,46
random,original,N13,0.1,100,100,38.46,138.46,138.0,121.0,159.0,86.154,1.3846,100
random,redundant,N13,0.1,100,100,2.78,102.78,102.5,100.0,108.0,89.722,1.0278,88
random,original,N13,0.2,100,200,78.6,278.6,279.0,254.0,311.0,72.14,1.393,100
random,redundant,N13,0.2,100,200,12.04,212.04,211.0,205.0,222.0,78.796,1.0602,100
random,original,N14,0.01,100,10,2.93,12.93,13.0,10.0,18.0,98.70700000000001,1.293,91
random,redundant,N14,0.01,100,10,0.01,10.01,10.0,10.0,11.0,98.999,1.001,1
random,original,N14,0.05,100,50,16.15,66.15,66.0,54.0,80.0,93.385,1.323,100
random,redundant,N14,0.05,100,50,0.73,50.73,50.0,50.0,54.0,94.927,1.0146,48
random,original,N14,0.1,100,100,34.15,134.15,133.5,114.0,160.0,86.585,1.3415,100
random,redundant,N14,0.1,100,100,3.08,103.08,103.0,100.0,111.0,89.692,1.0308,96
random,original,N14,0.2,100,200,72.5,272.5,270.0,241.0,308.0,72.75,1.3625,100
random,redundant,N14,0.2,100,200,11.12,211.12,210.0,202.0,224.0,78.888,1.0556,100
random,original,N15,0.01,100,10,3.52,13.52,13.0,10.0,21.0,98.648,1.352,94
random,redundant,N15,0.01,100,10,0.05,10.05,10.0,10.0,11.0,98.995,1.005,5
random,original,N15,0.05,100,50,16.43,66.43,66.0,55.0,78.0,93.357,1.3286,100
random,redundant,N15,0.05,100,50,0.66,50.66,50.5,50.0,53.0,94.934,1.0132,50
random,original,N15,0.1,100,100,35.82,135.82,137.0,120.0,158.0,86.418,1.3582,100
random,redundant,N15,0.1,100,100,2.73,102.73,102.0,100.0,108.0,89.727,1.0273,96
random,original,N15,0.2,100,200,77.68,277.68,276.5,250.0,315.0,72.232,1.3884,100
random,redundant,N15,0.2,100,200,11.61,211.61,212.0,204.0,221.0,78.839,1.05805,100
random,original,N16,0.01,100,10,3.52,13.52,13.0,10.0,20.0,98.648,1.352,94
random,redundant,N16,0.01,100,10,0.02,10.02,10.0,10.0,11.0,98.998,1.002,2
random,original,N16,0.05,100,50,17.2,67.2,66.5,58.0,84.0,93.28,1.344,100
random,redundant,N16,0.05,100,50,0.73,50.73,50.0,50.0,54.0,94.927,1.0146,47
random,original,N16,0.1,100,100,36.9,136.9,136.0,116.0,161.0,86.31,1.369,100
random,redundant,N16,0.1,100,100,2.74,102.74,102.0,100.0,109.0,89.726,1.0274,94
random,original,N16,0.2,100,200,76.27,276.27,275.0,253.0,325.0,72.373,1.38135,100
random,redundant,N16,0.2,100,200,11.82,211.82,212.0,204.0,227.0,78.818,1.0591,100
random,original,N17,0.01,100,10,4.07,14.07,14.0,10.0,26.0,98.593,1.407,95
random,redundant,N17,0.01,100,10,0.03,10.03,10.0,10.0,11.0,98.997,1.0030000000000001,3
random,original,N17,0.05,100,50,18.76,68.76,68.5,57.0,91.0,93.124,1.3752,100
random,redundant,N17,0.05,100,50,0.61,50.61,50.0,50.0,54.0,94.93900000000001,1.0122,44
random,original,N17,0.1,100,100,40.45,140.45,140.0,122.0,168.0,85.955,1.4045,100
random,redundant,N17,0.1,100,100,3.03,103.03,103.0,100.0,108.0,89.697,1.0303,94
random,original,N17,0.2,100,200,80.79,280.79,280.0,260.0,313.0,71.921,1.40395,100
random,redundant,N17,0.2,100,200,12.2,212.2,212.0,205.0,220.0,78.78,1.061,100
random,original,N18,0.01,100,10,2.59,12.59,12.0,10.0,22.0,98.741,1.259,86
random,redundant,N18,0.01,100,10,0.01,10.01,10.0,10.0,11.0,98.999,1.001,1
random,original,N18,0.05,100,50,14.99,64.99,64.5,53.0,78.0,93.501,1.2998,100
random,redundant,N18,0.05,100,50,0.62,50.62,50.0,50.0,53.0,94.938,1.0124,47
random,original,N18,0.1,100,100,29.9,129.9,129.0,114.0,149.0,87.01,1.299,100
random,redundant,N18,0.1,100,100,2.31,102.31,102.0,100.0,108.0,89.769,1.0231000000000001,83
random,original,N18,0.2,100,200,68.9,268.9,269.0,242.0,301.0,73.11,1.3445,100
random,redundant,N18,0.2,100,200,10.83,210.83,211.0,204.0,219.0,78.917,1.05415,100
random,original,N19,0.01,100,10,3.78,13.78,13.0,10.0,26.0,98.622,1.3780000000000001,90
random,redundant,N19,0.01,100,10,0.01,10.01,10.0,10.0,11.0,98.999,1.001,1
random,original,N19,0.05,100,50,18.92,68.92,68.5,57.0,85.0,93.108,1.3784,100
random,redundant,N19,0.05,100,50,0.58,50.58,50.5,50.0,53.0,94.94200000000001,1.0116,50
random,original,N19,0.1,100,100,40.75,140.75,140.0,118.0,166.0,85.925,1.4075,100
random,redundant,N19,0.1,100,100,2.99,102.99,103.0,100.0,107.0,89.701,1.0299,96
random,original,N19,0.2,100,200,84.85,284.85,285.0,251.0,325.0,71.515,1.42425,100
random,redundant,N19,0.2,100,200,12.78,212.78,212.0,203.0,225.0,78.722,1.0639,100
random,original,N20,0.01,100,10,3.99,13.99,13.0,10.0,27.0,98.601,1.399,92
random,redundant,N20,0.01,100,10,0.03,10.03,10.0,10.0,11.0,98.997,1.0030000000000001,3
random,original,N20,0.05,100,50,19.4,69.4,69.0,57.0,91.0,93.06,1.388,100
random,redundant,N20,0.05,100,50,0.64,50.64,50.0,50.0,54.0,94.936,1.0128,44
random,original,N20,0.1,100,100,41.03,141.03,141.0,122.0,165.0,85.897,1.4103,100
random,redundant,N20,0.1,100,100,3.21,103.21,103.0,100.0,110.0,89.679,1.0321,96
random,original,N20,0.2,100,200,80.57,280.57,280.0,249.0,316.0,71.943,1.40285,100
random,redundant,N20,0.2,100,200,12.67,212.67,212.0,204.0,223.0,78.733,1.06335,100
targeted_original_out_degree,original,N01,0.01,100,10,16.39,26.39,26.0,20.0,33.0,97.361,2.6390000000000002,100
targeted_original_out_degree,redundant,N01,0.01,100,10,0.04,10.04,10.0,10.0,11.0,98.996,1.004,4
targeted_original_out_degree,original,N01,0.05,100,50,84.68,134.68,135.0,120.0,154.0,86.532,2.6936,100
targeted_original_out_degree,redundant,N01,0.05,100,50,3.54,53.54,54.0,52.0,56.0,94.646,1.0708,100
targeted_original_out_degree,original,N01,0.1,100,100,170.34,270.34,270.0,267.0,277.0,72.966,2.7034000000000002,100
targeted_original_out_degree,redundant,N01,0.1,100,100,11.29,111.29,111.0,110.0,116.0,88.87100000000001,1.1129,100
targeted_original_out_degree,original,N01,0.2,100,200,277.73,477.73,477.0,448.0,502.0,52.227,2.38865,100
targeted_original_out_degree,redundant,N01,0.2,100,200,54.43,254.43,255.0,241.0,274.0,74.557,1.27215,100
targeted_original_out_degree,original,N02,0.01,100,10,18.82,28.82,31.0,22.0,34.0,97.118,2.882,100
targeted_original_out_degree,redundant,N02,0.01,100,10,0.0,10.0,10.0,10.0,10.0,99.0,1.0,0
targeted_original_out_degree,original,N02,0.05,100,50,92.75,142.75,143.0,136.0,150.0,85.725,2.855,100
targeted_original_out_degree,redundant,N02,0.05,100,50,5.55,55.55,55.0,54.0,58.0,94.44500000000001,1.111,100
targeted_original_out_degree,original,N02,0.1,100,100,155.23,255.23,255.0,237.0,276.0,74.477,2.5523,100
targeted_original_out_degree,redundant,N02,0.1,100,100,15.54,115.54,116.0,109.0,121.0,88.446,1.1554,100
targeted_original_out_degree,original,N02,0.2,100,200,296.56,496.56,496.0,460.0,529.0,50.344,2.4828,100
targeted_original_out_degree,redundant,N02,0.2,100,200,60.87,260.87,261.0,246.0,273.0,73.913,1.30435,100
targeted_original_out_degree,original,N03,0.01,100,10,12.52,22.52,22.0,18.0,28.0,97.748,2.2520000000000002,100
targeted_original_out_degree,redundant,N03,0.01,100,10,0.0,10.0,10.0,10.0,10.0,99.0,1.0,0
targeted_original_out_degree,original,N03,0.05,100,50,70.68,120.68,121.0,117.0,126.0,87.932,2.4135999999999997,100
targeted_original_out_degree,redundant,N03,0.05,100,50,2.08,52.08,52.0,51.0,54.0,94.792,1.0416,100
targeted_original_out_degree,original,N03,0.1,100,100,150.72,250.72,250.0,237.0,267.0,74.928,2.5072,100
targeted_original_out_degree,redundant,N03,0.1,100,100,12.21,112.21,112.5,105.0,118.0,88.779,1.1221,100
targeted_original_out_degree,original,N03,0.2,100,200,310.04,510.04,509.5,477.0,546.0,48.996,2.5502,100
targeted_original_out_degree,redundant,N03,0.2,100,200,63.5,263.5,264.0,246.0,281.0,73.65,1.3175,100
targeted_original_out_degree,original,N04,0.01,100,10,16.34,26.34,27.0,21.0,33.0,97.366,2.634,100
targeted_original_out_degree,redundant,N04,0.01,100,10,0.0,10.0,10.0,10.0,10.0,99.0,1.0,0
targeted_original_out_degree,original,N04,0.05,100,50,64.03,114.03,114.0,106.0,123.0,88.597,2.2805999999999997,100
targeted_original_out_degree,redundant,N04,0.05,100,50,1.69,51.69,52.0,51.0,56.0,94.831,1.0338,100
targeted_original_out_degree,original,N04,0.1,100,100,143.21,243.21,244.0,225.0,258.0,75.679,2.4321,100
targeted_original_out_degree,redundant,N04,0.1,100,100,12.42,112.42,113.0,106.0,117.0,88.758,1.1242,100
targeted_original_out_degree,original,N04,0.2,100,200,271.58,471.58,471.0,435.0,501.0,52.842,2.3579,100
targeted_original_out_degree,redundant,N04,0.2,100,200,58.71,258.71,259.0,238.0,278.0,74.129,1.29355,100
targeted_original_out_degree,original,N05,0.01,100,10,13.31,23.31,23.5,19.0,26.0,97.669,2.331,100
targeted_original_out_degree,redundant,N05,0.01,100,10,0.0,10.0,10.0,10.0,10.0,99.0,1.0,0
targeted_original_out_degree,original,N05,0.05,100,50,62.08,112.08,111.5,104.0,122.0,88.792,2.2416,100
targeted_original_out_degree,redundant,N05,0.05,100,50,4.12,54.12,54.0,53.0,57.0,94.588,1.0824,100
targeted_original_out_degree,original,N05,0.1,100,100,130.26,230.26,231.0,221.0,241.0,76.974,2.3026,100
targeted_original_out_degree,redundant,N05,0.1,100,100,14.83,114.83,115.0,111.0,118.0,88.517,1.1482999999999999,100
targeted_original_out_degree,original,N05,0.2,100,200,282.59,482.59,482.0,456.0,515.0,51.741,2.41295,100
targeted_original_out_degree,redundant,N05,0.2,100,200,51.87,251.87,251.0,240.0,272.0,74.813,1.25935,100
targeted_original_out_degree,original,N06,0.01,100,10,16.03,26.03,26.0,21.0,32.0,97.397,2.603,100
targeted_original_out_degree,redundant,N06,0.01,100,10,0.0,10.0,10.0,10.0,10.0,99.0,1.0,0
targeted_original_out_degree,original,N06,0.05,100,50,73.69,123.69,123.0,114.0,136.0,87.631,2.4737999999999998,100
targeted_original_out_degree,redundant,N06,0.05,100,50,7.06,57.06,57.0,55.0,59.0,94.294,1.1412,100
targeted_original_out_degree,original,N06,0.1,100,100,142.0,242.0,242.5,222.0,259.0,75.8,2.42,100
targeted_original_out_degree,redundant,N06,0.1,100,100,17.69,117.69,118.0,113.0,122.0,88.231,1.1768999999999998,100
targeted_original_out_degree,original,N06,0.2,100,200,282.13,482.13,483.0,452.0,511.0,51.787,2.41065,100
targeted_original_out_degree,redundant,N06,0.2,100,200,46.6,246.6,246.0,234.0,258.0,75.34,1.233,100
targeted_original_out_degree,original,N07,0.01,100,10,14.0,24.0,24.0,24.0,24.0,97.6,2.4,100
targeted_original_out_degree,redundant,N07,0.01,100,10,0.0,10.0,10.0,10.0,10.0,99.0,1.0,0
targeted_original_out_degree,original,N07,0.05,100,50,81.08,131.08,131.0,124.0,141.0,86.892,2.6216,100
targeted_original_out_degree,redundant,N07,0.05,100,50,3.18,53.18,53.0,53.0,55.0,94.682,1.0636,100
targeted_original_out_degree,original,N07,0.1,100,100,149.12,249.12,250.0,228.0,267.0,75.088,2.4912,100
targeted_original_out_degree,redundant,N07,0.1,100,100,9.17,109.17,109.0,105.0,113.0,89.083,1.0917000000000001,100
targeted_original_out_degree,original,N07,0.2,100,200,276.64,476.64,476.0,441.0,500.0,52.336,2.3832,100
targeted_original_out_degree,redundant,N07,0.2,100,200,56.39,256.39,256.0,241.0,270.0,74.361,1.28195,100
targeted_original_out_degree,original,N08,0.01,100,10,16.47,26.47,26.5,18.0,34.0,97.353,2.6470000000000002,100
targeted_original_out_degree,redundant,N08,0.01,100,10,1.52,11.52,12.0,11.0,12.0,98.848,1.152,100
targeted_original_out_degree,original,N08,0.05,100,50,76.0,126.0,127.0,117.0,130.0,87.4,2.52,100
targeted_original_out_degree,redundant,N08,0.05,100,50,4.7,54.7,55.0,53.0,55.0,94.53,1.094,100
targeted_original_out_degree,original,N08,0.1,100,100,143.47,243.47,244.0,219.0,258.0,75.653,2.4347,100
targeted_original_out_degree,redundant,N08,0.1,100,100,12.2,112.2,112.0,108.0,116.0,88.78,1.122,100
targeted_original_out_degree,original,N08,0.2,100,200,271.05,471.05,470.0,443.0,503.0,52.895,2.35525,100
targeted_original_out_degree,redundant,N08,0.2,100,200,54.2,254.2,254.0,236.0,272.0,74.58,1.271,100
targeted_original_out_degree,original,N09,0.01,100,10,16.81,26.81,27.0,24.0,30.0,97.319,2.681,100
targeted_original_out_degree,redundant,N09,0.01,100,10,0.57,10.57,11.0,10.0,11.0,98.943,1.057,57
targeted_original_out_degree,original,N09,0.05,100,50,78.59,128.59,128.0,118.0,146.0,87.141,2.5718,100
targeted_original_out_degree,redundant,N09,0.05,100,50,2.73,52.73,52.0,51.0,56.0,94.727,1.0546,100
targeted_original_out_degree,original,N09,0.1,100,100,154.99,254.99,254.0,227.0,275.0,74.501,2.5499,100
targeted_original_out_degree,redundant,N09,0.1,100,100,11.55,111.55,111.0,106.0,120.0,88.845,1.1155,100
targeted_original_out_degree,original,N09,0.2,100,200,308.6,508.6,508.5,480.0,536.0,49.14,2.543,100
targeted_original_out_degree,redundant,N09,0.2,100,200,63.27,263.27,263.0,248.0,282.0,73.673,1.31635,100
targeted_original_out_degree,original,N10,0.01,100,10,19.65,29.65,29.0,28.0,33.0,97.035,2.965,100
targeted_original_out_degree,redundant,N10,0.01,100,10,0.02,10.02,10.0,10.0,11.0,98.998,1.002,2
targeted_original_out_degree,original,N10,0.05,100,50,70.05,120.05,119.5,113.0,132.0,87.995,2.401,100
targeted_original_out_degree,redundant,N10,0.05,100,50,5.53,55.53,55.0,55.0,58.0,94.447,1.1106,100
targeted_original_out_degree,original,N10,0.1,100,100,165.86,265.86,267.0,243.0,288.0,73.414,2.6586,100
targeted_original_out_degree,redundant,N10,0.1,100,100,17.83,117.83,117.5,114.0,123.0,88.217,1.1783,100
targeted_original_out_degree,original,N10,0.2,100,200,311.43,511.43,511.0,483.0,536.0,48.857,2.55715,100
targeted_original_out_degree,redundant,N10,0.2,100,200,57.78,257.78,258.0,248.0,273.0,74.222,1.2889,100
targeted_original_out_degree,original,N11,0.01,100,10,22.62,32.62,33.0,29.0,37.0,96.738,3.262,100
targeted_original_out_degree,redundant,N11,0.01,100,10,0.0,10.0,10.0,10.0,10.0,99.0,1.0,0
targeted_original_out_degree,original,N11,0.05,100,50,89.23,139.23,139.0,126.0,151.0,86.077,2.7845999999999997,100
targeted_original_out_degree,redundant,N11,0.05,100,50,0.95,50.95,51.0,50.0,53.0,94.905,1.0190000000000001,61
targeted_original_out_degree,original,N11,0.1,100,100,165.67,265.67,266.0,254.0,275.0,73.43299999999999,2.6567,100
targeted_original_out_degree,redundant,N11,0.1,100,100,18.33,118.33,118.0,113.0,122.0,88.167,1.1833,100
targeted_original_out_degree,original,N11,0.2,100,200,309.64,509.64,510.0,465.0,549.0,49.036,2.5482,100
targeted_original_out_degree,redundant,N11,0.2,100,200,70.7,270.7,270.0,254.0,295.0,72.93,1.3535,100
targeted_original_out_degree,original,N12,0.01,100,10,14.46,24.46,24.0,22.0,26.0,97.554,2.446,100
targeted_original_out_degree,redundant,N12,0.01,100,10,0.0,10.0,10.0,10.0,10.0,99.0,1.0,0
targeted_original_out_degree,original,N12,0.05,100,50,73.23,123.23,122.5,110.0,143.0,87.677,2.4646,100
targeted_original_out_degree,redundant,N12,0.05,100,50,2.65,52.65,52.5,51.0,56.0,94.735,1.053,100
targeted_original_out_degree,original,N12,0.1,100,100,149.41,249.41,249.0,237.0,259.0,75.059,2.4941,100
targeted_original_out_degree,redundant,N12,0.1,100,100,11.85,111.85,112.0,109.0,114.0,88.815,1.1185,100
targeted_original_out_degree,original,N12,0.2,100,200,283.47,483.47,485.0,442.0,510.0,51.653,2.41735,100
targeted_original_out_degree,redundant,N12,0.2,100,200,44.29,244.29,245.0,230.0,260.0,75.571,1.22145,100
targeted_original_out_degree,original,N13,0.01,100,10,20.87,30.87,31.0,29.0,34.0,96.913,3.087,100
targeted_original_out_degree,redundant,N13,0.01,100,10,1.0,11.0,11.0,11.0,11.0,98.9,1.1,100
targeted_original_out_degree,original,N13,0.05,100,50,69.42,119.42,119.0,108.0,137.0,88.058,2.3884,100
targeted_original_out_degree,redundant,N13,0.05,100,50,4.35,54.35,54.0,52.0,57.0,94.565,1.087,100
targeted_original_out_degree,original,N13,0.1,100,100,145.45,245.45,246.5,227.0,257.0,75.455,2.4545,100
targeted_original_out_degree,redundant,N13,0.1,100,100,14.52,114.52,115.0,110.0,118.0,88.548,1.1452,100
targeted_original_out_degree,original,N13,0.2,100,200,295.32,495.32,496.0,455.0,530.0,50.468,2.4766,100
targeted_original_out_degree,redundant,N13,0.2,100,200,61.3,261.3,261.0,243.0,281.0,73.87,1.3065,100
targeted_original_out_degree,original,N14,0.01,100,10,14.12,24.12,24.0,21.0,27.0,97.588,2.412,100
targeted_original_out_degree,redundant,N14,0.01,100,10,0.0,10.0,10.0,10.0,10.0,99.0,1.0,0
targeted_original_out_degree,original,N14,0.05,100,50,69.72,119.72,120.0,115.0,122.0,88.028,2.3944,100
targeted_original_out_degree,redundant,N14,0.05,100,50,1.94,51.94,52.0,51.0,52.0,94.806,1.0388,100
targeted_original_out_degree,original,N14,0.1,100,100,133.44,233.44,234.0,225.0,244.0,76.656,2.3344,100
targeted_original_out_degree,redundant,N14,0.1,100,100,13.92,113.92,114.0,110.0,117.0,88.608,1.1392,100
targeted_original_out_degree,original,N14,0.2,100,200,293.9,493.9,493.5,469.0,524.0,50.61,2.4695,100
targeted_original_out_degree,redundant,N14,0.2,100,200,57.95,257.95,257.0,245.0,279.0,74.205,1.28975,100
targeted_original_out_degree,original,N15,0.01,100,10,15.01,25.01,25.0,22.0,29.0,97.499,2.501,100
targeted_original_out_degree,redundant,N15,0.01,100,10,0.0,10.0,10.0,10.0,10.0,99.0,1.0,0
targeted_original_out_degree,original,N15,0.05,100,50,62.46,112.46,112.0,100.0,130.0,88.754,2.2492,100
targeted_original_out_degree,redundant,N15,0.05,100,50,1.27,51.27,51.0,50.0,54.0,94.873,1.0254,71
targeted_original_out_degree,original,N15,0.1,100,100,151.29,251.29,252.0,224.0,267.0,74.871,2.5129,100
targeted_original_out_degree,redundant,N15,0.1,100,100,6.35,106.35,107.0,102.0,109.0,89.365,1.0635000000000001,100
targeted_original_out_degree,original,N15,0.2,100,200,295.91,495.91,497.0,454.0,527.0,50.409,2.47955,100
targeted_original_out_degree,redundant,N15,0.2,100,200,52.61,252.61,253.0,241.0,272.0,74.739,1.26305,100
targeted_original_out_degree,original,N16,0.01,100,10,13.95,23.95,24.0,23.0,25.0,97.605,2.395,100
targeted_original_out_degree,redundant,N16,0.01,100,10,0.0,10.0,10.0,10.0,10.0,99.0,1.0,0
targeted_original_out_degree,original,N16,0.05,100,50,58.62,108.62,109.0,99.0,119.0,89.138,2.1724,100
targeted_original_out_degree,redundant,N16,0.05,100,50,1.18,51.18,51.0,50.0,55.0,94.882,1.0236,72
targeted_original_out_degree,original,N16,0.1,100,100,137.31,237.31,238.0,222.0,251.0,76.269,2.3731,100
targeted_original_out_degree,redundant,N16,0.1,100,100,9.16,109.16,109.0,105.0,113.0,89.084,1.0916000000000001,100
targeted_original_out_degree,original,N16,0.2,100,200,271.1,471.1,471.5,430.0,504.0,52.89,2.3555,100
targeted_original_out_degree,redundant,N16,0.2,100,200,45.74,245.74,245.5,230.0,260.0,75.426,1.2287,100
targeted_original_out_degree,original,N17,0.01,100,10,22.6,32.6,33.0,28.0,41.0,96.74,3.26,100
targeted_original_out_degree,redundant,N17,0.01,100,10,0.01,10.01,10.0,10.0,11.0,98.999,1.001,1
targeted_original_out_degree,original,N17,0.05,100,50,78.34,128.34,128.0,114.0,141.0,87.166,2.5668,100
targeted_original_out_degree,redundant,N17,0.05,100,50,3.33,53.33,53.0,51.0,58.0,94.667,1.0666,100
targeted_original_out_degree,original,N17,0.1,100,100,152.71,252.71,252.0,250.0,263.0,74.729,2.5271,100
targeted_original_out_degree,redundant,N17,0.1,100,100,14.39,114.39,114.0,114.0,117.0,88.56099999999999,1.1439,100
targeted_original_out_degree,original,N17,0.2,100,200,314.66,514.66,516.0,478.0,547.0,48.534,2.5733,100
targeted_original_out_degree,redundant,N17,0.2,100,200,68.31,268.31,268.0,246.0,293.0,73.169,1.34155,100
targeted_original_out_degree,original,N18,0.01,100,10,15.1,25.1,25.0,21.0,30.0,97.49,2.51,100
targeted_original_out_degree,redundant,N18,0.01,100,10,0.0,10.0,10.0,10.0,10.0,99.0,1.0,0
targeted_original_out_degree,original,N18,0.05,100,50,61.47,111.47,112.0,107.0,115.0,88.853,2.2294,100
targeted_original_out_degree,redundant,N18,0.05,100,50,1.83,51.83,52.0,51.0,52.0,94.817,1.0366,100
targeted_original_out_degree,original,N18,0.1,100,100,136.65,236.65,236.5,216.0,255.0,76.335,2.3665,100
targeted_original_out_degree,redundant,N18,0.1,100,100,8.66,108.66,109.0,104.0,113.0,89.134,1.0866,100
targeted_original_out_degree,original,N18,0.2,100,200,296.56,496.56,497.0,462.0,524.0,50.344,2.4828,100
targeted_original_out_degree,redundant,N18,0.2,100,200,60.47,260.47,261.0,237.0,277.0,73.953,1.30235,100
targeted_original_out_degree,original,N19,0.01,100,10,14.0,24.0,24.0,24.0,24.0,97.6,2.4,100
targeted_original_out_degree,redundant,N19,0.01,100,10,0.0,10.0,10.0,10.0,10.0,99.0,1.0,0
targeted_original_out_degree,original,N19,0.05,100,50,67.11,117.11,117.0,102.0,131.0,88.289,2.3422,100
targeted_original_out_degree,redundant,N19,0.05,100,50,4.22,54.22,54.0,53.0,57.0,94.578,1.0844,100
targeted_original_out_degree,original,N19,0.1,100,100,150.73,250.73,252.0,234.0,265.0,74.927,2.5073,100
targeted_original_out_degree,redundant,N19,0.1,100,100,13.06,113.06,113.0,110.0,116.0,88.694,1.1306,100
targeted_original_out_degree,original,N19,0.2,100,200,320.36,520.36,521.0,486.0,553.0,47.964,2.6018,100
targeted_original_out_degree,redundant,N19,0.2,100,200,63.69,263.69,263.0,243.0,282.0,73.631,1.3184500000000001,100
targeted_original_out_degree,original,N20,0.01,100,10,24.26,34.26,37.0,24.0,41.0,96.574,3.426,100
targeted_original_out_degree,redundant,N20,0.01,100,10,0.0,10.0,10.0,10.0,10.0,99.0,1.0,0
targeted_original_out_degree,original,N20,0.05,100,50,94.4,144.4,144.0,131.0,163.0,85.56,2.888,100
targeted_original_out_degree,redundant,N20,0.05,100,50,2.77,52.77,53.0,51.0,57.0,94.723,1.0554000000000001,100
targeted_original_out_degree,original,N20,0.1,100,100,169.93,269.93,271.0,253.0,283.0,73.007,2.6993,100
targeted_original_out_degree,redundant,N20,0.1,100,100,17.32,117.32,117.5,112.0,122.0,88.268,1.1732,100
targeted_original_out_degree,original,N20,0.2,100,200,299.99,499.99,501.0,469.0,530.0,50.001,2.49995,100
targeted_original_out_degree,redundant,N20,0.2,100,200,67.47,267.47,267.0,256.0,283.0,73.253,1.33735,100
